,property_type,society,sector,price,price_per_sqft,bedRoom,bathroom,balcony,floorNum,agePossession,built_up_area,study room,servant room,store room,pooja room,others,furnishing_type,luxury_score,coordinates,latitude,longitude
0,flat,shapoorji pallonji joyville gurugram,sector 102,1.75,9449.0,3,3,3,10.0,Moderately Old,1465.0,1,1,0,1,1,0,49,"28.4750° N, 76.9715° E",28.475,76.9715
1,flat,godrej aria,sector 79,1.7,7427.0,3,4,3+,6.0,New Property,1659.0,0,1,0,0,0,0,81,"28.3624° N, 76.9787° E",28.3624,76.9787
2,flat,alpha corp gurgaonone,sector 84,1.15,7497.0,2,2,3,8.0,Moderately Old,1361.0,1,0,0,0,0,1,37,"28.3979° N, 76.9736° E",28.3979,76.9736
3,flat,orris carnation residency,sector 85,0.55,5789.0,2,2,2,5.0,Moderately Old,1050.0,0,0,0,0,1,0,174,"28.4042° N, 76.9513° E",28.4042,76.9513
4,flat,umang winter hills,sector 77,0.86,6408.0,2,2,2,16.0,New Property,1214.0,0,0,0,0,0,1,79,"28.3801° N, 76.9845° E",28.3801,76.9845
5,flat,ats triumph,sector 104,2.0,8734.0,3,4,3+,4.0,Moderately Old,2072.0,0,1,0,0,0,0,60,"28.4788° N, 76.9960° E",28.4788,76.996
6,flat,shree vardhman flora,sector 90,0.9,4615.0,3,4,3,4.0,Moderately Old,1765.0,0,1,0,0,0,0,165,"28.4085° N, 76.9369° E",28.4085,76.9369
7,flat,indiabulls enigma,sector 110,3.25,9559.0,4,4,3,11.0,Moderately Old,3077.0,0,1,0,0,1,0,125,"28.5145° N, 77.0197° E",28.5145,77.0197
8,flat,rof ananda,sector 95,0.37,5745.0,3,2,1,6.0,Moderately Old,716.0,0,0,0,1,0,1,72,"28.4172° N, 76.9081° E",28.4172,76.9081
9,flat,bestech park view sanskruti,sector 92,1.6,8020.0,3,4,3+,10.0,Moderately Old,1615.0,0,1,0,0,1,1,174,"28.4079° N, 76.9153° E",28.4079,76.9153
10,flat,sidhartha ncr greens,sector 95,0.6,5576.0,2,2,2,14.0,Moderately Old,974.0,1,0,0,0,0,0,31,"28.4172° N, 76.9081° E",28.4172,76.9081
11,flat,dlf the primus,sector 82a,2.55,11219.0,4,4,3+,14.0,Moderately Old,1773.0,0,0,0,0,0,2,44,"28.3858° N, 76.9686° E",28.3858,76.9686
12,flat,tulip petals,sector 89,1.55,10000.0,3,2,3,6.0,Moderately Old,1403.0,0,0,1,0,0,1,111,"28.4253° N, 76.9439° E",28.4253,76.9439
13,flat,bptp terra,sector 37d,1.65,7531.0,4,3,3+,6.0,Moderately Old,2091.0,0,0,0,0,0,1,149,"28.4478° N, 76.9703° E",28.4478,76.9703
14,house,independent,sector 7,2.25,15625.0,3,3,2,2.0,Old Property,1440.0,0,0,0,0,0,1,27,"28.4644° N, 77.0143° E",28.4644,77.0143
15,flat,orris carnation residency,sector 85,0.8,4857.0,3,4,3,4.0,Moderately Old,1390.0,0,1,0,0,0,1,40,"28.4042° N, 76.9513° E",28.4042,76.9513
16,house,ansals palam vihar,sector 2,2.75,17662.0,3,3,3,2.0,Old Property,1557.0,1,0,0,1,0,1,15,"28.5095° N, 77.0320° E",28.5095,77.032
17,house,vipul tatvam villa,sector 48,7.69,24069.0,4,5,3,2.0,Old Property,3195.0,1,1,1,1,0,1,110,"28.4177° N, 77.0359° E",28.4177,77.0359
18,flat,godrej nature plus,sector 33,1.3,8349.0,3,2,3+,18.0,New Property,1409.0,0,0,0,0,0,0,38,"28.4420° N, 77.0207° E",28.442,77.0207
19,flat,corona gracieux,sector 76,0.75,5660.0,2,2,3,13.0,Moderately Old,1199.0,0,0,0,0,0,1,0,"28.3935° N, 76.9888° E",28.3935,76.9888
20,flat,smart world gems,sector 89,1.13,8503.0,3,3,2,4.0,Moderately Old,1473.0,1,0,0,0,0,0,115,"28.4253° N, 76.9439° E",28.4253,76.9439
21,flat,birla navya,sector 63a,3.3,15349.0,3,3,3,4.0,Moderately Old,1640.0,0,1,0,0,0,0,52,"28.3923° N, 77.0888° E",28.3923,77.0888
22,flat,emaar gurgaon greens,sector 102,1.42,8606.0,3,3,3,7.0,Moderately Old,1315.0,0,1,0,0,0,0,128,"28.4750° N, 76.9715° E",28.475,76.9715
23,house,international city by sobha phase 2,sector 109,7.0,11240.0,5,5,3+,2.0,Moderately Old,6228.0,0,1,0,0,0,0,129,"28.5073° N, 77.0089° E",28.5073,77.0089
24,house,independent,sector 1,4.75,10556.0,6,7,0,4.0,Old Property,4500.0,0,0,0,0,0,0,0,"28.3663° N, 76.9456° E",28.3663,76.9456
25,flat,signature global solera,sector 107,0.29,5930.0,2,2,2,3.0,Moderately Old,543.0,0,0,0,0,0,0,45,"28.5052° N, 76.9729° E",28.5052,76.9729
26,flat,ireo the corridors,sector 67a,1.8,9370.0,3,3,2,3.0,New Property,1551.0,1,0,1,0,0,1,150,"28.3960° N, 77.0372° E",28.396,77.0372
27,flat,dlf the primus,sector 82a,1.85,10176.0,3,3,3,15.0,Moderately Old,1677.0,0,0,0,0,1,0,38,"28.3858° N, 76.9686° E",28.3858,76.9686
28,flat,tarc maceo,sector 91,0.89,6339.0,2,2,3+,9.0,Moderately Old,1302.0,0,0,0,0,1,1,13,"28.4014° N, 76.9225° E",28.4014,76.9225
29,flat,emaar mgf palm hills,sector 77,1.9,9500.0,3,4,3+,6.0,New Property,1582.0,0,1,0,0,0,1,42,"28.3801° N, 76.9845° E",28.3801,76.9845
30,flat,godrej frontier,sector 80,1.4,6189.0,3,4,2,6.0,Moderately Old,1922.0,0,1,0,1,0,0,111,"28.3659° N, 76.9557° E",28.3659,76.9557
31,flat,experion the heartsong,sector 108,0.97,9238.0,2,2,3,10.0,Moderately Old,1167.0,0,1,0,0,0,0,165,"28.5134° N, 76.9830° E",28.5134,76.983
32,flat,hsiidc sidco shivalik apartments,manesar,0.6,4000.0,3,2,2,5.0,Moderately Old,1277.0,0,0,0,0,0,0,80,"28.3515° N, 76.9428° E",28.3515,76.9428
33,house,birla navya,sector 63a,3.85,15437.0,3,3,3+,4.0,New Property,2771.0,0,1,0,0,0,1,160,"28.3923° N, 77.0888° E",28.3923,77.0888
34,flat,satya element one,sector 49,0.87,19333.0,1,1,1,2.0,Moderately Old,500.0,0,0,0,0,0,0,22,"28.4121° N, 77.0480° E",28.4121,77.048
35,flat,dlf the skycourt,sector 86,1.54,9222.0,3,3,3+,15.0,Moderately Old,1780.0,0,1,0,0,0,0,174,"28.3986° N, 76.9384° E",28.3986,76.9384
36,flat,m3m capital,sector 113,3.25,14143.0,4,4,3+,34.0,Moderately Old,2553.0,1,1,0,1,0,0,115,"28.5287° N, 77.0233° E",28.5287,77.0233
37,flat,bptp terra,sector 37d,1.8,8215.0,4,3,3,18.0,Moderately Old,2025.0,1,1,0,1,0,0,49,"28.4478° N, 76.9703° E",28.4478,76.9703
38,house,independent,sector 47,5.25,11667.0,9,9,3+,4.0,Moderately Old,4650.0,0,1,0,0,0,1,142,"28.4276° N, 77.0492° E",28.4276,77.0492
39,flat,smart world orchard,sector 61,1.6,13913.0,2,2,2,4.0,Under Construction,1278.0,0,0,0,0,0,0,16,"28.4050° N, 77.0963° E",28.405,77.0963
40,flat,imperia the esfera,sector 37c,0.99,5455.0,3,4,3,9.0,Moderately Old,1660.0,0,1,0,0,0,0,49,"28.4515° N, 76.9882° E",28.4515,76.9882
41,flat,paras dews,sector 106,1.2,6818.0,3,4,3+,9.0,Moderately Old,1186.0,0,1,0,0,0,0,174,"28.5007° N, 77.0003° E",28.5007,77.0003
42,flat,emaar palm gardens,sector 83,3.15,8400.0,5,7,3+,15.0,Moderately Old,3200.0,0,1,0,0,0,1,165,"28.3986° N, 76.9647° E",28.3986,76.9647
43,flat,ats tourmaline,sector 109,2.1,8124.0,3,4,3+,11.0,Moderately Old,2100.0,0,1,0,0,0,1,165,"28.5073° N, 77.0089° E",28.5073,77.0089
44,flat,suncity vatsal valley,gwal pahari,1.0,13333.0,2,2,2,3.0,New Property,833.0,0,0,0,0,0,1,13,"28.4484° N, 77.0210° E",28.4484,77.021
45,house,independent,sector 55,4.6,21296.0,3,3,3+,2.0,Old Property,2160.0,0,1,1,1,0,1,37,"28.4281° N, 77.1100° E",28.4281,77.11
46,house,saksham welfare association,sector 22,4.7,19848.0,6,6,3+,2.0,Old Property,170.0,0,0,1,1,0,1,106,"28.5072° N, 77.0640° E",28.5072,77.064
47,house,independent,sector 3,0.68,3875.0,5,3,0,1.0,Old Property,1755.0,0,0,0,0,0,0,0,"28.4909° N, 77.0176° E",28.4909,77.0176
48,flat,satya element one,sector 49,0.94,14009.0,1,2,2,2.0,Moderately Old,746.0,0,0,0,0,0,0,0,"28.4121° N, 77.0480° E",28.4121,77.048
49,house,sobha city,sector 108,10.5,14323.0,5,4,3+,1.0,Moderately Old,7331.0,0,0,0,0,0,0,59,"28.5134° N, 76.9830° E",28.5134,76.983
50,flat,hsiidc sidco aravali,manesar,0.9,3478.0,3,3,3+,8.0,Moderately Old,1900.0,0,1,0,0,0,0,23,"28.3515° N, 76.9428° E",28.3515,76.9428
51,flat,emaar palm gardens,sector 83,1.55,9012.0,3,3,3,4.0,Moderately Old,1400.0,0,1,0,0,0,1,174,"28.3986° N, 76.9647° E",28.3986,76.9647
52,house,international city by sobha phase 2,sector 109,7.0,12963.0,4,4,3+,2.0,Moderately Old,5400.0,0,0,0,0,0,1,102,"28.5073° N, 77.0089° E",28.5073,77.0089
53,house,independent,sector 13,4.5,9091.0,4,5,2,2.0,Old Property,4950.0,0,0,0,0,0,0,0,"28.4757° N, 77.0392° E",28.4757,77.0392
54,flat,ss the leaf,sector 85,1.31,7988.0,2,2,2,5.0,Moderately Old,1822.0,0,1,0,0,0,0,89,"28.4042° N, 76.9513° E",28.4042,76.9513
55,house,eros rosewood city,sector 49,4.05,20769.0,3,3,3,2.0,Old Property,2000.0,0,1,1,0,0,0,46,"28.4121° N, 77.0480° E",28.4121,77.048
56,flat,experion the heartsong,sector 108,0.93,6078.0,2,3,3,10.0,Moderately Old,1161.0,0,0,0,0,0,0,81,"28.5134° N, 76.9830° E",28.5134,76.983
57,flat,vatika independent floors,sector 82,1.16,6988.0,3,3,3+,1.0,Moderately Old,1844.0,0,1,1,1,0,1,151,"28.3935° N, 76.9600° E",28.3935,76.96
58,flat,dlf the grove,sector 54,5.7,41245.0,3,3,3,1.0,Moderately Old,1382.0,0,0,0,0,0,0,46,"28.4348° N, 77.1089° E",28.4348,77.1089
59,flat,signature global city 81,sector 81,0.89,8279.0,2,2,2,3.0,Moderately Old,1194.0,0,0,0,0,1,0,20,"28.3867° N, 76.9485° E",28.3867,76.9485
60,flat,godrej oasis,sector 88a,2.65,16751.0,3,3,3+,10.0,New Property,138.0,0,0,0,0,0,0,110,"28.4347° N, 76.9557° E",28.4347,76.9557
61,flat,emaar mgf the palm drive,sector 66,3.5,16471.0,3,4,3,6.0,Moderately Old,2150.0,0,1,0,0,0,0,68,"28.3925° N, 77.0541° E",28.3925,77.0541
62,flat,emaar imperial gardens,sector 102,1.98,9900.0,3,3,3+,9.0,Moderately Old,2222.0,0,1,0,0,0,1,72,"28.4750° N, 76.9715° E",28.475,76.9715
63,flat,m3m woodshire,sector 107,1.65,5961.0,4,5,3+,12.0,Moderately Old,2505.0,0,1,0,0,0,0,21,"28.5052° N, 76.9729° E",28.5052,76.9729
64,flat,raheja revanta,sector 78,4.75,16886.0,3,3,2,31.0,Moderately Old,2813.0,0,1,0,0,0,0,100,"28.3733° N, 76.9729° E",28.3733,76.9729
65,flat,sbtl caladium,sector 109,1.9,6219.0,4,4,3,8.0,Moderately Old,2765.0,0,1,0,0,0,0,151,"28.5073° N, 77.0089° E",28.5073,77.0089
66,flat,parsvnath green ville,sector 48,1.6,8377.0,3,3,3+,8.0,Old Property,1895.0,0,0,0,0,1,1,49,"28.4177° N, 77.0359° E",28.4177,77.0359
67,flat,m3m skywalk,sector 74,2.2,10902.0,3,3,3,12.0,New Property,1826.0,1,0,0,0,0,1,15,"28.4158° N, 77.0118° E",28.4158,77.0118
68,house,unitech nirvana birch court,sector 50,6.8,31481.0,4,4,3+,2.0,Old Property,2160.0,1,1,0,1,0,0,105,"28.4178° N, 77.0628° E",28.4178,77.0628
69,flat,shree kirpalu gi sector 52,sector 52,1.45,7632.0,3,3,3+,7.0,Moderately Old,1800.0,0,0,0,0,1,1,108,"28.4379° N, 77.0785° E",28.4379,77.0785
70,flat,signature global city,sector 37d,1.1,9839.0,2,2,2,4.0,Moderately Old,1242.0,0,0,0,0,0,0,59,"28.4478° N, 76.9703° E",28.4478,76.9703
71,house,ansal sushant lok plots,sector 43,5.8,29974.0,6,6,3,2.0,Moderately Old,1935.0,0,1,0,0,1,1,49,"28.4629° N, 77.0772° E",28.4629,77.0772
72,flat,ild greens,sector 37c,1.0,4320.0,3,3,3+,5.0,Under Construction,1697.0,0,0,0,0,0,0,51,"28.4515° N, 76.9882° E",28.4515,76.9882
73,flat,orchid petals,sector 49,1.9,10526.0,3,3,3,2.0,Old Property,1600.0,0,0,0,0,1,1,49,"28.4121° N, 77.0480° E",28.4121,77.048
74,flat,ss almeria,sector 84,1.5,7500.0,3,3,3,2.0,New Property,1849.0,0,1,0,0,0,0,108,"28.3979° N, 76.9736° E",28.3979,76.9736
75,house,independent,sector 4,1.9,8444.0,4,3,2,2.0,Old Property,211.0,0,0,1,1,0,1,46,"28.4738° N, 77.0107° E",28.4738,77.0107
76,house,independent,sector 4,3.25,14444.0,3,3,2,2.0,Old Property,2250.0,0,0,0,0,0,0,27,"28.4738° N, 77.0107° E",28.4738,77.0107
77,house,independent,sector 28,0.7,8102.0,2,2,0,2.0,Old Property,864.0,0,0,0,0,0,0,7,"28.4728° N, 77.0865° E",28.4728,77.0865
78,flat,unitech fresco,sector 50,1.88,10479.0,3,3,3+,14.0,Moderately Old,1790.0,0,0,0,0,1,1,174,"28.4178° N, 77.0628° E",28.4178,77.0628
79,flat,pioneer araya,sector 62,9.14,19488.0,4,6,3,16.0,Moderately Old,3932.0,1,1,1,0,0,1,146,"28.4139° N, 77.0886° E",28.4139,77.0886
80,flat,vatika city,sector 49,1.69,8622.0,3,3,3,3.0,Moderately Old,2178.0,0,0,0,1,0,0,136,"28.4121° N, 77.0480° E",28.4121,77.048
81,flat,deepak minda,manesar,1.2,4528.0,3,3,3+,6.0,Moderately Old,2944.0,0,1,0,0,0,0,7,"28.3515° N, 76.9428° E",28.3515,76.9428
82,house,vipul tatvam villa,sector 48,8.5,21250.0,4,5,3+,2.0,Old Property,4000.0,1,1,0,1,1,1,49,"28.4177° N, 77.0359° E",28.4177,77.0359
83,flat,vatika the seven lamps,sector 82,0.94,6532.0,2,2,3+,9.0,Moderately Old,1299.0,1,0,0,0,0,1,117,"28.3935° N, 76.9600° E",28.3935,76.96
84,flat,pyramid urban,sector 67a,0.53,8968.0,2,2,1,6.0,Moderately Old,657.0,0,0,0,0,1,1,49,"28.3960° N, 77.0372° E",28.396,77.0372
85,flat,emaar palm gardens,sector 83,1.8,9474.0,3,3,3,6.0,Moderately Old,1549.0,0,1,0,0,0,1,97,"28.3986° N, 76.9647° E",28.3986,76.9647
86,flat,bestech park view residency,sector 2,0.95,6709.0,2,2,3,10.0,Old Property,1573.0,0,0,0,0,0,1,88,"28.5095° N, 77.0320° E",28.5095,77.032
87,house,independent,sector 43,9.85,29642.0,5,5,2,3.0,Old Property,418.0,1,1,0,1,0,0,21,"28.4629° N, 77.0772° E",28.4629,77.0772
88,house,emaar mgf marbella,sector 66,9.01,16066.0,4,4,3+,3.0,Moderately Old,5574.7,0,1,1,0,0,0,122,"28.3925° N, 77.0541° E",28.3925,77.0541
89,house,vipul tatvam villa,sector 48,8.5,26235.0,4,4,2,0.2,Old Property,3240.0,0,1,1,1,0,0,88,"28.4177° N, 77.0359° E",28.4177,77.0359
90,flat,godrej,sector 79,1.33,8531.0,2,2,3,6.0,Moderately Old,1411.0,1,0,0,0,0,0,158,"28.3624° N, 76.9787° E",28.3624,76.9787
91,flat,antriksh heights,sector 84,0.89,4369.0,3,3,3,8.0,Moderately Old,1833.0,0,0,0,1,0,0,67,"28.3979° N, 76.9736° E",28.3979,76.9736
92,flat,ss the leaf,sector 85,1.05,6402.0,2,2,3,11.0,Moderately Old,1484.0,0,0,0,0,0,0,44,"28.4042° N, 76.9513° E",28.4042,76.9513
93,flat,adani brahma samsara vilasa,sector 63,4.49,14254.0,4,4,3+,3.0,New Property,389.0,0,0,0,0,0,1,96,"28.3971° N, 77.0867° E",28.3971,77.0867
94,flat,uphaar homes,sector 105,0.45,4737.0,3,2,1,1.0,Moderately Old,1056.0,0,0,0,0,0,1,44,"28.4952° N, 77.0114° E",28.4952,77.0114
95,flat,indiabulls centrum park,sector 103,1.33,8581.0,3,3,3+,8.0,Moderately Old,1671.0,1,0,0,0,0,0,150,"28.4949° N, 76.9845° E",28.4949,76.9845
96,flat,tulip monsella,sector 53,5.6,19364.0,3,3,3+,1.0,Moderately Old,2617.0,0,0,0,0,0,0,42,"28.4433° N, 77.0948° E",28.4433,77.0948
97,flat,dlf belvedere towers,sector 25,3.4,13765.0,4,4,3,1.0,Old Property,2744.0,0,1,0,0,0,0,26,"28.4844° N, 77.0860° E",28.4844,77.086
98,flat,orris aster court premier,sector 85,1.73,6758.0,4,5,3+,8.0,Moderately Old,2017.0,0,1,0,0,0,0,16,"28.4042° N, 76.9513° E",28.4042,76.9513
99,house,independent,sector 57,3.3,19097.0,4,4,2,3.0,Old Property,1728.0,0,0,1,0,0,1,60,"28.4232° N, 77.0752° E",28.4232,77.0752
100,house,independent,sector 26,20.0,44444.0,5,7,3+,3.0,Moderately Old,4500.0,0,1,0,1,0,2,97,"28.4757° N, 77.1032° E",28.4757,77.1032
101,flat,dlf new town heights,sector 90,1.65,5684.0,4,4,3+,7.0,Moderately Old,2468.0,0,0,0,0,0,0,117,"28.4085° N, 76.9369° E",28.4085,76.9369
102,flat,smart world orchard,sector 61,2.3,14110.0,3,3,2,2.0,Moderately Old,1475.0,1,0,0,0,0,0,79,"28.4050° N, 77.0963° E",28.405,77.0963
103,flat,experion the heartsong,sector 108,1.25,9259.0,3,3,3,1.0,Moderately Old,1500.0,0,1,0,1,0,0,174,"28.5134° N, 76.9830° E",28.5134,76.983
104,flat,m3m skycity,sector 65,2.0,15267.0,2,2,2,16.0,New Property,1186.0,0,0,0,0,0,1,174,"28.4030° N, 77.0690° E",28.403,77.069
105,flat,dlf regal gardens,sector 90,1.3,7151.0,3,3,3+,7.0,Moderately Old,1700.0,0,0,0,0,0,0,141,"28.4085° N, 76.9369° E",28.4085,76.9369
106,flat,bestech park view residency,sector 2,1.59,8281.0,3,4,3+,11.0,Moderately Old,1738.0,0,1,0,0,0,0,100,"28.5095° N, 77.0320° E",28.5095,77.032
107,flat,emaar imperial gardens,sector 102,2.05,9875.0,3,4,3+,14.0,Moderately Old,2250.0,0,1,0,0,0,0,116,"28.4750° N, 76.9715° E",28.475,76.9715
108,flat,smartworld one dxp,sector 113,2.0,11074.0,3,3,3,12.0,Moderately Old,1806.0,0,0,0,0,0,0,70,"28.5287° N, 77.0233° E",28.5287,77.0233
109,flat,signature global solera,sector 107,0.36,5980.0,2,2,1,7.0,Moderately Old,598.0,0,0,0,0,1,0,49,"28.5052° N, 76.9729° E",28.5052,76.9729
110,flat,ramprastha the edge towers,sector 37d,1.0,5650.0,3,3,3+,13.0,Moderately Old,1602.0,0,0,0,0,0,0,38,"28.4478° N, 76.9703° E",28.4478,76.9703
111,house,independent,sector 69,0.8,10485.0,1,1,0,1.0,New Property,763.0,0,0,0,0,0,0,0,"28.3966° N, 77.0341° E",28.3966,77.0341
112,flat,shree vardhman flora,sector 90,0.65,6792.0,2,2,3,9.0,Moderately Old,1050.0,1,0,0,0,0,0,67,"28.4085° N, 76.9369° E",28.4085,76.9369
113,flat,m3m skywalk,sector 74,1.6,9512.0,2,2,2,26.0,Moderately Old,1508.0,0,0,0,0,0,1,158,"28.4158° N, 77.0118° E",28.4158,77.0118
114,flat,signature global infinity mall,sector 36,0.41,6269.0,2,2,3,3.0,New Property,654.0,0,0,0,0,0,0,0,"28.4160° N, 76.9914° E",28.416,76.9914
115,flat,vatika the seven lamps,sector 82,0.81,6193.0,2,2,2,15.0,Moderately Old,1176.0,0,0,0,0,0,1,117,"28.3935° N, 76.9600° E",28.3935,76.96
116,flat,cghs airport apartment,sector 47,1.8,6000.0,4,4,3+,4.0,Moderately Old,2857.0,0,0,1,0,0,1,120,"28.4276° N, 77.0492° E",28.4276,77.0492
117,flat,pareena coban residences,sector 99a,1.23,6159.0,3,5,3,5.0,Moderately Old,1807.0,0,1,0,0,0,0,99,"28.4561° N, 76.9542° E",28.4561,76.9542
118,flat,unitech vistas,sector 70,0.99,6326.0,3,4,2,11.0,Under Construction,1416.0,0,0,0,0,0,0,0,"28.3968° N, 77.0233° E",28.3968,77.0233
119,flat,ats kocoon,sector 109,2.15,10263.0,3,4,3,9.0,Moderately Old,1896.0,0,1,0,0,0,0,97,"28.5073° N, 77.0089° E",28.5073,77.0089
120,house,"nirmal enclave, maruti kunj road",sector 11,0.24,5333.0,2,2,0,2.0,Moderately Old,450.0,0,0,0,0,0,0,0,"28.4531° N, 77.0202° E",28.4531,77.0202
121,flat,ss the leaf,sector 85,2.1,7468.0,4,4,3,7.0,Moderately Old,2600.0,1,1,0,1,0,0,49,"28.4042° N, 76.9513° E",28.4042,76.9513
122,flat,bestech park view sanskruti,sector 92,1.55,7568.0,3,4,3,16.0,Moderately Old,1805.0,0,1,0,0,0,1,60,"28.4079° N, 76.9153° E",28.4079,76.9153
123,flat,sare crescent parc,sector 92,1.44,7069.0,4,4,3,8.0,Moderately Old,2267.0,0,0,0,0,0,0,37,"28.4079° N, 76.9153° E",28.4079,76.9153
124,flat,tulip ivory,sector 70,2.0,8333.0,4,5,3+,7.0,Moderately Old,2169.0,0,1,0,0,0,1,174,"28.3968° N, 77.0233° E",28.3968,77.0233
125,flat,shree vardhman victoria,sector 70,1.6,8205.0,3,5,3,6.0,Moderately Old,1527.0,0,1,0,0,0,0,108,"28.3968° N, 77.0233° E",28.3968,77.0233
126,flat,conscient heritage max,sector 102,2.2,10237.0,3,4,3+,20.0,Moderately Old,1186.0,1,1,0,0,0,1,45,"28.4750° N, 76.9715° E",28.475,76.9715
127,house,rattan garden,sector 7,1.3,13499.0,2,3,2,3.0,Old Property,963.0,0,0,0,0,0,0,0,"28.4644° N, 77.0143° E",28.4644,77.0143
128,flat,the lions cghs,sector 56,1.99,11056.0,4,4,3+,4.0,Old Property,2000.0,0,0,0,1,1,1,105,"28.4245° N, 77.0991° E",28.4245,77.0991
129,flat,park view apartments,sector 15,1.6,11034.0,3,3,3+,2.0,Moderately Old,1611.0,0,0,0,1,0,0,56,"28.4621° N, 77.0464° E",28.4621,77.0464
130,flat,eros wembley estate,sector 50,1.4,10174.0,3,3,2,9.0,Moderately Old,1245.0,0,0,1,0,0,1,117,"28.4178° N, 77.0628° E",28.4178,77.0628
131,flat,puri diplomatic greens,sector 111,3.45,11695.0,4,5,3+,9.0,Moderately Old,2670.0,0,1,0,0,0,0,68,"28.5238° N, 77.0320° E",28.5238,77.032
132,flat,smart world orchard,sector 61,1.47,12250.0,2,2,2,2.0,Moderately Old,1333.0,1,0,0,0,0,0,76,"28.4050° N, 77.0963° E",28.405,77.0963
133,flat,sare crescent parc,sector 92,1.0,5128.0,4,3,2,1.0,Moderately Old,2167.0,0,0,0,0,0,0,49,"28.4079° N, 76.9153° E",28.4079,76.9153
134,flat,housing board colony,sector 51,0.3,4630.0,1,1,0,0.0,Moderately Old,80.0,1,0,0,0,0,0,15,"28.4320° N, 77.0686° E",28.432,77.0686
135,flat,new sathi apartments,sector 54,1.59,7067.0,3,3,3+,3.0,Moderately Old,2250.0,1,0,0,0,0,1,127,"28.4348° N, 77.1089° E",28.4348,77.1089
136,house,independent,sector 2,2.95,15989.0,4,4,3+,2.0,Old Property,1845.0,0,0,0,0,0,0,27,"28.5095° N, 77.0320° E",28.5095,77.032
137,flat,m3m golfestate,sector 65,6.15,18331.0,3,4,2,20.0,Moderately Old,3355.0,0,0,0,0,0,0,34,"28.4030° N, 77.0690° E",28.403,77.069
138,house,independent,sector 36,0.66,7166.0,2,2,3,4.0,New Property,823.0,0,0,0,0,0,0,0,"28.4160° N, 76.9914° E",28.416,76.9914
139,house,independent,sector 37d,1.16,7537.0,1,1,0,1.0,Moderately Old,1535.0,0,0,0,0,0,0,0,"28.4478° N, 76.9703° E",28.4478,76.9703
140,flat,indiabulls enigma,sector 110,4.0,9850.0,4,4,3,17.0,New Property,3350.0,0,0,0,0,0,0,59,"28.5145° N, 77.0197° E",28.5145,77.0197
141,flat,parsvnath exotica,sector 53,4.8,16580.0,3,4,3+,8.0,Moderately Old,2500.0,0,1,0,1,1,1,174,"28.4433° N, 77.0948° E",28.4433,77.0948
142,flat,raheja vanya,sector 99a,0.85,6789.0,2,2,2,3.0,New Property,1133.0,0,0,0,0,0,0,43,"28.4561° N, 76.9542° E",28.4561,76.9542
143,flat,dlf the skycourt,sector 86,1.56,8087.0,3,4,3+,17.0,Moderately Old,1580.0,0,0,1,0,0,0,174,"28.3986° N, 76.9384° E",28.3986,76.9384
144,flat,ss the leaf,sector 85,1.1,6318.0,2,2,3+,3.0,Moderately Old,1464.0,0,0,1,0,0,0,143,"28.4042° N, 76.9513° E",28.4042,76.9513
145,flat,paras dews,sector 106,1.0,7220.0,2,2,3+,2.0,New Property,940.0,0,0,0,0,0,1,21,"28.5007° N, 77.0003° E",28.5007,77.0003
146,house,vatika india next,sector 82,7.0,21605.0,4,4,3+,3.0,Moderately Old,3900.0,0,1,0,0,0,2,105,"28.3935° N, 76.9600° E",28.3935,76.96
147,house,independent,sector 55,1.64,10123.0,3,3,2,4.0,New Property,1620.0,1,1,0,0,0,1,54,"28.4281° N, 77.1100° E",28.4281,77.11
148,house,experion windchants,sector 112,9.5,23457.0,5,5,3,2.0,Moderately Old,7450.0,0,1,0,0,0,0,45,"28.5189° N, 77.0183° E",28.5189,77.0183
149,house,tata primanti,sector 72,8.6,12286.0,4,5,3+,3.0,Moderately Old,7000.0,0,0,0,0,0,1,30,"28.4225° N, 77.0211° E",28.4225,77.0211
150,flat,indiabulls enigma,sector 110,3.7,10882.0,4,5,3,7.0,Moderately Old,3077.0,0,1,0,0,0,0,156,"28.5145° N, 77.0197° E",28.5145,77.0197
151,flat,emaar mgf emerald floors premier,sector 65,2.7,16364.0,3,3,3,5.0,Moderately Old,1833.0,0,1,1,0,0,1,108,"28.4030° N, 77.0690° E",28.403,77.069
152,flat,dlf ridgewood estate,sector 28,2.0,14599.0,3,3,1,12.0,Old Property,1240.0,0,0,0,0,0,1,96,"28.4728° N, 77.0865° E",28.4728,77.0865
153,flat,vatika inxt floors,sector 82a,1.25,8333.0,3,2,3,2.0,Moderately Old,1667.0,1,0,0,1,0,1,94,"28.3858° N, 76.9686° E",28.3858,76.9686
154,flat,green court,sector 90,0.47,6812.0,2,2,1,0.0,New Property,767.0,0,0,0,0,0,0,49,"28.4085° N, 76.9369° E",28.4085,76.9369
155,flat,zara aavaas,sector 104,0.4,7030.0,2,2,1,14.0,Moderately Old,515.0,0,0,0,0,0,0,38,"28.4788° N, 76.9960° E",28.4788,76.996
156,flat,signature global city 81,sector 81,0.8,14652.0,2,2,2,4.0,Moderately Old,607.0,1,0,0,0,0,0,36,"28.3867° N, 76.9485° E",28.3867,76.9485
157,flat,experion the heartsong,sector 108,1.3,8344.0,3,3,3+,7.0,Moderately Old,1661.0,1,0,0,0,0,0,150,"28.5134° N, 76.9830° E",28.5134,76.983
158,house,emaar mgf marbella,sector 66,11.0,33951.0,5,6,3+,2.0,New Property,3240.0,1,1,1,1,0,1,153,"28.3925° N, 77.0541° E",28.3925,77.0541
159,flat,alpha corp gurgaonone,sector 84,1.49,7590.0,3,3,3,6.0,Moderately Old,1833.0,0,1,0,0,0,0,28,"28.3979° N, 76.9736° E",28.3979,76.9736
160,flat,chintels paradiso,sector 109,2.0,7605.0,4,4,2,11.0,Moderately Old,2380.0,0,1,0,1,0,0,64,"28.5073° N, 77.0089° E",28.5073,77.0089
161,flat,shree arihant apartment,sector 54,1.55,8611.0,3,3,3,3.0,Moderately Old,1900.0,0,1,0,0,0,1,109,"28.4348° N, 77.1089° E",28.4348,77.1089
162,flat,experion the heartsong,sector 108,1.68,8387.0,3,3,3+,4.0,Moderately Old,1338.29,1,1,0,0,0,1,86,"28.5134° N, 76.9830° E",28.5134,76.983
163,flat,shreeram apartment ii,sector 4,0.21,4667.0,1,1,1,2.0,Moderately Old,500.0,0,0,0,0,0,0,7,"28.4738° N, 77.0107° E",28.4738,77.0107
164,flat,tulip violet,sector 69,1.51,9569.0,3,3,2,0.0,Moderately Old,1325.0,0,0,0,1,0,2,165,"28.3966° N, 77.0341° E",28.3966,77.0341
165,flat,dlf the skycourt,sector 86,1.55,8031.0,3,3,3,5.0,Moderately Old,1900.0,0,0,0,0,0,0,49,"28.3986° N, 76.9384° E",28.3986,76.9384
166,flat,dlf the arbour,sector 63,7.9,20000.0,4,4,3+,34.0,New Property,3950.0,0,0,0,0,0,0,61,"28.3971° N, 77.0867° E",28.3971,77.0867
167,house,independent,sector 43,15.5,28233.0,5,6,3,3.0,Old Property,5490.0,1,1,1,1,0,0,76,"28.4629° N, 77.0772° E",28.4629,77.0772
168,flat,godrej oasis,sector 88a,1.38,6680.0,3,3,3+,7.0,Moderately Old,2296.0,0,1,0,0,0,0,72,"28.4347° N, 76.9557° E",28.4347,76.9557
169,house,unitech espace,sector 50,7.35,41761.0,4,4,3+,3.0,Old Property,240.0,0,1,0,1,0,1,52,"28.4178° N, 77.0628° E",28.4178,77.0628
170,flat,m3m skycity,sector 65,2.1,16031.0,2,2,2,43.0,New Property,1186.0,0,0,0,0,0,0,127,"28.4030° N, 77.0690° E",28.403,77.069
171,flat,guru gram haryana cghs,sector 56,1.39,8424.0,3,2,3,6.0,Old Property,1750.0,0,1,0,1,0,1,89,"28.4245° N, 77.0991° E",28.4245,77.0991
172,flat,ireo the grand arch,sector 58,4.85,16934.0,4,5,3,23.0,Moderately Old,3182.0,1,1,0,1,1,1,49,"28.4200° N, 77.1105° E",28.42,77.1105
173,flat,shree vardhman flora,sector 90,0.64,4923.0,2,2,3,6.0,Old Property,1199.0,1,0,0,0,0,0,103,"28.4085° N, 76.9369° E",28.4085,76.9369
174,house,emaar mgf marbella,sector 66,18.0,40000.0,5,6,3+,3.0,Moderately Old,4500.0,1,1,1,1,0,2,153,"28.3925° N, 77.0541° E",28.3925,77.0541
175,flat,laxmi apartment sector 99a gurgaon,sector 99a,0.3,4615.0,2,2,1,4.0,New Property,600.0,0,0,0,0,0,0,44,"28.4561° N, 76.9542° E",28.4561,76.9542
176,flat,ats kocoon,sector 109,1.65,10645.0,3,3,3,19.0,Moderately Old,1650.0,0,0,1,0,0,1,159,"28.5073° N, 77.0089° E",28.5073,77.0089
177,flat,godrej nature plus,sector 33,1.7,12593.0,3,3,3+,6.0,New Property,1500.0,0,1,0,0,0,0,38,"28.4420° N, 77.0207° E",28.442,77.0207
178,flat,umang monsoon breeze,sector 78,1.25,5000.0,4,4,3,2.0,Moderately Old,2300.0,0,1,0,1,1,0,57,"28.3733° N, 76.9729° E",28.3733,76.9729
179,flat,"m m residency, krishna colony, gurgaon",sector 7,0.54,5889.0,2,2,1,3.0,Moderately Old,1000.0,0,0,0,0,0,0,70,"28.4644° N, 77.0143° E",28.4644,77.0143
180,flat,tulip violet,sector 69,1.4,8861.0,3,3,2,2.0,Moderately Old,1428.0,0,0,0,1,0,0,102,"28.3966° N, 77.0341° E",28.3966,77.0341
181,house,independent,sector 9,3.2,13519.0,3,3,2,1.0,Old Property,2367.0,0,0,0,0,0,1,36,"28.4603° N, 77.0000° E",28.4603,77.0
182,flat,orris aster court premier,sector 85,1.25,5896.0,3,4,2,6.0,Moderately Old,1616.0,0,1,0,0,0,1,49,"28.4042° N, 76.9513° E",28.4042,76.9513
183,house,sector 15 part 2 rwa,sector 15,10.0,22222.0,5,5,2,2.0,Old Property,4518.0,0,0,0,0,0,0,49,"28.4621° N, 77.0464° E",28.4621,77.0464
184,flat,m3m heights,sector 65,2.1,16653.0,2,2,3,8.0,New Property,1015.0,0,0,0,0,0,0,31,"28.4030° N, 77.0690° E",28.403,77.069
185,house,independent,sector 11,1.2,4444.0,7,3,0,3.0,Old Property,300.0,0,0,0,0,0,0,0,"28.4531° N, 77.0202° E",28.4531,77.0202
186,flat,ireo skyon,sector 60,3.75,13393.0,4,5,3,15.0,Moderately Old,2534.0,0,1,0,0,0,0,167,"28.4003° N, 77.0975° E",28.4003,77.0975
187,house,eldeco mansionz,sector 48,6.4,23704.0,4,4,3,3.0,Old Property,366.0,0,1,1,0,0,1,151,"28.4177° N, 77.0359° E",28.4177,77.0359
188,flat,ss the leaf,sector 85,2.3,8179.0,4,4,3+,8.0,Moderately Old,2545.0,0,1,0,0,0,0,21,"28.4042° N, 76.9513° E",28.4042,76.9513
189,flat,vipul belmonte,sector 53,6.0,24490.0,3,4,3+,6.0,Moderately Old,2217.0,0,1,0,0,1,1,26,"28.4433° N, 77.0948° E",28.4433,77.0948
190,house,independent,sector 31,3.25,22429.0,4,4,3+,3.0,Old Property,1449.0,1,1,1,1,0,1,29,"28.4528° N, 77.0498° E",28.4528,77.0498
191,house,unitech south city,sector 50,5.88,27222.0,3,9,3+,3.0,Moderately Old,2160.0,1,1,0,1,1,2,128,"28.4178° N, 77.0628° E",28.4178,77.0628
192,flat,vatika city,sector 49,1.79,12786.0,3,3,3,9.0,Old Property,1556.0,0,1,0,0,0,0,38,"28.4121° N, 77.0480° E",28.4121,77.048
193,house,independent,sector 50,11.58,35741.0,5,5,3,2.0,Old Property,3240.0,0,1,0,0,0,0,20,"28.4178° N, 77.0628° E",28.4178,77.0628
194,flat,city shri ram apartments 1,sector 110,0.22,3667.0,2,1,1,1.0,Moderately Old,543.0,0,0,0,0,0,0,0,"28.5145° N, 77.0197° E",28.5145,77.0197
195,flat,bestech park view spa next,sector 67,2.7,11489.0,4,4,3+,9.0,Moderately Old,2127.0,0,1,0,1,0,1,149,"28.3859° N, 77.0608° E",28.3859,77.0608
196,flat,bestech park view sanskruti,sector 92,1.55,9688.0,3,3,3,17.0,Moderately Old,1792.0,0,1,0,0,0,1,60,"28.4079° N, 76.9153° E",28.4079,76.9153
197,flat,puri diplomatic greens,sector 111,3.7,12542.0,4,5,3+,12.0,Moderately Old,2650.0,0,1,0,0,0,1,158,"28.5238° N, 77.0320° E",28.5238,77.032
198,flat,ansal heights 86,sector 86,1.25,7396.0,3,2,1,11.0,New Property,1529.0,0,0,0,0,0,0,45,"28.3986° N, 76.9384° E",28.3986,76.9384
199,house,eldeco mansionz,sector 48,4.75,20299.0,7,7,3,2.0,Old Property,2340.0,1,0,0,0,0,1,33,"28.4177° N, 77.0359° E",28.4177,77.0359
200,flat,mapsko mount ville,sector 79,1.4,9396.0,3,3,3,2.0,New Property,1656.0,0,0,0,0,0,1,112,"28.3624° N, 76.9787° E",28.3624,76.9787
201,flat,la vida by tata housing,sector 113,1.93,12223.0,3,3,2,8.0,Under Construction,1429.0,0,0,0,0,0,0,71,"28.5287° N, 77.0233° E",28.5287,77.0233
202,flat,rof ananda,sector 95,0.25,6579.0,1,1,1,4.0,New Property,344.0,0,0,0,0,0,0,0,"28.4172° N, 76.9081° E",28.4172,76.9081
203,house,independent,sector 4,1.25,8681.0,2,3,0,1.0,Old Property,160.0,0,0,0,0,0,0,0,"28.4738° N, 77.0107° E",28.4738,77.0107
204,flat,pyramid urban homes 2,sector 86,0.43,8583.0,2,2,1,6.0,New Property,557.0,1,0,0,0,0,0,92,"28.3986° N, 76.9384° E",28.3986,76.9384
205,house,independent,sector 50,7.0,32407.0,3,2,0,1.0,Old Property,240.0,0,0,0,0,0,0,0,"28.4178° N, 77.0628° E",28.4178,77.0628
206,flat,ild greens,sector 37c,1.05,7500.0,3,3,3,4.0,New Property,1500.0,0,0,0,0,0,1,5,"28.4515° N, 76.9882° E",28.4515,76.9882
207,flat,signature global city,sector 37d,0.8,8421.0,2,2,2,2.0,Moderately Old,860.0,0,0,0,0,0,0,42,"28.4478° N, 76.9703° E",28.4478,76.9703
208,house,independent,sector 43,5.75,23663.0,4,4,2,4.0,Under Construction,260.0,0,1,1,0,0,2,153,"28.4629° N, 77.0772° E",28.4629,77.0772
209,flat,mittal surya vihar,sector 21,0.8,7080.0,2,2,2,6.0,Old Property,1256.0,0,0,0,0,0,0,0,"28.5134° N, 77.0723° E",28.5134,77.0723
210,flat,m3m merlin,sector 67,2.65,12946.0,3,3,3,0.0,Moderately Old,1900.0,0,0,0,0,1,1,174,"28.3859° N, 77.0608° E",28.3859,77.0608
211,flat,ss,sector 85,1.98,8223.0,3,4,3,6.0,Moderately Old,2300.0,0,0,0,0,0,0,42,"28.4042° N, 76.9513° E",28.4042,76.9513
212,flat,m3m the marina,sector 68,1.32,8759.0,2,2,3,15.0,Moderately Old,1364.0,1,0,0,0,0,0,120,"28.3853° N, 77.0484° E",28.3853,77.0484
213,house,dlf city plots,sector 26,13.5,29880.0,5,5,2,2.0,Old Property,4518.0,1,1,0,0,1,1,104,"28.4757° N, 77.1032° E",28.4757,77.1032
214,house,independent,sector 8,1.6,3186.0,4,6,1,3.0,Moderately Old,558.0,0,0,0,0,0,0,0,"28.3738° N, 76.8970° E",28.3738,76.897
215,flat,m3m heights,sector 65,2.0,13957.0,2,2,2,32.0,Moderately Old,1433.0,0,0,0,0,0,0,48,"28.4030° N, 77.0690° E",28.403,77.069
216,flat,emaar gurgaon greens,sector 102,1.42,8606.0,3,3,3,4.0,Moderately Old,1314.0,0,0,0,0,1,0,49,"28.4750° N, 76.9715° E",28.475,76.9715
217,flat,ambience caitriona,sector 24,14.0,22222.0,4,5,3,3.0,Old Property,700.0,0,0,0,0,0,0,0,"28.4939° N, 77.1038° E",28.4939,77.1038
218,house,vipul tatvam villa,sector 48,8.5,26235.0,4,6,3,3.0,Old Property,3240.0,0,1,0,1,1,0,49,"28.4177° N, 77.0359° E",28.4177,77.0359
219,flat,supertech araville,sector 79,0.83,5425.0,2,2,3,5.0,New Property,1700.0,1,0,0,0,0,2,49,"28.3624° N, 76.9787° E",28.3624,76.9787
220,house,bhim garh kheri,sector 3,0.75,6410.0,4,2,2,2.0,Old Property,1170.0,0,0,0,0,0,0,16,"28.4909° N, 77.0176° E",28.4909,77.0176
221,flat,ss the leaf,sector 85,1.25,7180.0,2,2,2,16.0,Moderately Old,1934.0,0,0,0,0,0,1,49,"28.4042° N, 76.9513° E",28.4042,76.9513
222,flat,mapsko mount ville,sector 79,1.85,9640.0,3,4,3,21.0,New Property,1643.0,0,1,0,1,0,0,49,"28.3624° N, 76.9787° E",28.3624,76.9787
223,flat,the lions cghs,sector 56,2.05,8542.0,4,4,3+,8.0,Old Property,2667.0,0,0,0,0,0,1,49,"28.4245° N, 77.0991° E",28.4245,77.0991
224,flat,ramsons kshitij,sector 95,0.45,4592.0,2,2,1,2.0,Moderately Old,887.0,1,0,0,0,0,0,89,"28.4172° N, 76.9081° E",28.4172,76.9081
225,house,independent,sector 39,1.6,17937.0,1,1,2,2.0,Old Property,892.0,0,0,0,0,0,0,40,"28.4434° N, 77.0515° E",28.4434,77.0515
226,house,dlf city plots phase 2,sector 25,10.55,39074.0,5,6,3+,3.0,Old Property,2700.0,1,1,1,1,0,0,131,"28.4844° N, 77.0860° E",28.4844,77.086
227,flat,emaar palm gardens,sector 83,1.73,9105.0,3,3,3,5.0,Moderately Old,1600.0,0,1,0,0,0,1,174,"28.3986° N, 76.9647° E",28.3986,76.9647
228,flat,m3m crown,sector 111,4.67,17000.0,4,4,3+,8.0,Moderately Old,3056.0,0,0,0,0,0,0,73,"28.5238° N, 77.0320° E",28.5238,77.032
229,flat,dlf new town heights,sector 86,1.55,6579.0,4,4,3+,12.0,Moderately Old,2038.0,0,1,0,1,0,1,120,"28.3986° N, 76.9384° E",28.3986,76.9384
230,flat,zara aavaas,sector 104,0.22,7309.0,1,2,2,2.0,New Property,335.0,0,0,0,0,0,0,60,"28.4788° N, 76.9960° E",28.4788,76.996
231,flat,adani brahma samsara vilasa,sector 63,3.0,16667.0,3,3,3,3.0,New Property,2000.0,0,0,0,0,0,0,24,"28.3971° N, 77.0867° E",28.3971,77.0867
232,flat,ss the leaf,sector 85,1.77,7350.0,3,4,3+,7.0,New Property,2179.0,0,0,1,0,0,0,107,"28.4042° N, 76.9513° E",28.4042,76.9513
233,flat,millenium bajrang society,sector 43,2.5,9434.0,4,4,3+,2.0,Moderately Old,2398.0,0,0,0,0,0,1,94,"28.4629° N, 77.0772° E",28.4629,77.0772
234,house,independent,sector 40,5.0,21124.0,9,9,3+,3.0,Moderately Old,2367.0,0,0,0,1,0,1,66,"28.4498° N, 77.0567° E",28.4498,77.0567
235,house,independent,sector 36,0.75,6938.0,3,1,0,1.0,New Property,1081.0,0,0,0,0,0,0,0,"28.4160° N, 76.9914° E",28.416,76.9914
236,flat,housing board colony,sector 51,0.3,7317.0,1,1,2,0.0,Old Property,459.0,0,0,0,0,0,0,0,"28.4320° N, 77.0686° E",28.432,77.0686
237,flat,shapoorji pallonji joyville gurugram,sector 102,1.2,14563.0,2,2,3,0.0,Moderately Old,1073.0,0,0,0,0,0,0,49,"28.4750° N, 76.9715° E",28.475,76.9715
238,house,independent,sector 4,0.4,8889.0,1,1,0,1.0,Old Property,450.0,0,0,0,0,0,0,0,"28.4738° N, 77.0107° E",28.4738,77.0107
239,flat,tulip violet,sector 69,1.7,10773.0,3,3,2,0.0,Moderately Old,1428.0,0,0,0,1,0,0,49,"28.3966° N, 77.0341° E",28.3966,77.0341
240,house,independent,sector 9,0.6,10753.0,3,3,1,2.0,Moderately Old,558.0,0,0,0,0,0,0,0,"28.4603° N, 77.0000° E",28.4603,77.0
241,flat,shree vardhman flora,sector 90,0.7,4614.0,2,2,3,9.0,New Property,1224.0,1,0,0,0,1,0,51,"28.4085° N, 76.9369° E",28.4085,76.9369
242,flat,umang monsoon breeze,sector 78,1.05,5666.0,3,3,3,6.0,Moderately Old,1853.0,0,0,0,0,0,0,0,"28.3733° N, 76.9729° E",28.3733,76.9729
243,flat,dlf the ultima,sector 81,3.45,12013.0,4,4,3+,10.0,New Property,2599.0,0,1,0,0,0,2,165,"28.3867° N, 76.9485° E",28.3867,76.9485
244,house,independent,sector 105,0.74,7400.0,3,3,0,2.0,Old Property,1000.0,0,0,0,0,0,0,0,"28.4952° N, 77.0114° E",28.4952,77.0114
245,flat,chd avenue,sector 71,1.25,7172.0,3,4,2,7.0,Moderately Old,1577.0,0,1,0,0,0,1,160,"28.4104° N, 77.0281° E",28.4104,77.0281
246,flat,sbtl caladium,sector 109,1.8,7073.0,3,3,3+,10.0,Moderately Old,2000.0,0,0,0,0,0,0,174,"28.5073° N, 77.0089° E",28.5073,77.0089
247,house,international city by sobha phase 1,sector 109,5.7,10556.0,4,4,3+,4.0,Moderately Old,5400.0,1,1,0,0,0,0,98,"28.5073° N, 77.0089° E",28.5073,77.0089
248,flat,smart world orchard,sector 61,2.57,15767.0,3,3,2,3.0,Under Construction,1811.0,1,0,0,0,0,0,0,"28.4050° N, 77.0963° E",28.405,77.0963
249,house,independent,sector 105,1.15,3285.0,3,2,1,1.0,Old Property,3889.0,0,0,0,0,0,0,0,"28.4952° N, 77.0114° E",28.4952,77.0114
250,flat,ireo the grand arch,sector 58,3.8,17560.0,3,4,1,19.0,Moderately Old,1700.0,0,1,0,0,0,1,167,"28.4200° N, 77.1105° E",28.42,77.1105
251,house,dlf new town heights,sector 91,2.5,7058.0,4,4,3+,3.0,New Property,3400.0,1,1,1,1,0,1,80,"28.4014° N, 76.9225° E",28.4014,76.9225
252,flat,ireo victory valley,sector 67,4.5,14098.0,4,4,3+,0.0,Moderately Old,3160.0,0,1,0,1,0,1,42,"28.3859° N, 77.0608° E",28.3859,77.0608
253,flat,hsiidc sidco aravali,manesar,0.9,3648.0,4,4,3,7.0,Moderately Old,2233.0,0,0,0,0,0,0,0,"28.3515° N, 76.9428° E",28.3515,76.9428
254,house,independent,sector 17,3.5,24306.0,2,6,3+,3.0,Moderately Old,160.0,0,0,0,0,0,0,0,"28.4791° N, 77.0608° E",28.4791,77.0608
255,flat,ss the leaf,sector 85,1.75,7267.0,3,4,3,8.0,Moderately Old,2179.0,0,1,0,0,0,0,49,"28.4042° N, 76.9513° E",28.4042,76.9513
256,flat,dlf new town heights,sector 91,2.0,6966.0,4,4,3+,16.0,Moderately Old,2468.0,1,1,0,1,0,0,65,"28.4014° N, 76.9225° E",28.4014,76.9225
257,flat,signature global city 37d ph 2,sector 37d,1.07,8237.0,3,3,2,2.0,Moderately Old,1450.0,0,0,0,0,0,0,86,"28.4478° N, 76.9703° E",28.4478,76.9703
258,house,dlf city plots phase 2,sector 25,4.25,31481.0,3,2,3,2.0,Old Property,1350.0,1,0,0,0,0,0,35,"28.4844° N, 77.0860° E",28.4844,77.086
259,flat,breeze global heights,sector 33,0.4,6421.0,2,2,2,4.0,Moderately Old,623.0,0,0,0,0,0,0,0,"28.4420° N, 77.0207° E",28.442,77.0207
260,flat,sidhivinayak apartments,sector 55,1.9,10556.0,4,3,3+,9.0,Old Property,2000.0,0,0,0,1,0,2,35,"28.4281° N, 77.1100° E",28.4281,77.11
261,flat,baani city center,sector 63,0.88,10945.0,1,1,2,4.0,New Property,804.0,0,0,0,0,0,0,0,"28.3971° N, 77.0867° E",28.3971,77.0867
262,flat,park royal apartment,sector 56,1.85,9024.0,3,4,3,7.0,Old Property,2278.0,0,1,0,0,0,0,72,"28.4245° N, 77.0991° E",28.4245,77.0991
263,flat,pyramid urban,sector 67a,0.55,10516.0,2,2,2,3.0,Moderately Old,581.0,0,0,0,0,0,0,73,"28.3960° N, 77.0372° E",28.396,77.0372
264,flat,tulip purple,sector 69,2.6,10833.0,4,4,3+,4.0,Moderately Old,2172.0,0,1,0,0,0,0,37,"28.3966° N, 77.0341° E",28.3966,77.0341
265,flat,shree vardhman victoria,sector 70,1.8,9231.0,3,3,3+,10.0,New Property,1765.0,0,0,0,0,1,1,49,"28.3968° N, 77.0233° E",28.3968,77.0233
266,flat,dlf regal gardens,sector 90,1.26,7403.0,3,3,3,6.0,Moderately Old,1603.0,0,0,0,0,1,1,28,"28.4085° N, 76.9369° E",28.4085,76.9369
267,flat,signature global grand iva,sector 103,0.23,6534.0,1,1,1,4.0,Moderately Old,400.0,0,0,0,0,0,0,23,"28.4949° N, 76.9845° E",28.4949,76.9845
268,house,independent,sector 25,4.45,32963.0,4,3,3+,2.0,Old Property,1350.0,0,0,1,0,0,0,79,"28.4844° N, 77.0860° E",28.4844,77.086
269,flat,bestech park view ananda,sector 81,1.35,7542.0,3,3,3+,8.0,Old Property,1989.0,0,0,0,0,0,0,114,"28.3867° N, 76.9485° E",28.3867,76.9485
270,flat,chd avenue,sector 71,0.79,6594.0,2,2,2,8.0,Moderately Old,1084.0,0,0,0,0,1,0,0,"28.4104° N, 77.0281° E",28.4104,77.0281
271,flat,dlf the arbour,sector 110,8.5,21519.0,4,4,0,27.0,Moderately Old,3950.0,0,0,0,0,0,0,61,"28.5145° N, 77.0197° E",28.5145,77.0197
272,flat,adani oyster greens,sector 102,1.9,10058.0,3,3,3+,9.0,Moderately Old,2099.0,1,0,1,1,0,0,0,"28.4750° N, 76.9715° E",28.475,76.9715
273,flat,shree balaji appartment,sector 33,0.4,5000.0,2,2,2,1.0,Moderately Old,724.0,0,0,0,0,0,2,0,"28.4420° N, 77.0207° E",28.442,77.0207
274,flat,mapsko mount ville,sector 79,1.2,8054.0,3,3,3+,24.0,Moderately Old,1154.0,0,0,0,0,0,1,135,"28.3624° N, 76.9787° E",28.3624,76.9787
275,flat,bestech park view spa next,sector 67,2.85,12128.0,4,4,3+,5.0,Moderately Old,2127.0,0,1,0,1,0,1,149,"28.3859° N, 77.0608° E",28.3859,77.0608
276,flat,signature global synera,sector 81,0.38,9500.0,1,1,2,3.0,Moderately Old,444.0,0,0,0,0,0,0,43,"28.3867° N, 76.9485° E",28.3867,76.9485
277,flat,afnhb jalvayu vihar,sector 30,0.85,12859.0,2,2,1,2.0,Old Property,734.0,0,0,0,0,1,1,49,"28.4604° N, 77.0579° E",28.4604,77.0579
278,flat,m3m woodshire,sector 107,0.94,6881.0,2,2,3+,1.0,Moderately Old,1236.0,0,0,0,0,0,0,113,"28.5052° N, 76.9729° E",28.5052,76.9729
279,house,ansals palam vihar,sector 2,5.0,12500.0,6,4,0,3.0,Old Property,4000.0,0,0,0,0,0,0,0,"28.5095° N, 77.0320° E",28.5095,77.032
280,flat,antriksh heights,sector 84,0.69,5111.0,2,2,3+,8.0,Moderately Old,1222.0,1,0,0,0,0,0,59,"28.3979° N, 76.9736° E",28.3979,76.9736
281,flat,cancon enclave,sector 4,1.05,7778.0,3,2,2,2.0,New Property,1500.0,0,0,0,0,0,1,0,"28.4738° N, 77.0107° E",28.4738,77.0107
282,house,grover homes sec 4,sector 4,4.75,9374.0,5,5,1,1.0,Old Property,5067.0,1,1,0,1,0,1,35,"28.4738° N, 77.0107° E",28.4738,77.0107
283,flat,vatika inxt floors,sector 82a,0.75,7500.0,2,2,2,1.0,Moderately Old,1000.0,0,0,0,0,0,0,0,"28.3858° N, 76.9686° E",28.3858,76.9686
284,flat,signature global the millennia,sector 37d,0.55,9167.0,2,2,3,3.0,New Property,610.0,0,0,0,0,0,0,71,"28.4478° N, 76.9703° E",28.4478,76.9703
285,flat,m3m skywalk,sector 74,1.5,10714.0,2,2,1,8.0,New Property,1556.0,0,0,0,0,0,0,16,"28.4158° N, 77.0118° E",28.4158,77.0118
286,house,independent,sector 13,9.0,11111.0,10,5,3+,4.0,Old Property,900.0,0,0,0,0,0,0,0,"28.4757° N, 77.0392° E",28.4757,77.0392
287,flat,antriksh heights,sector 84,0.85,5556.0,2,2,3,10.0,New Property,1222.0,1,0,0,0,1,0,24,"28.3979° N, 76.9736° E",28.3979,76.9736
288,house,international city by sobha phase 1,sector 109,6.0,9634.0,5,5,3+,2.0,Moderately Old,6228.0,1,1,1,1,0,0,160,"28.5073° N, 77.0089° E",28.5073,77.0089
289,flat,godrej oasis,sector 88a,1.15,9854.0,2,2,1,12.0,New Property,120.0,1,0,0,0,0,0,79,"28.4347° N, 76.9557° E",28.4347,76.9557
290,flat,sushant lok 1 builder floors,sector 43,2.5,12920.0,3,3,2,2.0,New Property,195.0,0,0,0,0,0,0,0,"28.4629° N, 77.0772° E",28.4629,77.0772
291,flat,signature global solera,sector 107,0.28,5680.0,2,2,2,6.0,Moderately Old,543.0,0,0,0,0,0,0,45,"28.5052° N, 76.9729° E",28.5052,76.9729
292,house,sai kripa floors 5,sector 11,0.9,11250.0,2,5,3,3.0,Moderately Old,800.0,0,0,0,0,0,0,0,"28.4531° N, 77.0202° E",28.4531,77.0202
293,flat,emaar mgf emerald floors premier,sector 65,2.8,14177.0,4,4,3,2.0,Moderately Old,2194.0,1,1,0,0,0,1,108,"28.4030° N, 77.0690° E",28.403,77.069
294,flat,central park resorts,sector 48,9.3,24926.0,4,4,3+,10.0,Moderately Old,3831.0,1,1,1,1,0,1,67,"28.4177° N, 77.0359° E",28.4177,77.0359
295,flat,shree vardhman victoria,sector 70,1.65,8462.0,3,4,3,1.0,Moderately Old,1586.0,0,1,0,0,0,2,167,"28.3968° N, 77.0233° E",28.3968,77.0233
296,flat,sare homes,sector 92,0.71,5354.0,3,3,3,2.0,Moderately Old,1473.0,0,0,0,1,0,0,108,"28.4079° N, 76.9153° E",28.4079,76.9153
297,flat,paras dews,sector 106,1.2,11605.0,3,3,3,12.0,Moderately Old,1145.0,1,0,0,0,0,0,158,"28.5007° N, 77.0003° E",28.5007,77.0003
298,flat,umang winter hills,sector 77,0.92,5049.0,3,3,3,17.0,Moderately Old,1602.0,0,0,0,0,1,1,49,"28.3801° N, 76.9845° E",28.3801,76.9845
299,flat,ats triumph,sector 104,2.6,8814.0,4,4,3+,16.0,Moderately Old,3064.0,0,1,0,0,0,1,150,"28.4788° N, 76.9960° E",28.4788,76.996
300,house,independent,sector 7,0.45,5000.0,3,2,1,2.0,Old Property,900.0,0,0,0,0,1,0,12,"28.4644° N, 77.0143° E",28.4644,77.0143
301,flat,dlf new town heights,sector 90,1.6,6768.0,4,4,3+,10.0,Moderately Old,2139.0,0,1,0,1,0,0,88,"28.4085° N, 76.9369° E",28.4085,76.9369
302,house,satya the hermitage,sector 103,4.35,13501.0,4,4,3+,2.0,Moderately Old,3222.0,1,1,1,1,0,0,138,"28.4949° N, 76.9845° E",28.4949,76.9845
303,house,independent,sector 50,10.45,38704.0,4,5,2,3.0,Old Property,4000.0,1,1,0,1,0,1,142,"28.4178° N, 77.0628° E",28.4178,77.0628
304,flat,brisk lumbini terrace homes,sector 109,1.38,6339.0,3,3,1,4.0,Moderately Old,2419.0,0,0,0,0,0,0,20,"28.5073° N, 77.0089° E",28.5073,77.0089
305,flat,navjyoti apartment,sector 38,2.1,11939.0,4,4,3+,10.0,Old Property,1954.0,0,0,0,0,0,2,22,"28.4347° N, 77.0430° E",28.4347,77.043
306,flat,the rama apartment cghs,sector 43,2.5,10204.0,4,4,3+,4.0,Moderately Old,2722.0,0,1,0,0,0,0,26,"28.4629° N, 77.0772° E",28.4629,77.0772
307,flat,pivotal devaan,sector 84,0.34,7039.0,2,2,1,1.0,Moderately Old,537.0,0,0,1,0,0,1,84,"28.3979° N, 76.9736° E",28.3979,76.9736
308,flat,emaar mgf the palm drive,sector 66,3.45,15682.0,3,4,3,6.0,Moderately Old,2000.0,0,1,0,0,0,1,95,"28.3925° N, 77.0541° E",28.3925,77.0541
309,flat,pivotal riddhi siddhi,sector 99,0.4,4444.0,2,2,2,9.0,New Property,733.0,0,0,0,0,0,0,60,"28.4640° N, 76.9614° E",28.464,76.9614
310,house,experion windchants,sector 112,7.99,12520.0,4,6,3,2.0,New Property,6382.0,0,1,1,1,0,1,129,"28.5189° N, 77.0183° E",28.5189,77.0183
311,house,independent,sector 46,5.5,23061.0,8,8,3+,3.0,Old Property,2385.0,1,0,0,0,1,1,32,"28.4374° N, 77.0586° E",28.4374,77.0586
312,flat,pyramid urban homes 2,sector 86,0.42,8485.0,2,2,1,2.0,New Property,557.0,1,1,0,1,1,0,84,"28.3986° N, 76.9384° E",28.3986,76.9384
313,flat,m3m skywalk,sector 74,1.5,12500.0,2,2,3,17.0,Moderately Old,1300.0,0,0,1,0,0,0,174,"28.4158° N, 77.0118° E",28.4158,77.0118
314,house,ansals palam vihar,sector 2,5.7,14729.0,5,5,2,2.0,Old Property,4550.0,0,0,0,1,0,2,94,"28.5095° N, 77.0320° E",28.5095,77.032
315,house,sector 14 rwa,sector 14,5.51,16990.0,3,3,2,4.0,Old Property,3249.0,0,0,0,0,0,0,14,"28.4711° N, 77.0454° E",28.4711,77.0454
316,flat,tulip ivory,sector 70,2.35,9792.0,4,4,3+,10.0,Moderately Old,2667.0,0,1,0,0,0,1,65,"28.3968° N, 77.0233° E",28.3968,77.0233
317,flat,vatika sovereign park,sector 99,3.2,9922.0,4,4,0,5.0,New Property,3225.0,0,0,0,0,0,0,23,"28.4640° N, 76.9614° E",28.464,76.9614
318,flat,experion the heartsong,sector 108,1.36,6542.0,3,2,3+,2.0,Moderately Old,1343.0,1,1,0,0,0,1,77,"28.5134° N, 76.9830° E",28.5134,76.983
319,flat,dlf the skycourt,sector 86,1.5,7776.0,3,3,1,15.0,Moderately Old,1550.0,0,0,0,0,0,0,159,"28.3986° N, 76.9384° E",28.3986,76.9384
320,flat,imperia the esfera,sector 37c,0.95,5702.0,2,2,0,17.0,Under Construction,1578.0,0,1,0,0,0,0,66,"28.4515° N, 76.9882° E",28.4515,76.9882
321,flat,vatika gurgaon,sector 83,1.1,6162.0,3,3,3+,5.0,Moderately Old,1600.0,0,0,0,0,0,1,96,"28.3986° N, 76.9647° E",28.3986,76.9647
322,flat,ss the leaf,sector 85,2.1,7468.0,4,5,3+,9.0,Moderately Old,2545.0,0,0,0,0,0,1,67,"28.4042° N, 76.9513° E",28.4042,76.9513
323,flat,shree vardhman victoria,sector 70,1.1,8462.0,2,2,2,0.0,New Property,1026.0,1,0,0,0,0,0,49,"28.3968° N, 77.0233° E",28.3968,77.0233
324,flat,signature global orchard avenue,sector 93,0.36,6716.0,2,2,2,6.0,Moderately Old,604.0,0,0,0,0,0,0,16,"28.4153° N, 76.9326° E",28.4153,76.9326
325,flat,godrej summit,sector 104,1.05,5833.0,3,4,3+,7.0,Moderately Old,2000.0,0,1,0,0,0,1,96,"28.4788° N, 76.9960° E",28.4788,76.996
326,flat,the close north,sector 50,2.5,11945.0,3,3,3,11.0,Moderately Old,1894.0,0,0,0,1,0,1,127,"28.4178° N, 77.0628° E",28.4178,77.0628
327,house,vipul tatvam villa,sector 48,8.2,25309.0,3,3,2,2.0,Old Property,3240.0,1,1,0,1,0,2,160,"28.4177° N, 77.0359° E",28.4177,77.0359
328,flat,vatika city,sector 49,1.85,10577.0,3,3,1,7.0,Moderately Old,1471.12,0,0,1,1,0,0,158,"28.4121° N, 77.0480° E",28.4121,77.048
329,flat,bestech park view residency,sector 2,1.55,8073.0,3,4,3+,4.0,Old Property,1738.0,0,1,0,0,0,0,84,"28.5095° N, 77.0320° E",28.5095,77.032
330,house,independent,sector 43,2.55,13178.0,3,3,2,3.0,Moderately Old,215.0,0,0,0,0,0,1,60,"28.4629° N, 77.0772° E",28.4629,77.0772
331,flat,microtek greenburg,sector 86,1.25,8446.0,3,4,3,0.0,Moderately Old,1339.0,1,0,0,0,0,0,49,"28.3986° N, 76.9384° E",28.3986,76.9384
332,house,vatika signature villas,sector 82,4.7,21759.0,3,3,3+,3.0,New Property,2160.0,0,1,0,0,0,0,33,"28.3935° N, 76.9600° E",28.3935,76.96
333,flat,vatika gurgaon,sector 83,1.08,6225.0,3,3,2,11.0,Moderately Old,1570.0,0,0,0,0,1,0,19,"28.3986° N, 76.9647° E",28.3986,76.9647
334,flat,tulip violet,sector 69,1.2,8889.0,2,3,1,0.0,Moderately Old,1222.0,0,0,0,0,0,0,150,"28.3966° N, 77.0341° E",28.3966,77.0341
335,house,independent,sector 11,0.9,10000.0,2,4,3+,4.0,Old Property,900.0,0,0,0,0,0,0,7,"28.4531° N, 77.0202° E",28.4531,77.0202
336,flat,irwo westend towers,sector 47,0.65,12059.0,1,1,2,3.0,Old Property,599.0,0,0,0,0,0,0,56,"28.4276° N, 77.0492° E",28.4276,77.0492
337,flat,pareena coban residences,sector 99a,1.05,6774.0,2,2,3,2.0,Moderately Old,1390.0,1,0,0,0,0,0,49,"28.4561° N, 76.9542° E",28.4561,76.9542
338,flat,rof ananda,sector 95,0.2,5464.0,1,1,1,9.0,Moderately Old,407.0,0,0,0,1,0,0,52,"28.4172° N, 76.9081° E",28.4172,76.9081
339,flat,emaar mgf emerald floors premier,sector 65,2.85,14430.0,4,4,3,2.0,Moderately Old,1800.0,1,1,0,0,0,0,21,"28.4030° N, 77.0690° E",28.403,77.069
340,house,housing board colony,sector 28,2.1,23333.0,2,8,3+,4.0,Old Property,900.0,0,0,0,0,1,1,38,"28.4728° N, 77.0865° E",28.4728,77.0865
341,flat,mapsko mount ville,sector 79,1.25,8389.0,3,3,3,22.0,Moderately Old,1154.0,1,0,0,1,0,0,160,"28.3624° N, 76.9787° E",28.3624,76.9787
342,flat,vatika gurgaon,sector 83,1.33,5565.0,4,4,3,3.0,Moderately Old,2193.0,0,1,0,0,0,0,26,"28.3986° N, 76.9647° E",28.3986,76.9647
343,flat,bestech park view sanskruti,sector 92,1.55,7769.0,3,4,3,8.0,Moderately Old,1805.0,0,1,0,0,0,0,49,"28.4079° N, 76.9153° E",28.4079,76.9153
344,flat,emaar mgf palm hills,sector 77,1.08,5400.0,3,4,3+,5.0,Moderately Old,1810.0,1,1,0,0,1,1,167,"28.3801° N, 76.9845° E",28.3801,76.9845
345,house,independent,sector 23,5.65,17706.0,7,7,3+,2.0,Old Property,5000.0,0,1,0,1,0,0,68,"28.5121° N, 77.0478° E",28.5121,77.0478
346,flat,ats kocoon,sector 109,2.2,10501.0,3,4,3,13.0,Moderately Old,1860.0,0,1,0,0,0,0,165,"28.5073° N, 77.0089° E",28.5073,77.0089
347,house,independent,sector 40,2.1,23333.0,3,3,2,3.0,Old Property,900.0,0,0,0,0,1,1,35,"28.4498° N, 77.0567° E",28.4498,77.0567
348,flat,shapoorji pallonji joyville gurugram,sector 102,2.03,11998.0,3,3,2,1.0,New Property,1337.0,0,0,0,0,0,0,67,"28.4750° N, 76.9715° E",28.475,76.9715
349,flat,m3m merlin,sector 67,3.4,14419.0,3,4,3,17.0,Moderately Old,2134.0,0,1,0,0,0,1,174,"28.3859° N, 77.0608° E",28.3859,77.0608
350,flat,shree vardhman victoria,sector 70,1.64,8384.0,3,5,3,3.0,Moderately Old,1527.0,0,1,0,0,0,0,51,"28.3968° N, 77.0233° E",28.3968,77.0233
351,flat,the center court,sector 88a,2.1,12174.0,4,4,3,0.0,New Property,1745.0,1,1,0,0,0,0,142,"28.4347° N, 76.9557° E",28.4347,76.9557
352,flat,supertech araville,sector 79,1.35,9000.0,2,2,3,6.0,New Property,1350.0,1,0,0,0,1,1,88,"28.3624° N, 76.9787° E",28.3624,76.9787
353,flat,conscient heritage max,sector 102,1.9,9784.0,3,4,3+,20.0,Moderately Old,1757.0,0,1,0,0,0,0,165,"28.4750° N, 76.9715° E",28.475,76.9715
354,house,independent,sector 9,0.5,6083.0,3,2,1,1.0,Old Property,822.0,0,0,0,0,0,0,0,"28.4603° N, 77.0000° E",28.4603,77.0
355,flat,ireo skyon,sector 60,2.82,12818.0,3,3,3,2.0,Moderately Old,2400.0,0,1,0,0,0,1,174,"28.4003° N, 77.0975° E",28.4003,77.0975
356,flat,corona optus,sector 37c,1.25,7090.0,3,3,3,4.0,Moderately Old,1350.0,0,0,0,0,1,0,49,"28.4515° N, 76.9882° E",28.4515,76.9882
357,flat,microtek greenburg,sector 86,1.45,9797.0,3,2,3,8.0,Moderately Old,1480.0,0,0,0,0,0,2,72,"28.3986° N, 76.9384° E",28.3986,76.9384
358,flat,tarc maceo,sector 91,1.8,7759.0,4,3,3+,0.0,Moderately Old,2578.0,1,0,0,1,0,2,45,"28.4014° N, 76.9225° E",28.4014,76.9225
359,house,independent,sector 57,7.25,26852.0,9,9,3+,2.0,New Property,2700.0,0,1,0,1,1,1,49,"28.4232° N, 77.0752° E",28.4232,77.0752
360,house,vipul tatvam villa,sector 48,7.65,19125.0,4,4,3,2.0,Old Property,4000.0,1,1,0,0,1,0,49,"28.4177° N, 77.0359° E",28.4177,77.0359
361,flat,elan mercado,sector 80,0.85,12409.0,1,1,1,15.0,Moderately Old,761.0,0,0,0,0,0,0,60,"28.3659° N, 76.9557° E",28.3659,76.9557
362,house,independent,sector 55,5.6,20741.0,6,4,3,3.0,Old Property,2700.0,0,1,0,0,0,1,41,"28.4281° N, 77.1100° E",28.4281,77.11
363,flat,ramsons kshitij,sector 95,0.3,3158.0,2,2,1,11.0,New Property,950.0,0,0,0,0,0,0,0,"28.4172° N, 76.9081° E",28.4172,76.9081
364,flat,dlf the skycourt,sector 86,1.5,9740.0,3,3,3+,18.0,Moderately Old,1780.0,1,0,0,0,0,0,174,"28.3986° N, 76.9384° E",28.3986,76.9384
365,flat,dlf royalton tower,sector 43,6.2,20687.0,4,4,3+,9.0,Moderately Old,2712.0,0,1,0,0,0,0,7,"28.4629° N, 77.0772° E",28.4629,77.0772
366,flat,antriksh heights,sector 84,1.02,4869.0,4,4,3+,11.0,Moderately Old,1896.0,0,1,0,1,0,0,99,"28.3979° N, 76.9736° E",28.3979,76.9736
367,flat,tulip monsella,sector 53,7.4,33199.0,4,4,3,21.0,Moderately Old,2477.0,0,0,0,0,0,0,35,"28.4433° N, 77.0948° E",28.4433,77.0948
368,flat,la vida by tata housing,sector 113,1.32,10345.0,2,2,2,3.0,Moderately Old,1199.0,0,0,0,0,0,0,49,"28.5287° N, 77.0233° E",28.5287,77.0233
369,flat,dlf the ultima,sector 81,2.35,11175.0,3,3,3+,14.0,Moderately Old,1550.0,1,1,0,1,1,2,49,"28.3867° N, 76.9485° E",28.3867,76.9485
370,flat,dlf the primus,sector 82a,2.95,11452.0,4,5,3+,10.0,Moderately Old,2110.0,0,1,0,0,0,2,174,"28.3858° N, 76.9686° E",28.3858,76.9686
371,flat,rof ananda,sector 95,0.55,8527.0,3,2,2,14.0,New Property,811.0,1,0,0,0,0,1,81,"28.4172° N, 76.9081° E",28.4172,76.9081
372,flat,paras dews,sector 106,1.13,6406.0,3,4,3+,18.0,Moderately Old,1186.0,1,1,0,0,0,0,49,"28.5007° N, 77.0003° E",28.5007,77.0003
373,flat,paras dews,sector 106,1.25,11062.0,3,4,3+,7.0,Moderately Old,1186.0,1,1,0,0,0,0,167,"28.5007° N, 77.0003° E",28.5007,77.0003
374,flat,vatika gurgaon,sector 83,1.25,7812.0,4,4,3,12.0,Moderately Old,1970.0,0,1,0,0,0,0,103,"28.3986° N, 76.9647° E",28.3986,76.9647
375,flat,dlf the ultima,sector 81,2.2,11190.0,3,4,3+,7.0,Moderately Old,1900.0,0,1,0,0,0,2,104,"28.3867° N, 76.9485° E",28.3867,76.9485
376,house,independent,sector 28,12.0,42194.0,4,5,3+,4.0,Moderately Old,2844.0,0,1,1,1,0,1,60,"28.4728° N, 77.0865° E",28.4728,77.0865
377,flat,vatika city homes,sector 83,0.8,6061.0,2,2,2,8.0,Moderately Old,1195.0,0,0,1,0,0,0,22,"28.3986° N, 76.9647° E",28.3986,76.9647
378,flat,green campus chs,manesar,0.9,3935.0,3,3,3+,6.0,Moderately Old,2070.0,0,1,0,0,0,0,5,"28.3515° N, 76.9428° E",28.3515,76.9428
379,flat,assotech blith,sector 99,1.9,6702.0,4,4,3+,2.0,New Property,2835.0,0,0,0,0,0,0,51,"28.4640° N, 76.9614° E",28.464,76.9614
380,house,independent,sector 38,3.5,24306.0,3,3,2,1.0,Moderately Old,178.0,0,0,0,0,0,0,0,"28.4347° N, 77.0430° E",28.4347,77.043
381,house,ansals florence villa,sector 57,6.0,22222.0,4,5,2,2.0,Old Property,2700.0,0,1,0,1,0,1,20,"28.4232° N, 77.0752° E",28.4232,77.0752
382,flat,kw royal court,sector 39,2.0,6250.0,5,4,3,9.0,Old Property,3556.0,0,1,0,0,0,2,49,"28.4434° N, 77.0515° E",28.4434,77.0515
383,flat,indiabulls centrum park,sector 103,1.35,7542.0,3,3,3+,3.0,Moderately Old,1620.0,1,0,0,0,0,1,168,"28.4949° N, 76.9845° E",28.4949,76.9845
384,flat,shree vardhman flora,sector 90,0.65,4815.0,2,2,3,6.0,Moderately Old,1222.0,1,0,0,0,0,0,165,"28.4085° N, 76.9369° E",28.4085,76.9369
385,flat,indiabulls centrum park,sector 103,1.32,7788.0,3,3,3+,6.0,Moderately Old,1300.0,1,0,0,0,0,0,49,"28.4949° N, 76.9845° E",28.4949,76.9845
386,flat,vatika xpressions,sector 88b,0.92,7360.0,2,2,2,3.0,Moderately Old,1300.0,0,0,0,1,0,0,174,"28.4446° N, 76.9542° E",28.4446,76.9542
387,flat,krrish florence estate,sector 70,1.3,5601.0,3,3,3,17.0,Under Construction,1865.0,0,0,0,0,0,1,61,"28.3968° N, 77.0233° E",28.3968,77.0233
388,flat,denso haryana housing society,manesar,0.9,4308.0,3,3,3+,5.0,Moderately Old,2321.0,0,1,0,0,0,0,7,"28.3515° N, 76.9428° E",28.3515,76.9428
389,flat,millenia,sector 37c,0.4,6667.0,2,2,2,4.0,New Property,667.0,0,0,0,0,0,0,29,"28.4515° N, 76.9882° E",28.4515,76.9882
390,flat,umang winter hills,sector 77,1.0,7502.0,2,2,2,3.0,New Property,1489.0,0,0,0,0,0,0,74,"28.3801° N, 76.9845° E",28.3801,76.9845
391,flat,m3m golfestate,sector 65,6.1,18139.0,3,3,3,19.0,Moderately Old,3027.0,1,1,0,0,0,1,174,"28.4030° N, 77.0690° E",28.403,77.069
392,flat,hero homes,sector 104,1.9,11249.0,3,3,3,16.0,Moderately Old,1365.0,0,0,0,1,0,1,103,"28.4788° N, 76.9960° E",28.4788,76.996
393,flat,bestech park view grand spa,sector 81,2.22,8346.0,3,4,3+,15.0,Moderately Old,2407.0,0,1,0,0,0,1,174,"28.3867° N, 76.9485° E",28.3867,76.9485
394,house,dlf city plots,sector 26,13.5,29880.0,5,5,3,2.0,Old Property,4518.0,1,1,1,1,0,1,110,"28.4757° N, 77.1032° E",28.4757,77.1032
395,flat,vatika gurgaon,sector 83,1.12,6455.0,3,3,2,4.0,Moderately Old,1200.0,1,1,1,1,0,1,165,"28.3986° N, 76.9647° E",28.3986,76.9647
396,flat,umang monsoon breeze,sector 78,0.88,4746.0,3,4,3,8.0,Moderately Old,1668.0,0,1,0,1,0,0,111,"28.3733° N, 76.9729° E",28.3733,76.9729
397,flat,krrish florence estate,sector 70,1.65,7765.0,3,4,3+,27.0,New Property,1923.0,1,1,0,0,0,0,81,"28.3968° N, 77.0233° E",28.3968,77.0233
398,flat,vatika the seven lamps,sector 82,1.37,8754.0,3,3,3,11.0,Moderately Old,2000.0,1,1,0,1,0,1,145,"28.3935° N, 76.9600° E",28.3935,76.96
399,flat,dlf regal gardens,sector 90,1.25,10417.0,3,3,3,18.0,Moderately Old,1437.0,0,1,0,0,0,0,100,"28.4085° N, 76.9369° E",28.4085,76.9369
400,flat,supertech hues,sector 68,1.0,8475.0,2,2,2,12.0,New Property,1311.0,0,0,0,0,0,0,54,"28.3853° N, 77.0484° E",28.3853,77.0484
401,flat,shapoorji pallonji joyville gurugram,sector 102,1.4,11667.0,2,2,3,0.0,Moderately Old,1286.0,0,0,0,0,0,0,80,"28.4750° N, 76.9715° E",28.475,76.9715
402,flat,tulip violet,sector 69,1.6,10139.0,3,3,2,0.0,Moderately Old,1428.0,0,0,0,1,0,0,166,"28.3966° N, 77.0341° E",28.3966,77.0341
403,house,kothi,sector 17b,6.95,15444.0,4,4,3+,2.0,Old Property,3500.0,1,1,1,1,0,0,33,"28.4806° N, 77.0663° E",28.4806,77.0663
404,flat,nbcc heights,sector 89,0.75,6579.0,2,2,2,6.0,Moderately Old,1032.0,0,0,0,0,0,0,0,"28.4253° N, 76.9439° E",28.4253,76.9439
405,flat,the nav manesar apartment,sector 1,0.85,3953.0,3,3,3+,5.0,Moderately Old,1946.0,0,1,0,0,0,0,5,"28.3663° N, 76.9456° E",28.3663,76.9456
406,flat,essel towers,sector 14,2.2,12500.0,3,4,3+,3.0,Old Property,1956.0,0,0,0,0,0,0,0,"28.4711° N, 77.0454° E",28.4711,77.0454
407,flat,dlf regal gardens,sector 90,1.79,8081.0,4,3,3+,10.0,Moderately Old,2461.0,0,0,0,0,0,0,63,"28.4085° N, 76.9369° E",28.4085,76.9369
408,flat,emaar mgf emerald floors premier,sector 65,2.25,13636.0,3,3,3+,3.0,Moderately Old,1493.0,1,1,0,0,0,0,152,"28.4030° N, 77.0690° E",28.403,77.069
409,house,independent,sector 8,0.82,10224.0,2,4,0,2.0,Old Property,891.0,0,0,0,0,0,0,0,"28.3738° N, 76.8970° E",28.3738,76.897
410,flat,pareena mi casa,sector 68,0.92,7390.0,2,2,3,5.0,Under Construction,1127.0,0,0,0,0,1,0,50,"28.3853° N, 77.0484° E",28.3853,77.0484
411,house,landmark house,sector 43,2.75,25463.0,3,3,1,2.0,Old Property,1080.0,0,0,0,1,0,0,21,"28.4629° N, 77.0772° E",28.4629,77.0772
412,flat,ss the leaf,sector 85,1.77,7350.0,3,4,3,6.0,Moderately Old,1450.0,0,1,0,0,0,1,135,"28.4042° N, 76.9513° E",28.4042,76.9513
413,flat,bestech park view residency,sector 2,0.56,8550.0,1,1,2,7.0,Moderately Old,722.0,0,0,0,0,0,0,92,"28.5095° N, 77.0320° E",28.5095,77.032
414,flat,godrej,sector 79,1.35,8970.0,3,3,2,7.0,Moderately Old,1362.0,0,0,0,0,0,0,118,"28.3624° N, 76.9787° E",28.3624,76.9787
415,flat,raheja vedaanta,sector 108,0.8,4080.0,3,3,3,9.0,Moderately Old,1663.0,0,0,0,1,0,0,174,"28.5134° N, 76.9830° E",28.5134,76.983
416,flat,hector trimurti heights,sector 39,1.5,6383.0,4,3,3,10.0,Old Property,2611.0,0,1,0,0,0,2,49,"28.4434° N, 77.0515° E",28.4434,77.0515
417,flat,la vida by tata housing,sector 113,2.48,14091.0,3,3,3+,8.0,New Property,1980.0,0,1,0,0,0,0,79,"28.5287° N, 77.0233° E",28.5287,77.0233
418,flat,suposhaa smartworld orchard,sector 61,2.17,14000.0,3,3,3,1.0,Under Construction,1721.0,0,0,0,0,0,0,0,"28.4050° N, 77.0963° E",28.405,77.0963
419,flat,pareena coban residences,sector 99a,1.16,5809.0,3,3,3,3.0,Moderately Old,1790.0,0,1,0,0,1,0,49,"28.4561° N, 76.9542° E",28.4561,76.9542
420,house,eros rosewood villas,sector 49,2.75,19841.0,3,3,1,2.0,Old Property,1833.0,0,0,0,0,1,1,80,"28.4121° N, 77.0480° E",28.4121,77.048
421,flat,smart world gems,sector 89,1.0,9009.0,2,2,3,3.0,New Property,1233.0,1,0,0,0,1,0,99,"28.4253° N, 76.9439° E",28.4253,76.9439
422,flat,godrej air,sector 85,2.6,12212.0,3,3,3,17.0,Moderately Old,2129.0,0,1,0,0,0,0,44,"28.4042° N, 76.9513° E",28.4042,76.9513
423,flat,bestech altura,sector 79,1.9,8837.0,3,4,3,11.0,Under Construction,1946.0,0,0,0,0,0,0,96,"28.3624° N, 76.9787° E",28.3624,76.9787
424,flat,raheja revanta,sector 78,1.2,10017.0,1,2,2,32.0,Under Construction,823.0,0,0,0,0,0,0,39,"28.3733° N, 76.9729° E",28.3733,76.9729
425,house,huda flats,sector 7,2.3,17037.0,5,3,3+,3.0,Old Property,1350.0,1,1,0,1,0,0,27,"28.4644° N, 77.0143° E",28.4644,77.0143
426,flat,sobha city,sector 108,3.35,13267.0,3,4,2,19.0,New Property,1876.0,0,0,0,0,0,0,102,"28.5134° N, 76.9830° E",28.5134,76.983
427,house,eldeco mansionz,sector 48,5.15,18885.0,5,7,3,2.0,Old Property,302.0,0,1,0,1,0,1,145,"28.4177° N, 77.0359° E",28.4177,77.0359
428,flat,dlf regency park,sector 28,1.24,12400.0,2,2,3+,19.0,Old Property,1050.0,0,0,0,1,0,1,157,"28.4728° N, 77.0865° E",28.4728,77.0865
429,flat,unitech the residences,sector 33,1.1,9910.0,2,2,3,9.0,Moderately Old,1100.0,0,0,0,0,0,1,44,"28.4420° N, 77.0207° E",28.442,77.0207
430,flat,bestech altura,sector 79,2.55,9533.0,4,5,2,4.0,New Property,2675.0,0,1,0,0,0,0,44,"28.3624° N, 76.9787° E",28.3624,76.9787
431,flat,sare homes,sector 92,0.5,4237.0,3,3,2,1.0,Moderately Old,1068.0,0,0,0,0,0,0,26,"28.4079° N, 76.9153° E",28.4079,76.9153
432,flat,ansal heights,sector 92,0.6,4545.0,2,2,3,11.0,Under Construction,1195.0,0,0,0,0,1,0,23,"28.4079° N, 76.9153° E",28.4079,76.9153
433,flat,m3m merlin,sector 67,3.4,14419.0,3,4,3,15.0,Moderately Old,2123.0,0,1,0,0,0,1,110,"28.3859° N, 77.0608° E",28.3859,77.0608
434,flat,ats triumph,sector 104,1.73,7555.0,3,4,3+,15.0,Moderately Old,2072.0,0,1,0,0,0,0,159,"28.4788° N, 76.9960° E",28.4788,76.996
435,flat,bestech altura,sector 79,1.85,8605.0,3,3,3,7.0,New Property,1650.0,0,1,0,0,0,0,53,"28.3624° N, 76.9787° E",28.3624,76.9787
436,flat,sbtl caladium,sector 109,1.2,6383.0,3,2,2,8.0,Moderately Old,1701.0,0,0,0,0,0,0,151,"28.5073° N, 77.0089° E",28.5073,77.0089
437,flat,mapsko casa bella,sector 82,1.3,6379.0,4,4,3+,1.0,Moderately Old,1774.0,0,1,0,0,0,0,130,"28.3935° N, 76.9600° E",28.3935,76.96
438,flat,pyramid urban homes 2,sector 86,0.44,7321.0,2,2,2,6.0,Moderately Old,668.0,0,0,0,0,0,1,63,"28.3986° N, 76.9384° E",28.3986,76.9384
439,flat,godrej nature plus,sector 33,1.55,9955.0,3,2,3+,8.0,New Property,1730.0,0,0,0,0,0,0,43,"28.4420° N, 77.0207° E",28.442,77.0207
440,house,independent,sector 38,3.5,20325.0,3,2,2,1.0,Moderately Old,1712.0,0,0,0,0,0,0,0,"28.4347° N, 77.0430° E",28.4347,77.043
441,flat,rose apartment,sector 28,3.0,10482.0,3,5,3+,8.0,Old Property,2590.0,0,0,0,0,0,0,0,"28.4728° N, 77.0865° E",28.4728,77.0865
442,house,independent,sector 57,8.0,29630.0,5,4,3,2.0,Moderately Old,300.0,1,1,0,1,0,0,21,"28.4232° N, 77.0752° E",28.4232,77.0752
443,flat,m3m urbana,sector 67,0.95,10894.0,1,1,1,17.0,Moderately Old,826.0,0,0,0,0,0,0,49,"28.3859° N, 77.0608° E",28.3859,77.0608
444,flat,m3m skywalk,sector 74,1.54,11000.0,2,2,3+,22.0,Moderately Old,1200.0,0,0,0,0,1,0,137,"28.4158° N, 77.0118° E",28.4158,77.0118
445,flat,godrej,sector 79,1.12,7147.0,2,2,3,6.0,Moderately Old,1325.0,1,0,0,0,0,0,49,"28.3624° N, 76.9787° E",28.3624,76.9787
446,flat,hero homes,sector 104,1.2,17544.0,2,2,2,22.0,Moderately Old,877.0,0,0,0,0,0,0,30,"28.4788° N, 76.9960° E",28.4788,76.996
447,house,signature global city 63a,sector 63,1.5,6289.0,3,3,2,1.0,New Property,2385.0,0,0,0,0,0,0,0,"28.3971° N, 77.0867° E",28.3971,77.0867
448,flat,emaar gurgaon greens,sector 102,1.6,9697.0,3,3,3,8.0,Moderately Old,1315.0,0,0,0,0,0,0,46,"28.4750° N, 76.9715° E",28.475,76.9715
449,house,independent,sector 14,4.6,20444.0,1,1,0,1.0,Old Property,2250.0,0,0,0,0,0,0,0,"28.4711° N, 77.0454° E",28.4711,77.0454
450,flat,imperia elvedor,sector 37c,0.55,8221.0,1,1,0,5.0,Moderately Old,669.0,0,0,0,0,0,0,0,"28.4515° N, 76.9882° E",28.4515,76.9882
451,flat,corona optus,sector 37c,1.22,6912.0,3,4,3,5.0,Moderately Old,1665.0,0,0,0,0,0,0,149,"28.4515° N, 76.9882° E",28.4515,76.9882
452,flat,shree vardhman victoria,sector 70,1.25,9259.0,2,2,3,3.0,Moderately Old,1222.0,1,0,0,0,0,0,43,"28.3968° N, 77.0233° E",28.3968,77.0233
453,flat,sare crescent parc royal greens phase 1,sector 92,0.65,4511.0,3,3,3,1.0,Moderately Old,1304.0,0,0,0,0,0,0,91,"28.4079° N, 76.9153° E",28.4079,76.9153
454,flat,indiabulls enigma,sector 110,3.79,9896.0,5,5,3,4.0,Moderately Old,3466.0,0,1,0,0,1,0,125,"28.5145° N, 77.0197° E",28.5145,77.0197
455,flat,dlf new town heights,sector 90,1.15,5959.0,3,3,3+,9.0,Moderately Old,1747.0,0,1,0,1,0,0,88,"28.4085° N, 76.9369° E",28.4085,76.9369
456,house,naman residency,sector 4,0.5,11111.0,2,2,2,2.0,New Property,450.0,1,1,0,1,1,0,14,"28.4738° N, 77.0107° E",28.4738,77.0107
457,flat,indiabulls enigma,sector 110,3.4,10000.0,4,5,3,3.0,Moderately Old,3077.0,0,1,1,0,0,0,90,"28.5145° N, 77.0197° E",28.5145,77.0197
458,flat,m3m capital,sector 113,1.83,13969.0,2,2,0,7.0,Moderately Old,1310.0,0,0,0,0,0,0,68,"28.5287° N, 77.0233° E",28.5287,77.0233
459,flat,sbtl caladium,sector 109,1.68,6601.0,3,3,3+,7.0,Moderately Old,2303.0,0,1,0,0,0,0,134,"28.5073° N, 77.0089° E",28.5073,77.0089
460,flat,m3m heights,sector 65,2.5,13602.0,3,3,3,19.0,Moderately Old,1654.0,0,0,0,0,0,0,48,"28.4030° N, 77.0690° E",28.403,77.069
461,flat,puri diplomatic greens,sector 111,5.25,11667.0,4,6,3+,7.0,Moderately Old,4072.0,0,1,0,0,0,1,134,"28.5238° N, 77.0320° E",28.5238,77.032
462,flat,tulip violet,sector 69,1.95,9701.0,4,4,2,0.0,Moderately Old,1819.0,0,0,0,0,0,0,157,"28.3966° N, 77.0341° E",28.3966,77.0341
463,flat,vatika gurgaon,sector 83,1.18,6801.0,3,3,2,14.0,Moderately Old,1618.0,0,0,0,0,0,0,26,"28.3986° N, 76.9647° E",28.3986,76.9647
464,flat,m3m latitude,sector 65,4.6,26791.0,3,3,3,7.0,New Property,1908.0,1,1,1,1,0,0,115,"28.4030° N, 77.0690° E",28.403,77.069
465,flat,shree vardhman flora,sector 90,0.65,5000.0,2,2,2,12.0,Old Property,1176.0,1,0,0,0,0,0,103,"28.4085° N, 76.9369° E",28.4085,76.9369
466,flat,emaar palm heights,sector 77,2.1,10370.0,3,3,3,17.0,New Property,1833.0,1,1,0,0,0,0,8,"28.3801° N, 76.9845° E",28.3801,76.9845
467,flat,tulip violet,sector 69,3.1,9823.0,4,6,3+,14.0,Moderately Old,2817.0,0,1,0,1,0,0,174,"28.3966° N, 77.0341° E",28.3966,77.0341
468,flat,dlf new town heights,sector 86,1.3,6736.0,3,3,3,15.0,Moderately Old,1715.0,0,1,0,1,0,1,49,"28.3986° N, 76.9384° E",28.3986,76.9384
469,flat,emaar palm heights,sector 77,1.79,8840.0,3,3,3,1.0,New Property,1600.0,0,1,0,0,0,1,49,"28.3801° N, 76.9845° E",28.3801,76.9845
470,house,not applicable,sector 4,0.75,11719.0,2,4,3,2.0,Old Property,640.0,0,0,0,0,0,0,0,"28.4738° N, 77.0107° E",28.4738,77.0107
471,flat,shree vardhman victoria,sector 70,1.55,7949.0,3,3,3,6.0,Moderately Old,1527.0,1,1,0,1,1,0,49,"28.3968° N, 77.0233° E",28.3968,77.0233
472,flat,vatika city homes,sector 83,1.05,8571.0,3,3,3,8.0,Moderately Old,1468.0,0,0,0,1,0,1,103,"28.3986° N, 76.9647° E",28.3986,76.9647
473,flat,emaar mgf emerald floors premier,sector 65,2.55,15455.0,3,3,3,3.0,Moderately Old,1469.0,1,1,0,0,0,0,21,"28.4030° N, 77.0690° E",28.403,77.069
474,flat,radhakrishna society,sector 23,0.55,5000.0,2,2,1,1.0,Moderately Old,995.0,0,0,0,0,0,1,29,"28.5121° N, 77.0478° E",28.5121,77.0478
475,flat,bptp terra,sector 37d,1.6,7303.0,4,3,3+,7.0,Moderately Old,2000.0,0,0,0,0,1,1,139,"28.4478° N, 76.9703° E",28.4478,76.9703
476,flat,sobha city,sector 108,2.1,13972.0,2,2,2,3.0,Moderately Old,1250.0,0,0,0,0,0,0,74,"28.5134° N, 76.9830° E",28.5134,76.983
477,flat,bptp freedom park life,sector 57,5.5,8983.0,5,6,3+,19.0,Old Property,5010.0,0,1,0,1,0,1,153,"28.4232° N, 77.0752° E",28.4232,77.0752
478,flat,m3m heights,sector 65,2.8,14997.0,3,3,3,20.0,Moderately Old,1654.0,0,0,0,0,0,0,91,"28.4030° N, 77.0690° E",28.403,77.069
479,house,independent,sector 38,4.0,21786.0,6,6,3+,4.0,Old Property,1836.0,1,1,0,1,1,1,137,"28.4347° N, 77.0430° E",28.4347,77.043
480,house,independent,sector 25,6.6,36667.0,6,7,3+,2.0,Old Property,1800.0,1,1,0,0,0,1,119,"28.4844° N, 77.0860° E",28.4844,77.086
481,house,independent,sector 4,0.55,6815.0,2,1,1,1.0,Old Property,75.0,0,0,0,0,0,0,0,"28.4738° N, 77.0107° E",28.4738,77.0107
482,flat,godrej summit premia towers,sector 104,0.9,7149.0,2,2,0,16.0,Moderately Old,1259.0,0,0,0,0,0,0,0,"28.4788° N, 76.9960° E",28.4788,76.996
483,flat,pioneer park,sector 61,2.0,11765.0,3,3,3,24.0,Moderately Old,1538.0,0,0,0,0,0,1,75,"28.4050° N, 77.0963° E",28.405,77.0963
484,house,independent,sector 57,6.21,23000.0,6,6,3+,4.0,Old Property,2700.0,1,1,1,1,0,0,52,"28.4232° N, 77.0752° E",28.4232,77.0752
485,flat,antriksh heights,sector 84,0.9,6207.0,3,3,3+,12.0,Moderately Old,1525.0,0,0,0,0,0,0,166,"28.3979° N, 76.9736° E",28.3979,76.9736
486,house,independent,sector 54,3.75,26042.0,4,4,3,3.0,Old Property,160.0,0,1,0,0,0,1,13,"28.4348° N, 77.1089° E",28.4348,77.1089
487,flat,mapsko mount ville,sector 79,1.2,8054.0,3,3,3,24.0,Moderately Old,1348.0,0,0,0,0,0,1,8,"28.3624° N, 76.9787° E",28.3624,76.9787
488,flat,bestech park view city,sector 49,2.9,12170.0,4,4,3+,5.0,Moderately Old,2157.0,0,1,0,0,0,0,117,"28.4121° N, 77.0480° E",28.4121,77.048
489,flat,emaar imperial gardens,sector 102,1.91,9550.0,3,4,2,17.0,Moderately Old,1587.0,1,1,0,0,0,1,152,"28.4750° N, 76.9715° E",28.475,76.9715
490,flat,godrej air,sector 85,1.35,13636.0,2,2,3,19.0,Moderately Old,102.0,0,0,0,0,0,0,44,"28.4042° N, 76.9513° E",28.4042,76.9513
491,flat,hcbs sports ville,sector 2,0.35,4375.0,2,2,2,8.0,Moderately Old,800.0,0,0,0,0,0,0,37,"28.5095° N, 77.0320° E",28.5095,77.032
492,flat,suncity platinum towers,sector 28,6.0,22346.0,3,3,2,8.0,Old Property,2983.0,0,1,0,0,0,0,31,"28.4728° N, 77.0865° E",28.4728,77.0865
493,house,independent,sector 105,9.9,49500.0,2,2,2,3.0,Old Property,2000.0,0,0,0,0,0,0,0,"28.4952° N, 77.0114° E",28.4952,77.0114
494,flat,raheja atlantis,sector 31,5.5,18688.0,4,5,3+,1.0,Moderately Old,2663.0,1,1,0,1,0,0,81,"28.4528° N, 77.0498° E",28.4528,77.0498
495,house,independent,sector 56,7.5,23148.0,8,8,3+,3.0,Moderately Old,3240.0,1,1,0,1,0,2,42,"28.4245° N, 77.0991° E",28.4245,77.0991
496,flat,godrej,sector 79,1.91,8512.0,3,4,3+,7.0,Moderately Old,2031.0,0,1,0,0,0,0,158,"28.3624° N, 76.9787° E",28.3624,76.9787
497,flat,parsvnath green ville,sector 48,3.3,9985.0,5,5,3+,4.0,Old Property,3305.0,0,1,0,0,0,0,71,"28.4177° N, 77.0359° E",28.4177,77.0359
498,flat,emaar gurgaon greens,sector 102,1.45,8788.0,3,3,2,7.0,Moderately Old,1493.0,0,1,0,0,0,0,169,"28.4750° N, 76.9715° E",28.475,76.9715
499,house,independent,sector 7,2.25,16892.0,5,3,0,2.0,Old Property,148.0,0,0,0,0,0,0,0,"28.4644° N, 77.0143° E",28.4644,77.0143
500,flat,pioneer araya,sector 62,9.2,19944.0,4,6,3,5.0,Moderately Old,3867.0,0,1,0,1,0,1,156,"28.4139° N, 77.0886° E",28.4139,77.0886
501,house,independent,sector 110,0.34,6800.0,1,1,0,1.0,Moderately Old,500.0,0,0,0,0,0,0,0,"28.5145° N, 77.0197° E",28.5145,77.0197
502,flat,today callidora,sector 73,0.9,5549.0,3,3,3,3.0,Under Construction,1622.0,0,1,0,0,0,0,63,"28.4072° N, 77.0118° E",28.4072,77.0118
503,flat,signature global the millennia 3,sector 37d,0.45,7627.0,2,3,2,8.0,Moderately Old,656.0,0,0,0,0,0,0,8,"28.4478° N, 76.9703° E",28.4478,76.9703
504,flat,ireo uptown,sector 66,1.32,11438.0,2,2,2,6.0,Moderately Old,1048.0,0,0,0,0,0,0,45,"28.3925° N, 77.0541° E",28.3925,77.0541
505,flat,ss the leaf,sector 85,2.0,6579.0,4,5,3+,1.0,Moderately Old,2545.0,0,1,1,0,0,0,106,"28.4042° N, 76.9513° E",28.4042,76.9513
506,house,independent,sector 43,2.15,13030.0,1,1,0,1.0,Old Property,1650.0,0,0,0,0,0,0,0,"28.4629° N, 77.0772° E",28.4629,77.0772
507,flat,signature global city,sector 37d,1.1,8800.0,3,3,3,1.0,Moderately Old,1389.0,0,0,0,0,0,0,16,"28.4478° N, 76.9703° E",28.4478,76.9703
508,house,independent,sector 25,10.85,38150.0,6,6,1,3.0,Moderately Old,2844.0,0,0,1,0,0,1,136,"28.4844° N, 77.0860° E",28.4844,77.086
509,flat,bhagwati sadan,sector 12,1.15,5750.0,3,4,2,2.0,Old Property,2000.0,1,1,0,0,1,1,28,"28.4723° N, 77.0320° E",28.4723,77.032
510,house,ansal heights,sector 92,2.75,9793.0,4,4,3+,3.0,Moderately Old,5000.0,1,0,0,1,0,0,0,"28.4079° N, 76.9153° E",28.4079,76.9153
511,house,sushant lok 1 builder floors,sector 43,10.85,28841.0,8,8,3,3.0,Old Property,3762.0,1,1,1,1,0,2,160,"28.4629° N, 77.0772° E",28.4629,77.0772
512,flat,bptp terra,sector 37d,1.4,7731.0,3,3,3,5.0,Moderately Old,1711.0,0,0,0,0,0,1,149,"28.4478° N, 76.9703° E",28.4478,76.9703
513,house,ansals florence villa,sector 57,3.65,10580.0,6,6,2,3.0,Old Property,3450.0,1,1,1,1,0,2,152,"28.4232° N, 77.0752° E",28.4232,77.0752
514,house,independent,sector 41,1.65,13750.0,1,1,0,1.0,Old Property,1200.0,0,0,0,0,0,0,0,"28.4557° N, 77.0632° E",28.4557,77.0632
515,flat,mapsko mount ville,sector 79,1.5,8264.0,3,4,3+,11.0,Moderately Old,1416.0,0,1,0,0,0,1,144,"28.3624° N, 76.9787° E",28.3624,76.9787
516,flat,supertech araville,sector 79,0.8,6178.0,2,2,3+,9.0,New Property,1172.0,0,0,0,0,1,0,24,"28.3624° N, 76.9787° E",28.3624,76.9787
517,flat,brisk lumbini terrace homes,sector 109,1.5,6617.0,3,3,1,4.0,New Property,2519.0,0,1,0,0,0,0,37,"28.5073° N, 77.0089° E",28.5073,77.0089
518,flat,m3m golfestate,sector 65,6.15,15999.0,3,5,3+,1.0,Moderately Old,4271.0,0,1,0,0,0,2,49,"28.4030° N, 77.0690° E",28.403,77.069
519,house,unitech aspen greens,sector 50,12.0,37037.0,3,4,2,1.0,Old Property,3240.0,1,1,0,0,0,1,101,"28.4178° N, 77.0628° E",28.4178,77.0628
520,flat,dlf new town heights,sector 90,1.25,6477.0,3,3,3+,17.0,Moderately Old,1700.0,0,1,0,1,0,0,65,"28.4085° N, 76.9369° E",28.4085,76.9369
521,house,independent,manesar,2.0,14959.0,3,1,0,3.0,Old Property,1337.4,0,0,0,0,0,0,16,"28.3515° N, 76.9428° E",28.3515,76.9428
522,flat,tulip violet,sector 69,1.28,8112.0,3,3,2,12.0,Moderately Old,1428.0,0,0,0,1,0,1,49,"28.3966° N, 77.0341° E",28.3966,77.0341
523,flat,rof ananda,sector 95,0.32,5735.0,2,2,1,10.0,Moderately Old,610.0,0,0,0,1,0,1,50,"28.4172° N, 76.9081° E",28.4172,76.9081
524,house,independent,sector 105,0.38,8444.0,2,2,2,1.0,Old Property,56.0,0,0,0,0,0,0,0,"28.4952° N, 77.0114° E",28.4952,77.0114
525,flat,shapoorji pallonji joyville gurugram,sector 102,1.1,12182.0,2,2,1,8.0,Moderately Old,817.0,0,0,0,0,0,0,105,"28.4750° N, 76.9715° E",28.475,76.9715
526,house,independent,sector 17,9.5,23457.0,8,8,3,3.0,Moderately Old,500.0,1,0,0,0,0,1,27,"28.4791° N, 77.0608° E",28.4791,77.0608
527,house,independent,sector 12,1.4,8701.0,2,2,1,2.0,Old Property,166.0,0,0,0,0,0,0,0,"28.4723° N, 77.0320° E",28.4723,77.032
528,house,independent,sector 28,1.45,8002.0,3,2,1,1.0,Moderately Old,1800.0,0,0,0,0,0,0,0,"28.4728° N, 77.0865° E",28.4728,77.0865
529,flat,m3m heights,sector 65,2.25,13612.0,2,2,3,5.0,Moderately Old,1592.0,0,0,0,0,0,0,48,"28.4030° N, 77.0690° E",28.403,77.069
530,flat,godrej habitat,sector 3,1.3,9003.0,2,2,2,6.0,Under Construction,1604.0,0,0,0,0,0,0,36,"28.4909° N, 77.0176° E",28.4909,77.0176
531,flat,vatika gurgaon,sector 83,1.19,7438.0,3,3,2,10.0,Moderately Old,1778.0,0,1,0,0,0,1,35,"28.3986° N, 76.9647° E",28.3986,76.9647
532,house,independent,sector 45,17.0,37778.0,5,8,3+,3.0,Moderately Old,4500.0,1,1,1,1,0,2,152,"28.4466° N, 77.0660° E",28.4466,77.066
533,flat,dlf icon,sector 43,5.8,20707.0,4,4,3+,18.0,Moderately Old,2801.0,0,0,0,0,0,0,0,"28.4629° N, 77.0772° E",28.4629,77.0772
534,house,independent,sector 4,2.3,17012.0,4,4,3,2.0,Old Property,160.0,0,0,0,0,0,1,15,"28.4738° N, 77.0107° E",28.4738,77.0107
535,flat,microtek greenburg,sector 86,1.65,8707.0,3,4,3,8.0,Moderately Old,1715.0,0,1,0,0,0,0,124,"28.3986° N, 76.9384° E",28.3986,76.9384
536,flat,shapoorji pallonji joyville gurugram,sector 102,0.95,10383.0,2,2,2,14.0,Moderately Old,915.0,0,0,0,0,0,0,0,"28.4750° N, 76.9715° E",28.475,76.9715
537,house,unitech espace,sector 50,11.29,34846.0,5,5,3+,2.0,Old Property,3240.0,1,0,0,1,0,0,21,"28.4178° N, 77.0628° E",28.4178,77.0628
538,flat,signature global orchard avenue,sector 93,0.4,5479.0,2,2,0,0.0,Moderately Old,730.0,0,0,0,0,0,0,0,"28.4153° N, 76.9326° E",28.4153,76.9326
539,flat,signature global park 4,sector 36,0.72,6660.0,3,2,3,3.0,Under Construction,978.0,0,0,0,0,0,0,0,"28.4160° N, 76.9914° E",28.416,76.9914
540,flat,experion the heartsong,sector 108,1.02,7950.0,2,3,3,4.0,Moderately Old,1283.0,1,0,0,0,0,0,112,"28.5134° N, 76.9830° E",28.5134,76.983
541,house,independent,sector 14,4.15,18444.0,5,4,2,2.0,Old Property,2250.0,0,0,0,0,0,1,51,"28.4711° N, 77.0454° E",28.4711,77.0454
542,flat,ireo uptown,sector 66,1.85,12568.0,2,3,3,16.0,Moderately Old,1470.0,0,1,0,0,1,1,79,"28.3925° N, 77.0541° E",28.3925,77.0541
543,flat,emaar mgf emerald floors premier,sector 65,2.24,13576.0,3,3,3,2.0,Moderately Old,1833.0,1,1,0,0,0,0,46,"28.4030° N, 77.0690° E",28.403,77.069
544,flat,raheja the vedaanta floors,sector 108,0.7,4522.0,2,2,3,1.0,Moderately Old,1720.0,0,0,0,0,0,1,0,"28.5134° N, 76.9830° E",28.5134,76.983
545,flat,mahindra luminare,sector 59,5.8,19174.0,3,4,3,16.0,New Property,3361.0,0,1,0,0,0,1,49,"28.4051° N, 77.1097° E",28.4051,77.1097
546,house,independent,sector 2,3.65,23443.0,3,9,3+,3.0,New Property,1557.0,0,1,0,1,0,1,116,"28.5095° N, 77.0320° E",28.5095,77.032
547,flat,signature global superbia,sector 95,0.4,6723.0,2,2,3,2.0,New Property,661.0,0,0,0,0,0,0,0,"28.4172° N, 76.9081° E",28.4172,76.9081
548,house,independent,sector 55,3.55,24500.0,4,4,3+,2.0,Old Property,1449.0,0,0,0,0,0,1,27,"28.4281° N, 77.1100° E",28.4281,77.11
549,flat,vatika gurgaon,sector 83,1.42,8875.0,4,4,3,7.0,Moderately Old,2000.0,1,1,0,0,0,0,103,"28.3986° N, 76.9647° E",28.3986,76.9647
550,house,unitech espace,sector 50,10.45,32253.0,5,7,3+,3.0,Old Property,3240.0,1,1,0,1,1,1,153,"28.4178° N, 77.0628° E",28.4178,77.0628
551,house,independent,sector 26,8.9,32963.0,4,4,3+,2.0,Old Property,2700.0,1,1,1,1,0,0,82,"28.4757° N, 77.1032° E",28.4757,77.1032
552,house,independent,sector 46,3.55,24500.0,5,4,3+,3.0,Old Property,1449.0,0,1,0,0,0,1,73,"28.4374° N, 77.0586° E",28.4374,77.0586
553,flat,orris aster court premier,sector 85,1.25,5896.0,3,4,2,5.0,Moderately Old,1900.0,0,1,0,0,0,1,174,"28.4042° N, 76.9513° E",28.4042,76.9513
554,house,vipul tatvam villa,sector 48,19.5,22222.0,5,6,3,2.0,Old Property,8775.0,1,1,1,1,0,1,110,"28.4177° N, 77.0359° E",28.4177,77.0359
555,flat,signature global grand iva,sector 103,0.5,6250.0,2,2,2,10.0,Moderately Old,698.0,0,0,0,0,0,0,8,"28.4949° N, 76.9845° E",28.4949,76.9845
556,flat,godrej aria,sector 79,1.3,8844.0,2,2,2,7.0,Moderately Old,1330.0,1,0,0,0,0,1,116,"28.3624° N, 76.9787° E",28.3624,76.9787
557,flat,elevate,sector 50,6.75,19882.0,4,4,0,10.0,Moderately Old,3395.0,0,0,0,0,0,0,0,"28.4178° N, 77.0628° E",28.4178,77.0628
558,house,independent,sector 67,3.0,11905.0,4,4,0,3.0,Moderately Old,2800.0,0,0,0,0,0,0,0,"28.3859° N, 77.0608° E",28.3859,77.0608
559,flat,pareena coban residences,sector 99a,1.08,6626.0,3,5,3,2.0,Moderately Old,1750.0,0,1,0,0,1,0,49,"28.4561° N, 76.9542° E",28.4561,76.9542
560,flat,godrej summit,sector 104,1.35,5000.0,4,5,3+,0.0,Moderately Old,3000.0,1,1,1,1,0,0,112,"28.4788° N, 76.9960° E",28.4788,76.996
561,flat,ss,sector 85,2.09,7432.0,4,4,3,8.0,Moderately Old,2600.0,1,1,0,1,0,0,49,"28.4042° N, 76.9513° E",28.4042,76.9513
562,flat,smart world orchard,sector 61,1.9,22700.0,3,3,3,1.0,New Property,1137.0,0,0,0,0,0,0,30,"28.4050° N, 77.0963° E",28.405,77.0963
563,flat,emaar gurgaon greens,sector 102,1.45,14174.0,3,3,3,10.0,Moderately Old,1315.0,0,1,0,0,0,0,165,"28.4750° N, 76.9715° E",28.475,76.9715
564,flat,signature the roselia,sector 95,0.45,7909.0,2,2,2,2.0,New Property,632.0,0,0,0,0,0,1,31,"28.4172° N, 76.9081° E",28.4172,76.9081
565,flat,bestech park view city,sector 48,2.65,10323.0,4,4,3+,11.0,Moderately Old,2134.0,1,1,0,0,0,1,174,"28.4177° N, 77.0359° E",28.4177,77.0359
566,house,international city by sobha phase 2,sector 109,10.0,27778.0,4,5,3+,2.0,New Property,3600.0,1,1,0,1,1,1,49,"28.5073° N, 77.0089° E",28.5073,77.0089
567,flat,sare crescent parc,sector 92,1.0,4778.0,4,4,3,9.0,Moderately Old,2093.0,0,0,0,0,0,0,0,"28.4079° N, 76.9153° E",28.4079,76.9153
568,flat,conscient habitat,sector 99a,0.27,5602.0,2,2,1,8.0,Moderately Old,538.0,0,0,0,0,1,0,49,"28.4561° N, 76.9542° E",28.4561,76.9542
569,flat,m3m the marina,sector 68,1.02,8095.0,2,2,2,11.0,Moderately Old,1250.0,0,0,0,0,1,1,49,"28.3853° N, 77.0484° E",28.3853,77.0484
570,house,independent,sector 26,5.8,32222.0,4,3,2,2.0,Moderately Old,1800.0,0,0,1,0,0,0,21,"28.4757° N, 77.1032° E",28.4757,77.1032
571,flat,pareena mi casa,sector 68,1.7,8500.0,4,4,3+,23.0,New Property,1809.0,0,0,0,0,0,0,88,"28.3853° N, 77.0484° E",28.3853,77.0484
572,flat,apex our homes,sector 37c,0.35,3784.0,2,2,1,7.0,Moderately Old,850.0,0,0,0,0,0,1,158,"28.4515° N, 76.9882° E",28.4515,76.9882
573,flat,umang monsoon breeze,sector 78,0.9,4615.0,3,3,2,1.0,Moderately Old,1900.0,0,1,0,1,0,0,65,"28.3733° N, 76.9729° E",28.3733,76.9729
574,flat,m3m skywalk,sector 74,1.54,10815.0,2,2,3+,15.0,Moderately Old,1200.0,0,0,0,0,1,0,137,"28.4158° N, 77.0118° E",28.4158,77.0118
575,flat,bestech park view sanskruti,sector 92,1.9,8172.0,4,4,3+,10.0,Moderately Old,1920.0,1,1,0,1,1,0,49,"28.4079° N, 76.9153° E",28.4079,76.9153
576,flat,ramprastha primera,sector 37d,1.02,6000.0,3,2,3,22.0,Under Construction,1538.0,0,0,0,0,0,0,43,"28.4478° N, 76.9703° E",28.4478,76.9703
577,flat,sare homes,sector 92,0.95,4251.0,4,3,2,16.0,New Property,1983.0,0,0,0,0,0,0,95,"28.4079° N, 76.9153° E",28.4079,76.9153
578,house,sector 14 rwa,sector 14,6.5,26000.0,5,5,0,4.0,Old Property,2500.0,0,0,0,0,0,0,0,"28.4711° N, 77.0454° E",28.4711,77.0454
579,flat,smart world orchard,sector 61,1.65,13750.0,2,2,2,1.0,Under Construction,1333.0,1,0,0,0,0,0,16,"28.4050° N, 77.0963° E",28.405,77.0963
580,flat,godrej nature plus,sector 33,1.1,7971.0,2,2,2,14.0,Moderately Old,1533.0,0,0,0,0,0,0,56,"28.4420° N, 77.0207° E",28.442,77.0207
581,house,unitech espace,sector 50,9.8,30247.0,4,4,3,2.0,Old Property,300.0,0,1,0,0,0,0,22,"28.4178° N, 77.0628° E",28.4178,77.0628
582,house,central park flower valley,sector 33,1.15,9350.0,2,2,3,2.0,Moderately Old,1400.0,1,0,0,0,0,1,71,"28.4420° N, 77.0207° E",28.442,77.0207
583,flat,signature global city 37d ph 2,sector 37d,1.36,8848.0,3,3,3,1.0,Moderately Old,1535.0,0,0,0,1,1,0,37,"28.4478° N, 76.9703° E",28.4478,76.9703
584,flat,ireo uptown,sector 66,4.85,12999.0,4,4,3+,15.0,Moderately Old,3500.0,1,1,1,1,0,1,156,"28.3925° N, 77.0541° E",28.3925,77.0541
585,flat,unitech fresco,sector 50,1.82,9913.0,3,3,3+,14.0,Moderately Old,1830.0,0,0,0,0,1,1,174,"28.4178° N, 77.0628° E",28.4178,77.0628
586,flat,sobha city,sector 108,2.6,15196.0,3,3,2,11.0,New Property,1548.0,0,0,0,0,0,0,49,"28.5134° N, 76.9830° E",28.5134,76.983
587,flat,housing apna enclave,sector 4,0.39,4105.0,2,2,1,1.0,Moderately Old,950.0,0,0,0,0,0,0,0,"28.4738° N, 77.0107° E",28.4738,77.0107
588,flat,emaar mgf emerald floors premier,sector 65,2.0,12121.0,3,3,3,1.0,Moderately Old,1833.0,0,1,0,0,0,1,124,"28.4030° N, 77.0690° E",28.403,77.069
589,flat,ireo skyon,sector 60,2.05,15185.0,2,3,2,2.0,Moderately Old,1520.0,0,0,1,0,0,1,174,"28.4003° N, 77.0975° E",28.4003,77.0975
590,house,international city by sobha phase 2,sector 109,8.48,23556.0,4,6,3+,3.0,New Property,3600.0,1,1,1,1,0,0,153,"28.5073° N, 77.0089° E",28.5073,77.0089
591,flat,antriksh heights,sector 84,0.92,5041.0,3,3,3,2.0,Moderately Old,1652.0,1,0,0,1,0,0,67,"28.3979° N, 76.9736° E",28.3979,76.9736
592,flat,dlf the primus,sector 82a,2.2,10516.0,3,3,3+,16.0,Moderately Old,1893.0,0,1,0,0,0,2,174,"28.3858° N, 76.9686° E",28.3858,76.9686
593,flat,birla navya,sector 63a,3.23,26872.0,3,3,3,4.0,New Property,1640.0,0,1,0,0,0,0,52,"28.3923° N, 77.0888° E",28.3923,77.0888
594,flat,raheja atharva,sector 109,2.2,9491.0,3,3,2,7.0,Moderately Old,2576.0,0,1,0,0,0,1,111,"28.5073° N, 77.0089° E",28.5073,77.0089
595,house,independent,sector 55,1.45,26852.0,1,4,3+,4.0,Moderately Old,60.0,0,0,1,0,0,0,70,"28.4281° N, 77.1100° E",28.4281,77.11
596,flat,m3m woodshire,sector 107,0.82,6003.0,2,2,3+,7.0,Moderately Old,1236.0,0,0,0,0,0,0,111,"28.5052° N, 76.9729° E",28.5052,76.9729
597,flat,umang monsoon breeze,sector 78,0.8,4837.0,3,2,2,7.0,Moderately Old,1472.0,0,0,0,1,0,0,102,"28.3733° N, 76.9729° E",28.3733,76.9729
598,flat,parsvnath green ville,sector 48,2.5,12821.0,4,5,3,1.0,Moderately Old,2167.0,0,0,0,0,1,1,49,"28.4177° N, 77.0359° E",28.4177,77.0359
599,house,independent,sector 31,3.5,24155.0,4,4,3,2.0,Old Property,1449.0,0,0,1,0,0,1,70,"28.4528° N, 77.0498° E",28.4528,77.0498
600,flat,bptp terra,sector 37d,1.8,8215.0,4,3,3,12.0,Moderately Old,1983.0,1,0,0,0,0,1,144,"28.4478° N, 76.9703° E",28.4478,76.9703
601,flat,sunischit apartments,sector 54,1.75,7955.0,3,4,3+,5.0,Moderately Old,1900.0,0,1,0,0,0,1,83,"28.4348° N, 77.1089° E",28.4348,77.1089
602,flat,satya the hermitage,sector 103,0.93,6405.0,2,3,3,3.0,Moderately Old,1613.0,0,1,0,0,0,1,90,"28.4949° N, 76.9845° E",28.4949,76.9845
603,flat,ramprastha the atrium,sector 37d,0.9,6224.0,3,3,2,13.0,Moderately Old,1185.0,0,0,0,0,0,2,37,"28.4478° N, 76.9703° E",28.4478,76.9703
604,flat,experion windchants,sector 112,3.1,20667.0,2,2,3,9.0,Moderately Old,1667.0,1,1,1,0,0,1,80,"28.5189° N, 77.0183° E",28.5189,77.0183
605,house,international city by sobha phase 1,sector 109,6.3,9000.0,4,5,3+,2.0,Moderately Old,7000.0,0,0,0,0,0,1,122,"28.5073° N, 77.0089° E",28.5073,77.0089
606,house,independent,sector 7,1.2,11194.0,2,4,2,3.0,Old Property,1072.0,0,0,0,0,0,0,0,"28.4644° N, 77.0143° E",28.4644,77.0143
607,flat,pareena coban residences,sector 99a,1.1,7097.0,2,2,3,9.0,New Property,1368.0,1,0,0,0,0,0,88,"28.4561° N, 76.9542° E",28.4561,76.9542
608,flat,pareena laxmi apartments,sector 99a,0.3,5425.0,2,1,2,5.0,New Property,511.0,0,0,0,0,0,0,66,"28.4561° N, 76.9542° E",28.4561,76.9542
609,flat,ats kocoon,sector 109,2.22,10597.0,3,4,3,14.0,Moderately Old,1860.0,1,1,1,1,0,0,45,"28.5073° N, 77.0089° E",28.5073,77.0089
610,house,ardee city,sector 52,2.25,16071.0,3,3,3,4.0,New Property,1800.0,0,1,0,0,0,1,22,"28.4379° N, 77.0785° E",28.4379,77.0785
611,flat,awho sispal vihar,sector 49,2.0,7262.0,4,3,3+,4.0,Old Property,2492.0,0,0,0,0,0,0,65,"28.4121° N, 77.0480° E",28.4121,77.048
612,house,independent,sector 9,1.25,8735.0,3,6,3+,3.0,Old Property,1431.0,0,0,0,0,0,0,0,"28.4603° N, 77.0000° E",28.4603,77.0
613,house,international city by sobha phase 1,sector 109,5.7,10556.0,4,5,3+,3.0,Moderately Old,5400.0,1,1,1,1,0,0,160,"28.5073° N, 77.0089° E",28.5073,77.0089
614,flat,essel towers,sector 14,2.75,12500.0,4,5,3+,8.0,Old Property,2200.0,1,1,0,0,0,2,128,"28.4711° N, 77.0454° E",28.4711,77.0454
615,flat,ats triumph,sector 104,2.6,8254.0,4,4,3+,12.0,Moderately Old,2851.0,0,1,0,0,0,0,118,"28.4788° N, 76.9960° E",28.4788,76.996
616,flat,tulip violet,sector 69,1.68,8358.0,4,4,2,7.0,Moderately Old,1819.0,0,0,0,0,0,0,127,"28.3966° N, 77.0341° E",28.3966,77.0341
617,flat,bestech park view residency,sector 2,1.01,7138.0,2,2,3,0.0,Moderately Old,1281.0,0,0,0,0,0,0,92,"28.5095° N, 77.0320° E",28.5095,77.032
618,flat,shree vardhman flora,sector 90,1.27,4951.0,4,5,2,9.0,New Property,2248.0,1,1,0,0,0,0,83,"28.4085° N, 76.9369° E",28.4085,76.9369
619,flat,shapoorji pallonji joyville gurugram,sector 102,0.96,10492.0,2,2,2,10.0,Moderately Old,828.0,0,0,0,0,0,0,132,"28.4750° N, 76.9715° E",28.475,76.9715
620,house,palam vihar extension west zone rwa,sector 2,0.4,4444.0,3,4,2,2.0,Old Property,900.0,0,0,0,0,0,0,36,"28.5095° N, 77.0320° E",28.5095,77.032
621,flat,emaar mgf the enclave,sector 66,1.9,10556.0,3,4,2,8.0,Moderately Old,1850.0,0,1,0,0,0,1,174,"28.3925° N, 77.0541° E",28.3925,77.0541
622,flat,shree vardhman flora,sector 90,0.65,4815.0,2,2,3,10.0,Moderately Old,1222.0,1,0,0,0,0,1,83,"28.4085° N, 76.9369° E",28.4085,76.9369
623,flat,conscient heritage max,sector 102,1.78,9218.0,3,4,3+,5.0,Moderately Old,1748.0,0,1,0,0,0,0,125,"28.4750° N, 76.9715° E",28.475,76.9715
624,flat,ats tourmaline,sector 109,1.4,8000.0,3,3,3+,5.0,Moderately Old,1466.0,0,0,0,0,0,0,44,"28.5073° N, 77.0089° E",28.5073,77.0089
625,flat,rwa,sector 7,0.48,6000.0,3,2,1,1.0,New Property,889.0,0,0,0,0,0,0,21,"28.4644° N, 77.0143° E",28.4644,77.0143
626,flat,shree vardhman mantra,sector 67,0.56,7000.0,2,2,1,8.0,New Property,889.0,0,0,0,0,0,0,65,"28.3859° N, 77.0608° E",28.3859,77.0608
627,flat,ats triumph,sector 104,2.63,9564.0,4,4,3+,21.0,Moderately Old,2953.0,0,1,0,0,0,1,161,"28.4788° N, 76.9960° E",28.4788,76.996
628,flat,imt view society,manesar,0.95,3652.0,3,4,3,6.0,Moderately Old,2232.0,0,1,0,0,0,0,81,"28.3515° N, 76.9428° E",28.3515,76.9428
629,flat,sunischit apartments,sector 54,1.75,7955.0,3,3,3+,6.0,Moderately Old,2100.0,0,1,0,0,0,1,126,"28.4348° N, 77.1089° E",28.4348,77.1089
630,house,independent,sector 12,1.35,12217.0,2,5,1,3.0,Old Property,2052.0,0,0,0,0,0,0,31,"28.4723° N, 77.0320° E",28.4723,77.032
631,flat,ireo uptown,sector 66,1.5,11219.0,2,3,3,1.0,Moderately Old,1330.0,0,1,0,0,1,1,79,"28.3925° N, 77.0541° E",28.3925,77.0541
632,flat,ss the leaf,sector 85,2.2,11179.0,4,5,3+,4.0,Moderately Old,2390.0,0,1,0,1,0,0,174,"28.4042° N, 76.9513° E",28.4042,76.9513
633,flat,dlf new town heights,sector 86,1.25,6477.0,3,4,3+,2.0,Moderately Old,1747.0,0,1,0,1,0,0,65,"28.3986° N, 76.9384° E",28.3986,76.9384
634,flat,smart world gems,sector 89,0.95,8903.0,2,2,2,1.0,Moderately Old,804.0,1,0,0,0,0,0,122,"28.4253° N, 76.9439° E",28.4253,76.9439
635,house,independent,sector 47,4.3,29312.0,3,4,2,2.0,Moderately Old,1467.0,0,0,0,0,1,0,0,"28.4276° N, 77.0492° E",28.4276,77.0492
636,house,emaar emerald hills,sector 65,12.5,34722.0,4,4,3+,2.0,Moderately Old,3600.0,1,1,0,0,0,0,56,"28.4030° N, 77.0690° E",28.403,77.069
637,house,independent,sector 3,0.92,15257.0,4,1,0,1.0,Old Property,603.0,0,0,0,0,0,0,0,"28.4909° N, 77.0176° E",28.4909,77.0176
638,flat,tulip lemon,sector 69,0.62,12863.0,2,2,1,4.0,Moderately Old,536.0,0,0,0,0,0,1,108,"28.3966° N, 77.0341° E",28.3966,77.0341
639,flat,palam vihar extension west zone rwa,sector 2,0.2,4000.0,1,1,1,1.0,Moderately Old,556.0,0,0,0,0,1,0,0,"28.5095° N, 77.0320° E",28.5095,77.032
640,flat,adani m2k oyster grande,sector 102,2.35,8468.0,3,3,3,14.0,Moderately Old,2351.0,1,1,0,0,0,1,165,"28.4750° N, 76.9715° E",28.475,76.9715
641,flat,shree arihant apartment,sector 54,1.5,8108.0,3,3,3+,4.0,Moderately Old,1700.0,0,0,0,1,0,1,75,"28.4348° N, 77.1089° E",28.4348,77.1089
642,flat,rof ananda,sector 95,0.2,5464.0,1,1,1,10.0,Moderately Old,407.0,0,0,0,0,0,0,82,"28.4172° N, 76.9081° E",28.4172,76.9081
643,flat,adani m2k oyster grande,sector 102,1.95,7561.0,3,4,3,9.0,Moderately Old,2334.0,1,1,0,0,0,1,83,"28.4750° N, 76.9715° E",28.475,76.9715
644,flat,shree vardhman victoria,sector 70,1.23,9111.0,2,2,3,1.0,Moderately Old,1222.0,1,0,0,0,0,0,43,"28.3968° N, 77.0233° E",28.3968,77.0233
645,flat,smart world gems,sector 89,0.9,8160.0,2,2,2,3.0,New Property,998.0,1,0,0,0,1,0,95,"28.4253° N, 76.9439° E",28.4253,76.9439
646,flat,m3m capital,sector 113,2.87,12489.0,4,4,3+,3.0,Under Construction,2553.0,0,1,0,0,0,0,65,"28.5287° N, 77.0233° E",28.5287,77.0233
647,flat,hsiidc sidco shivalik apartments,manesar,0.85,5102.0,3,2,2,5.0,Moderately Old,1508.0,0,0,0,0,0,0,0,"28.3515° N, 76.9428° E",28.3515,76.9428
648,house,ansal sushant lok plots,sector 43,11.5,17692.0,7,8,3+,3.0,Old Property,9000.0,0,1,1,1,0,1,31,"28.4629° N, 77.0772° E",28.4629,77.0772
649,house,independent,sector 41,7.25,29293.0,9,8,3,4.0,Old Property,2475.0,0,1,0,0,0,1,94,"28.4557° N, 77.0632° E",28.4557,77.0632
650,flat,spaze privy at,sector 84,1.2,7453.0,2,2,3,3.0,Moderately Old,1457.0,1,0,0,0,0,1,133,"28.3979° N, 76.9736° E",28.3979,76.9736
651,flat,vatika lifestyle homes,sector 83,1.15,6553.0,3,2,3,15.0,Moderately Old,1588.0,0,0,0,0,0,0,37,"28.3986° N, 76.9647° E",28.3986,76.9647
652,flat,bestech park view ananda,sector 81,1.4,7735.0,3,3,3+,6.0,Moderately Old,1475.0,0,0,0,0,0,0,95,"28.3867° N, 76.9485° E",28.3867,76.9485
653,flat,smart world gems,sector 89,1.0,9009.0,2,2,3,3.0,New Property,1233.0,1,0,0,0,1,0,99,"28.4253° N, 76.9439° E",28.4253,76.9439
654,flat,supertech araville,sector 79,0.9,6950.0,2,2,0,12.0,Moderately Old,1295.0,0,0,0,0,0,0,0,"28.3624° N, 76.9787° E",28.3624,76.9787
655,house,suncity essel towers,sector 28,8.95,17900.0,5,6,3+,4.0,Old Property,5000.0,0,0,0,0,0,0,0,"28.4728° N, 77.0865° E",28.4728,77.0865
656,flat,chd avenue,sector 71,1.25,6596.0,3,4,2,14.0,Moderately Old,1577.0,1,1,0,1,1,2,128,"28.4104° N, 77.0281° E",28.4104,77.0281
657,house,4s aradhya homes,sector 67a,1.83,6778.0,4,4,2,4.0,New Property,2700.0,0,0,0,1,0,1,145,"28.3960° N, 77.0372° E",28.396,77.0372
658,house,independent,sector 7,1.35,4545.0,4,5,0,3.0,Old Property,330.0,0,0,0,0,0,0,0,"28.4644° N, 77.0143° E",28.4644,77.0143
659,house,dlf city plots phase 2,sector 25,4.5,33333.0,5,3,2,3.0,Old Property,1350.0,0,0,1,1,0,0,25,"28.4844° N, 77.0860° E",28.4844,77.086
660,flat,sare crescent parc royal greens phase 1,sector 92,0.75,4325.0,4,4,3+,3.0,Moderately Old,1734.0,0,0,0,0,0,0,93,"28.4079° N, 76.9153° E",28.4079,76.9153
661,flat,vatika sovereign next sector-82 a gurgaon,sector 82a,2.91,6700.0,4,4,3,6.0,Under Construction,3902.0,1,1,1,0,0,1,79,"28.3858° N, 76.9686° E",28.3858,76.9686
662,flat,lotus homz,sector 111,0.5,14837.0,1,1,1,2.0,Moderately Old,374.0,0,0,0,0,0,2,72,"28.5238° N, 77.0320° E",28.5238,77.032
663,flat,orchid petals,sector 49,1.95,9974.0,3,3,3,2.0,Old Property,1633.0,0,0,0,0,0,1,90,"28.4121° N, 77.0480° E",28.4121,77.048
664,house,independent,sector 4,0.8,11852.0,2,3,1,2.0,Old Property,675.0,0,0,0,0,0,0,0,"28.4738° N, 77.0107° E",28.4738,77.0107
665,flat,maxworth city residences,sector 10a,0.8,6400.0,2,3,2,9.0,New Property,1389.0,0,0,0,0,0,0,46,"28.4469° N, 77.0106° E",28.4469,77.0106
666,flat,pareena laxmi apartments,sector 99a,0.32,6107.0,2,2,2,2.0,New Property,473.0,0,0,0,0,0,0,50,"28.4561° N, 76.9542° E",28.4561,76.9542
667,flat,m3m golfestate,sector 65,5.0,18519.0,3,3,3+,28.0,Moderately Old,2800.0,0,1,0,1,0,1,165,"28.4030° N, 77.0690° E",28.403,77.069
668,flat,smart world gems,sector 89,1.1,9973.0,3,1,0,0.0,Moderately Old,1103.0,0,0,0,0,0,0,45,"28.4253° N, 76.9439° E",28.4253,76.9439
669,flat,tulip violet,sector 69,1.5,10714.0,3,3,2,8.0,Moderately Old,1492.0,0,0,0,1,0,1,174,"28.3966° N, 77.0341° E",28.3966,77.0341
670,flat,viridian the plaza 106,sector 106,0.39,5571.0,1,1,1,7.0,Moderately Old,567.0,0,0,0,0,0,0,130,"28.5007° N, 77.0003° E",28.5007,77.0003
671,flat,hsiidc sidco shivalik apartments,manesar,0.73,3559.0,3,3,3+,2.0,Moderately Old,1705.0,0,1,0,0,0,0,80,"28.3515° N, 76.9428° E",28.3515,76.9428
672,house,signature global city 92,sector 92,0.75,7821.0,2,2,3,1.0,Moderately Old,959.0,0,0,0,0,0,0,46,"28.4079° N, 76.9153° E",28.4079,76.9153
673,flat,surendra avenue 69,sector 69,0.75,6818.0,2,2,2,4.0,Moderately Old,1100.0,0,0,0,0,0,0,0,"28.3966° N, 77.0341° E",28.3966,77.0341
674,flat,deepak minda,manesar,1.25,4715.0,4,4,3+,6.0,Moderately Old,2946.0,0,0,0,0,0,1,44,"28.3515° N, 76.9428° E",28.3515,76.9428
675,house,ansal api esencia,sector 67,5.46,24170.0,4,5,3+,2.0,Moderately Old,2259.0,1,0,1,1,0,1,103,"28.3859° N, 77.0608° E",28.3859,77.0608
676,flat,m3m heights,sector 65,2.86,13999.0,3,3,3,45.0,Moderately Old,2267.0,0,1,0,0,0,0,48,"28.4030° N, 77.0690° E",28.403,77.069
677,flat,sobha city,sector 108,2.6,15196.0,3,3,2,8.0,Moderately Old,1548.0,0,0,0,0,0,0,99,"28.5134° N, 76.9830° E",28.5134,76.983
678,flat,apex our homes,sector 37c,0.33,3568.0,2,2,1,3.0,Moderately Old,850.0,0,0,0,0,0,1,158,"28.4515° N, 76.9882° E",28.4515,76.9882
679,flat,tulip purple,sector 69,1.8,9000.0,4,5,3+,4.0,Moderately Old,2200.0,0,1,0,0,0,0,165,"28.3966° N, 77.0341° E",28.3966,77.0341
680,flat,m3m skywalk,sector 74,2.25,13636.0,3,3,2,9.0,Moderately Old,1938.0,0,1,0,0,0,1,174,"28.4158° N, 77.0118° E",28.4158,77.0118
681,flat,shree vardhman victoria,sector 70,1.6,8205.0,3,5,3,6.0,Moderately Old,2167.0,0,1,0,0,0,0,174,"28.3968° N, 77.0233° E",28.3968,77.0233
682,flat,tata primanti,sector 72,5.0,11364.0,4,4,3+,2.0,New Property,4000.0,1,1,1,0,0,1,174,"28.4225° N, 77.0211° E",28.4225,77.0211
683,flat,ats marigold,sector 89,1.5,8499.0,3,3,3,5.0,Under Construction,1480.0,0,0,0,0,0,0,96,"28.4253° N, 76.9439° E",28.4253,76.9439
684,flat,puri emerald bay,sector 104,2.55,10408.0,4,4,3+,5.0,Moderately Old,2303.0,0,1,0,0,0,0,49,"28.4788° N, 76.9960° E",28.4788,76.996
685,flat,ansal heights 86,sector 86,1.3,4666.0,4,6,2,11.0,New Property,2521.0,0,1,0,0,1,0,86,"28.3986° N, 76.9384° E",28.3986,76.9384
686,flat,tulip violet,sector 69,1.32,8413.0,3,3,1,12.0,Moderately Old,1419.0,0,0,0,1,0,1,86,"28.3966° N, 77.0341° E",28.3966,77.0341
687,flat,ss the leaf,sector 85,2.2,6934.0,4,5,3+,4.0,Moderately Old,2545.0,0,0,0,0,0,0,106,"28.4042° N, 76.9513° E",28.4042,76.9513
688,flat,bestech park view ananda,sector 81,1.45,8011.0,3,3,3,8.0,Moderately Old,1650.0,0,0,0,0,1,1,128,"28.3867° N, 76.9485° E",28.3867,76.9485
689,flat,ramsons kshitij,sector 95,0.22,6471.0,1,1,1,2.0,New Property,308.0,0,0,0,0,0,0,0,"28.4172° N, 76.9081° E",28.4172,76.9081
690,flat,sobha city,sector 108,2.45,14040.0,3,3,3,15.0,Moderately Old,1460.0,0,0,0,0,0,0,49,"28.5134° N, 76.9830° E",28.5134,76.983
691,house,suncity avenue 76,sector 76,0.75,10067.0,2,2,2,11.0,New Property,745.0,0,0,0,0,0,0,40,"28.3935° N, 76.9888° E",28.3935,76.9888
692,flat,emaar gurgaon greens,sector 102,1.4,8485.0,3,3,3,10.0,Moderately Old,1300.0,0,1,0,0,0,0,46,"28.4750° N, 76.9715° E",28.475,76.9715
693,flat,ss the leaf,sector 85,1.2,9677.0,2,2,3+,9.0,Moderately Old,1491.0,0,0,1,0,0,0,148,"28.4042° N, 76.9513° E",28.4042,76.9513
694,flat,central park flower valley,sector 33,1.4,21538.0,3,3,3,2.0,Under Construction,588.0,0,0,0,0,0,0,54,"28.4420° N, 77.0207° E",28.442,77.0207
695,flat,dlf the ultima,sector 81,2.7,12802.0,3,3,3,15.0,Moderately Old,2343.0,0,1,0,0,0,1,49,"28.3867° N, 76.9485° E",28.3867,76.9485
696,flat,emaar palm gardens,sector 83,1.8,9474.0,3,3,3+,9.0,Moderately Old,1719.0,0,0,0,0,0,0,55,"28.3986° N, 76.9647° E",28.3986,76.9647
697,house,independent,sector 3,0.8,8155.0,2,4,1,2.0,Old Property,981.0,0,0,0,0,0,0,0,"28.4909° N, 77.0176° E",28.4909,77.0176
698,house,dlf city plots phase 2,sector 25,6.3,35000.0,4,4,3+,2.0,Old Property,1800.0,0,1,1,0,0,0,89,"28.4844° N, 77.0860° E",28.4844,77.086
699,house,emaar mgf marbella,sector 66,12.0,38095.0,5,6,3+,4.0,New Property,3150.0,0,1,0,1,0,0,38,"28.3925° N, 77.0541° E",28.3925,77.0541
700,flat,kendriya vihar,sector 56,0.55,9016.0,1,2,1,0.0,Old Property,678.0,0,0,0,0,0,0,68,"28.4245° N, 77.0991° E",28.4245,77.0991
701,flat,central park flower valley,sector 33,1.55,11923.0,3,3,3+,7.0,New Property,1444.0,0,0,0,0,0,1,28,"28.4420° N, 77.0207° E",28.442,77.0207
702,flat,dlf regency park,sector 28,2.26,13697.0,3,3,2,19.0,Old Property,1700.0,0,1,0,0,0,0,158,"28.4728° N, 77.0865° E",28.4728,77.0865
703,flat,godrej aria,sector 79,1.1,7774.0,2,2,3+,4.0,New Property,1223.0,0,0,0,0,0,1,49,"28.3624° N, 76.9787° E",28.3624,76.9787
704,flat,allure homes,sector 12,0.72,7273.0,2,2,1,2.0,Moderately Old,1100.0,0,0,0,0,1,1,16,"28.4723° N, 77.0320° E",28.4723,77.032
705,flat,orris aster court premier,sector 85,1.45,6840.0,3,4,2,3.0,New Property,1616.0,0,1,0,0,0,0,16,"28.4042° N, 76.9513° E",28.4042,76.9513
706,flat,dlf the icon,sector 43,6.0,26087.0,4,4,3+,18.0,Old Property,2556.0,0,1,0,0,0,1,150,"28.4629° N, 77.0772° E",28.4629,77.0772
707,flat,emaar digihomes,sector 62,2.1,14257.0,2,2,2,30.0,New Property,1365.0,0,1,0,0,0,0,52,"28.4139° N, 77.0886° E",28.4139,77.0886
708,flat,smart world orchard,sector 61,1.7,15004.0,2,2,2,4.0,Under Construction,1278.0,0,0,0,0,0,0,24,"28.4050° N, 77.0963° E",28.405,77.0963
709,house,unitech aspen greens,sector 50,6.8,31481.0,4,5,3,3.0,Old Property,220.0,1,1,0,0,0,1,111,"28.4178° N, 77.0628° E",28.4178,77.0628
710,flat,dlf the ultima,sector 81,2.12,10081.0,3,3,3+,9.0,Moderately Old,1650.0,1,1,0,1,1,2,49,"28.3867° N, 76.9485° E",28.3867,76.9485
711,flat,ambience creacions,sector 22,1.99,14420.0,2,2,2,9.0,New Property,1285.0,1,1,0,1,0,0,20,"28.5072° N, 77.0640° E",28.5072,77.064
712,flat,tarc maceo,sector 91,0.87,6641.0,2,2,2,9.0,Moderately Old,1148.0,0,0,1,0,0,0,78,"28.4014° N, 76.9225° E",28.4014,76.9225
713,flat,signature global city 63a,sector 63a,1.65,15264.0,2,2,2,1.0,Moderately Old,978.0,0,0,0,0,0,0,0,"28.3923° N, 77.0888° E",28.3923,77.0888
714,flat,ireo skyon,sector 60,2.12,15531.0,2,2,2,2.0,Moderately Old,1350.0,0,0,0,1,0,1,174,"28.4003° N, 77.0975° E",28.4003,77.0975
715,house,vatika india next,sector 83,1.7,7870.0,3,3,3+,4.0,New Property,2160.0,0,1,0,1,0,0,0,"28.3986° N, 76.9647° E",28.3986,76.9647
716,flat,park view apartment,sector 56,1.74,7565.0,3,3,3+,2.0,Old Property,2400.0,0,1,0,1,0,1,104,"28.4245° N, 77.0991° E",28.4245,77.0991
717,flat,emaar mgf palm hills,sector 77,1.55,7949.0,4,4,3+,2.0,Moderately Old,1800.0,1,1,0,0,0,2,49,"28.3801° N, 76.9845° E",28.3801,76.9845
718,house,international city by sobha phase 2,sector 109,5.65,10463.0,4,4,3+,2.0,New Property,5400.0,0,1,0,0,1,1,44,"28.5073° N, 77.0089° E",28.5073,77.0089
719,flat,orris aster court,sector 85,0.9,5671.0,3,3,3,8.0,Moderately Old,1436.0,0,0,0,0,0,0,49,"28.4042° N, 76.9513° E",28.4042,76.9513
720,flat,parsvnath green ville,sector 48,1.86,7654.0,3,3,3+,6.0,Moderately Old,2199.0,0,1,0,0,0,1,94,"28.4177° N, 77.0359° E",28.4177,77.0359
721,flat,emaar palm premier,sector 77,2.1,10500.0,3,4,3+,11.0,New Property,1600.0,0,1,0,0,0,1,129,"28.3801° N, 76.9845° E",28.3801,76.9845
722,flat,godrej summit,sector 104,1.1,8668.0,2,2,3,16.0,Under Construction,1148.0,0,0,0,0,1,0,88,"28.4788° N, 76.9960° E",28.4788,76.996
723,house,independent,sector 7,1.55,13889.0,2,2,2,1.0,Old Property,1080.0,0,0,0,0,0,1,52,"28.4644° N, 77.0143° E",28.4644,77.0143
724,flat,senate court,sector 62,0.9,14085.0,1,1,0,0.0,Moderately Old,639.0,0,0,0,0,0,0,0,"28.4139° N, 77.0886° E",28.4139,77.0886
725,flat,mittal cosmos executive apartments,sector 2,0.75,6550.0,2,2,2,15.0,Old Property,1100.0,0,0,0,0,0,1,42,"28.5095° N, 77.0320° E",28.5095,77.032
726,flat,ats triumph,sector 104,1.85,8079.0,3,4,3+,14.0,Moderately Old,2072.0,1,1,1,1,0,0,117,"28.4788° N, 76.9960° E",28.4788,76.996
727,flat,the roselia 2,sector 95,0.45,6475.0,2,2,2,19.0,New Property,695.0,0,0,0,0,0,0,0,"28.4172° N, 76.9081° E",28.4172,76.9081
728,flat,godrej summit,sector 104,1.3,9028.0,3,2,3+,16.0,Moderately Old,1303.0,1,0,1,1,0,1,0,"28.4788° N, 76.9960° E",28.4788,76.996
729,house,independent,sector 28,8.4,34568.0,4,4,3+,2.0,Moderately Old,2430.0,0,1,1,1,0,1,139,"28.4728° N, 77.0865° E",28.4728,77.0865
730,flat,ss,sector 85,1.18,7169.0,2,2,3,4.0,Moderately Old,1630.0,0,0,0,0,0,0,49,"28.4042° N, 76.9513° E",28.4042,76.9513
731,flat,vatika the seven lamps,sector 82,0.78,5932.0,2,2,2,0.0,Moderately Old,1175.0,0,0,0,0,0,1,103,"28.3935° N, 76.9600° E",28.3935,76.96
732,flat,tulip violet,sector 69,1.72,8731.0,4,4,1,12.0,Moderately Old,1783.0,0,0,0,0,0,0,86,"28.3966° N, 77.0341° E",28.3966,77.0341
733,flat,m3m golfestate,sector 65,4.94,16234.0,3,4,3,15.0,Moderately Old,2754.0,0,1,0,0,0,0,165,"28.4030° N, 77.0690° E",28.403,77.069
734,flat,mapsko royale ville,sector 82,0.99,5531.0,3,4,2,14.0,New Property,1620.0,0,1,0,0,0,0,95,"28.3935° N, 76.9600° E",28.3935,76.96
735,flat,m3m the tree of life,sector 111,2.35,14551.0,3,3,3+,5.0,Moderately Old,1615.0,0,0,0,0,0,0,0,"28.5238° N, 77.0320° E",28.5238,77.032
736,flat,dlf the crest,sector 54,11.0,35484.0,4,5,3+,7.0,Moderately Old,3444.0,1,1,0,1,0,0,49,"28.4348° N, 77.1089° E",28.4348,77.1089
737,flat,godrej oasis,sector 88a,2.65,16751.0,3,3,3+,10.0,New Property,138.0,0,0,0,0,0,0,110,"28.4347° N, 76.9557° E",28.4347,76.9557
738,flat,tata primanti,sector 72,3.3,15103.0,3,4,3+,15.0,New Property,1800.0,0,1,0,0,0,2,174,"28.4225° N, 77.0211° E",28.4225,77.0211
739,flat,ss the leaf,sector 85,1.25,10889.0,2,2,3+,17.0,Moderately Old,1426.0,0,0,1,0,0,0,156,"28.4042° N, 76.9513° E",28.4042,76.9513
740,flat,bptp terra,sector 37d,1.65,8791.0,3,3,2,15.0,Moderately Old,1699.0,0,0,0,0,0,0,116,"28.4478° N, 76.9703° E",28.4478,76.9703
741,flat,emaar palm gardens,sector 83,1.75,9211.0,3,3,3+,11.0,Moderately Old,1549.0,0,1,0,0,0,0,120,"28.3986° N, 76.9647° E",28.3986,76.9647
742,flat,godrej nature plus,sector 33,1.2,14371.0,2,2,3,1.0,New Property,86.0,0,0,0,0,0,0,65,"28.4420° N, 77.0207° E",28.442,77.0207
743,flat,krrish provence estate,gwal pahari,7.5,7500.0,5,6,3+,23.0,Moderately Old,9050.0,0,1,0,1,1,0,49,"28.4484° N, 77.0210° E",28.4484,77.021
744,flat,ramsons kshitij,sector 95,0.33,3910.0,2,2,1,14.0,New Property,694.0,0,0,0,0,1,1,79,"28.4172° N, 76.9081° E",28.4172,76.9081
745,flat,m3m woodshire,sector 107,1.39,5887.0,3,4,3+,6.0,Moderately Old,2057.0,0,1,0,1,0,1,174,"28.5052° N, 76.9729° E",28.5052,76.9729
746,flat,krrish provence estate,gwal pahari,5.25,9052.0,4,5,3+,2.0,New Property,5249.0,1,1,0,1,0,0,49,"28.4484° N, 77.0210° E",28.4484,77.021
747,flat,vatika the seven lamps,sector 82,0.85,6538.0,2,2,2,0.0,Moderately Old,1176.0,0,0,0,0,0,1,49,"28.3935° N, 76.9600° E",28.3935,76.96
748,flat,godrej nature plus serenity,sector 33,1.45,8677.0,3,2,3,3.0,Moderately Old,1512.0,0,0,0,0,0,0,49,"28.4420° N, 77.0207° E",28.442,77.0207
749,flat,unitech uniworld gardens,sector 47,2.15,10307.0,3,4,3+,10.0,Moderately Old,1950.0,0,1,0,0,0,0,49,"28.4276° N, 77.0492° E",28.4276,77.0492
750,flat,lord krishna,sector 12,2.7,8571.0,4,3,3,6.0,Old Property,3150.0,0,0,0,0,0,0,0,"28.4723° N, 77.0320° E",28.4723,77.032
751,flat,vipul lavanya,sector 81,0.75,5967.0,2,2,2,7.0,Moderately Old,1397.0,0,0,0,0,0,0,37,"28.3867° N, 76.9485° E",28.3867,76.9485
752,flat,m3m skywalk,sector 74,2.45,12141.0,3,3,3+,25.0,Moderately Old,1800.0,1,0,0,0,0,0,137,"28.4158° N, 77.0118° E",28.4158,77.0118
753,flat,experion the heartsong,sector 108,2.0,7197.0,4,4,3+,10.0,Moderately Old,2500.0,0,1,0,1,0,1,174,"28.5134° N, 76.9830° E",28.5134,76.983
754,house,vatika sovereign next,sector 82a,3.85,7500.0,5,6,3+,6.0,Moderately Old,5140.0,0,0,0,0,0,0,53,"28.3858° N, 76.9686° E",28.3858,76.9686
755,house,eldeco mansionz,sector 48,5.0,21368.0,7,7,3,2.0,Old Property,2340.0,0,0,0,0,0,1,40,"28.4177° N, 77.0359° E",28.4177,77.0359
756,flat,ats tourmaline,sector 109,1.75,8140.0,3,4,3+,2.0,Moderately Old,1946.0,0,1,0,0,1,0,65,"28.5073° N, 77.0089° E",28.5073,77.0089
757,flat,raheja vedaanta,sector 108,1.5,5263.0,3,4,0,12.0,Moderately Old,2850.0,0,0,0,0,0,0,0,"28.5134° N, 76.9830° E",28.5134,76.983
758,house,satya the hermitage,sector 103,3.15,6702.0,4,5,0,12.0,Moderately Old,4700.0,0,0,0,0,0,0,61,"28.4949° N, 76.9845° E",28.4949,76.9845
759,flat,smart world gems,sector 89,0.97,8794.0,2,2,3+,2.0,New Property,1103.0,0,0,0,0,0,0,49,"28.4253° N, 76.9439° E",28.4253,76.9439
760,flat,assotech blith,sector 99,1.15,6594.0,2,2,2,2.0,New Property,1235.0,0,0,0,0,1,1,72,"28.4640° N, 76.9614° E",28.464,76.9614
761,house,independent,sector 13,2.25,6944.0,10,10,2,1.0,Old Property,400.0,0,0,0,0,0,0,0,"28.4757° N, 77.0392° E",28.4757,77.0392
762,flat,conscient heritage max,sector 102,2.15,9307.0,3,4,3,13.0,Moderately Old,1945.0,1,1,0,0,0,0,101,"28.4750° N, 76.9715° E",28.475,76.9715
763,flat,suncity heights,sector 54,3.25,14118.0,3,3,3+,0.0,Old Property,2558.0,0,0,0,1,0,1,120,"28.4348° N, 77.1089° E",28.4348,77.1089
764,house,suncity township,sector 54,25.0,31110.0,4,4,3+,2.0,Old Property,1000.0,1,1,1,1,0,0,0,"28.4348° N, 77.1089° E",28.4348,77.1089
765,flat,paras dews,sector 106,1.15,7419.0,3,3,3,11.0,Moderately Old,1650.0,0,1,0,1,0,1,174,"28.5007° N, 77.0003° E",28.5007,77.0003
766,house,ss aaron ville,sector 49,6.75,19737.0,5,4,2,2.0,Old Property,3420.0,1,1,1,0,0,0,78,"28.4121° N, 77.0480° E",28.4121,77.048
767,flat,ats kocoon,sector 109,1.68,9628.0,3,3,3,8.0,Moderately Old,1579.0,0,0,0,0,0,0,142,"28.5073° N, 77.0089° E",28.5073,77.0089
768,flat,m3m one key resiments,sector 67,0.8,13115.0,1,1,0,0.0,Moderately Old,610.0,0,0,0,0,0,0,0,"28.3859° N, 77.0608° E",28.3859,77.0608
769,flat,ss the leaf,sector 85,2.15,8929.0,3,5,3,2.0,New Property,2179.0,0,0,0,0,0,0,53,"28.4042° N, 76.9513° E",28.4042,76.9513
770,house,independent,sector 23,5.5,21825.0,8,8,2,3.0,Old Property,2520.0,1,1,0,1,0,1,76,"28.5121° N, 77.0478° E",28.5121,77.0478
771,flat,mapsko paradise,sector 83,0.95,6300.0,3,3,3,1.0,Moderately Old,1489.0,0,0,0,0,0,0,0,"28.3986° N, 76.9647° E",28.3986,76.9647
772,flat,maxworth city residences,sector 10a,0.9,7081.0,2,2,3,9.0,New Property,1086.0,0,0,0,0,1,0,52,"28.4469° N, 77.0106° E",28.4469,77.0106
773,flat,ss radiance residency,sector 12,0.6,5660.0,3,3,2,3.0,Moderately Old,1178.0,0,0,0,0,0,0,44,"28.4723° N, 77.0320° E",28.4723,77.032
774,flat,smart world gems,sector 89,1.25,8784.0,3,3,3,2.0,Moderately Old,1288.0,0,0,0,1,0,0,12,"28.4253° N, 76.9439° E",28.4253,76.9439
775,flat,smart world orchard,sector 61,1.47,12783.0,2,2,2,4.0,New Property,1278.0,1,0,0,1,0,0,53,"28.4050° N, 77.0963° E",28.405,77.0963
776,flat,pareena coban residences,sector 99a,1.35,6760.0,3,5,3,6.0,New Property,1807.0,0,1,0,0,1,0,60,"28.4561° N, 76.9542° E",28.4561,76.9542
777,flat,adani m2k oyster grande,sector 102,2.6,10008.0,3,3,3,2.0,Moderately Old,2351.0,1,1,1,0,0,0,118,"28.4750° N, 76.9715° E",28.475,76.9715
778,flat,paras dews,sector 106,1.05,8537.0,3,4,3+,10.0,Moderately Old,1345.0,0,1,0,0,0,0,174,"28.5007° N, 77.0003° E",28.5007,77.0003
779,flat,dlf the ultima,sector 81,3.5,11686.0,4,5,3+,7.0,Moderately Old,2577.0,0,1,0,0,0,2,174,"28.3867° N, 76.9485° E",28.3867,76.9485
780,flat,vatika gurgaon,sector 83,0.85,8947.0,2,2,2,18.0,Moderately Old,1100.0,0,0,0,1,0,1,119,"28.3986° N, 76.9647° E",28.3986,76.9647
781,flat,umang monsoon breeze,sector 78,1.15,5285.0,3,3,3,9.0,Moderately Old,1969.0,0,1,0,0,1,0,22,"28.3733° N, 76.9729° E",28.3733,76.9729
782,house,independent,sector 5,3.75,11029.0,5,5,3+,3.0,Old Property,3400.0,0,0,0,0,0,0,0,"28.4794° N, 77.0176° E",28.4794,77.0176
783,flat,dlf belvedere towers,sector 25,3.7,17619.0,4,4,3,18.0,Old Property,2333.0,0,1,0,0,0,1,26,"28.4844° N, 77.0860° E",28.4844,77.086
784,house,ansal sushant residency,sector 57,4.6,17037.0,6,6,3,3.0,Old Property,2700.0,1,1,1,1,0,2,102,"28.4232° N, 77.0752° E",28.4232,77.0752
785,flat,spectrum centre,sector 82a,0.62,9538.0,1,1,0,6.0,Moderately Old,650.0,0,0,0,0,0,0,0,"28.3858° N, 76.9686° E",28.3858,76.9686
786,flat,emaar emerald hills,sector 65,1.95,13929.0,3,3,3+,1.0,New Property,1556.0,0,0,1,0,0,1,117,"28.4030° N, 77.0690° E",28.403,77.069
787,flat,tulip violet,sector 69,1.44,9125.0,3,3,2,1.0,Moderately Old,1381.0,0,0,0,1,0,0,174,"28.3966° N, 77.0341° E",28.3966,77.0341
788,flat,signature global solera,sector 107,0.5,7692.0,2,2,1,11.0,Moderately Old,494.0,0,0,0,0,0,0,55,"28.5052° N, 76.9729° E",28.5052,76.9729
789,flat,bestech park view ananda,sector 81,0.87,7952.0,2,2,3,8.0,Moderately Old,1300.0,0,0,0,0,0,0,95,"28.3867° N, 76.9485° E",28.3867,76.9485
790,flat,pioneer araya,sector 62,9.95,20996.0,4,6,3,12.0,Moderately Old,3933.0,0,1,0,1,0,1,138,"28.4139° N, 77.0886° E",28.4139,77.0886
791,house,independent,sector 91,3.6,14815.0,4,4,3,2.0,New Property,2430.0,0,0,0,0,0,1,49,"28.4014° N, 76.9225° E",28.4014,76.9225
792,flat,shapoorji pallonji joyville gurugram,sector 102,1.3,17687.0,2,2,3,0.0,Moderately Old,1009.0,0,0,1,0,0,0,125,"28.4750° N, 76.9715° E",28.475,76.9715
793,flat,sbtl caladium,sector 109,1.63,6405.0,3,3,2,8.0,Moderately Old,2303.0,0,1,0,0,0,0,159,"28.5073° N, 77.0089° E",28.5073,77.0089
794,flat,viridian the plaza 106,sector 106,0.46,6571.0,1,1,1,18.0,New Property,778.0,0,0,0,0,0,0,104,"28.5007° N, 77.0003° E",28.5007,77.0003
795,flat,emaar gurgaon greens,sector 102,1.4,13685.0,3,3,3,7.0,Moderately Old,1315.0,0,1,0,0,0,0,67,"28.4750° N, 76.9715° E",28.475,76.9715
796,flat,kashish manor one,sector 111,1.65,7097.0,3,4,3+,14.0,Under Construction,2104.0,0,1,0,0,1,0,8,"28.5238° N, 77.0320° E",28.5238,77.032
797,flat,m3m golfestate,sector 65,4.95,15906.0,3,3,3,10.0,Moderately Old,2816.0,0,1,0,0,0,1,82,"28.4030° N, 77.0690° E",28.403,77.069
798,flat,emaar digihomes,sector 62,3.95,15263.0,3,3,3,33.0,New Property,2876.0,0,1,0,0,0,1,49,"28.4139° N, 77.0886° E",28.4139,77.0886
799,house,experion windchants,sector 112,7.46,10260.0,4,4,3+,2.0,Moderately Old,6350.0,0,1,0,1,0,1,62,"28.5189° N, 77.0183° E",28.5189,77.0183
800,flat,dlf the icon,sector 43,5.25,20388.0,4,4,3,9.0,Old Property,2570.0,0,1,0,1,1,0,135,"28.4629° N, 77.0772° E",28.4629,77.0772
801,flat,bestech park view residency,sector 2,1.4,7865.0,3,3,3+,8.0,Moderately Old,1611.0,0,0,0,0,0,0,92,"28.5095° N, 77.0320° E",28.5095,77.032
802,flat,ireo the grand arch,sector 58,2.2,13480.0,2,2,1,5.0,Moderately Old,1432.0,1,0,0,0,0,1,94,"28.4200° N, 77.1105° E",28.42,77.1105
803,flat,dlf the crest,sector 54,11.0,35223.0,4,6,3,7.0,Moderately Old,2826.0,0,1,0,0,0,2,125,"28.4348° N, 77.1089° E",28.4348,77.1089
804,flat,vatika sovereign park,sector 99,3.2,9922.0,4,4,0,5.0,New Property,3225.0,0,0,0,0,0,0,23,"28.4640° N, 76.9614° E",28.464,76.9614
805,flat,central park flower valley,sector 33,3.3,13750.0,3,3,3,2.0,Moderately Old,2667.0,1,1,1,1,0,0,61,"28.4420° N, 77.0207° E",28.442,77.0207
806,flat,puri emerald bay,sector 104,2.3,9388.0,3,4,3+,10.0,Moderately Old,2217.0,0,1,0,0,0,0,101,"28.4788° N, 76.9960° E",28.4788,76.996
807,flat,apna enclave,sector 3,0.55,5789.0,2,2,2,2.0,Old Property,900.0,0,0,0,0,0,0,66,"28.4909° N, 77.0176° E",28.4909,77.0176
808,house,dlf city phase 1,sector 26,5.5,30556.0,4,4,3,2.0,Old Property,1800.0,1,1,0,1,0,0,69,"28.4757° N, 77.1032° E",28.4757,77.1032
809,flat,tulip violet,sector 69,1.65,8871.0,3,3,2,1.0,Moderately Old,1578.0,0,0,0,0,0,1,69,"28.3966° N, 77.0341° E",28.3966,77.0341
810,flat,lotus elise,sector 99,0.95,6552.0,2,3,3,7.0,Moderately Old,1611.0,0,1,0,0,0,0,0,"28.4640° N, 76.9614° E",28.464,76.9614
811,flat,godrej icon,sector 88a,1.31,8101.0,2,2,3+,3.0,Moderately Old,1463.0,1,0,0,0,0,0,102,"28.4347° N, 76.9557° E",28.4347,76.9557
812,flat,landmark the residency,sector 103,0.9,6667.0,2,2,2,1.0,Moderately Old,1222.0,0,0,0,0,0,0,44,"28.4949° N, 76.9845° E",28.4949,76.9845
813,flat,signature global the millennia,sector 37d,0.65,10906.0,2,2,3,0.0,New Property,625.0,0,0,0,0,0,0,40,"28.4478° N, 76.9703° E",28.4478,76.9703
814,house,international city by sobha phase 1,sector 109,6.75,10838.0,4,4,3+,2.0,New Property,6228.0,0,1,0,1,0,0,130,"28.5073° N, 77.0089° E",28.5073,77.0089
815,flat,mapsko paradise,sector 83,0.75,5597.0,3,3,3,10.0,New Property,1162.0,0,0,0,0,1,1,49,"28.3986° N, 76.9647° E",28.3986,76.9647
816,flat,adani brahma samsara vilasa,sector 63,3.25,29545.0,3,3,3,4.0,New Property,2700.0,0,0,0,0,1,0,41,"28.3971° N, 77.0867° E",28.3971,77.0867
817,flat,bptp terra,sector 37d,1.49,8107.0,3,3,3,20.0,Moderately Old,1707.0,0,0,0,0,1,0,49,"28.4478° N, 76.9703° E",28.4478,76.9703
818,house,independent,sector 26,12.5,38580.0,5,5,3+,2.0,Old Property,3240.0,1,1,1,1,0,1,79,"28.4757° N, 77.1032° E",28.4757,77.1032
819,flat,essel towers,sector 14,2.2,12500.0,3,4,3+,3.0,Old Property,1956.0,0,0,0,0,0,0,0,"28.4711° N, 77.0454° E",28.4711,77.0454
820,flat,dlf the primus,sector 82a,2.6,11439.0,4,4,3+,2.0,Moderately Old,1773.0,0,0,0,0,1,0,38,"28.3858° N, 76.9686° E",28.3858,76.9686
821,flat,m3m woodshire,sector 107,1.4,5930.0,3,4,0,1.0,New Property,2137.0,0,0,0,0,0,0,67,"28.5052° N, 76.9729° E",28.5052,76.9729
822,flat,emaar mgf the palm drive,sector 66,3.5,15902.0,3,3,2,4.0,Moderately Old,2200.0,1,0,0,0,0,0,89,"28.3925° N, 77.0541° E",28.3925,77.0541
823,flat,tulip violet,sector 69,1.43,8888.0,3,3,2,1.0,Moderately Old,1305.0,0,0,0,1,0,0,86,"28.3966° N, 77.0341° E",28.3966,77.0341
824,flat,ss the leaf,sector 85,1.15,10017.0,2,2,3+,18.0,Moderately Old,1380.0,0,0,1,0,0,0,156,"28.4042° N, 76.9513° E",28.4042,76.9513
825,flat,experion windchants,sector 112,5.31,11205.0,4,6,3+,15.0,Moderately Old,3573.33,0,1,0,1,0,0,72,"28.5189° N, 77.0183° E",28.5189,77.0183
826,flat,m3m golfestate,sector 65,5.4,18127.0,3,4,3,19.0,Moderately Old,2696.0,1,1,0,0,0,1,174,"28.4030° N, 77.0690° E",28.403,77.069
827,flat,dlf the ultima,sector 81,2.35,11233.0,3,4,3+,18.0,Moderately Old,1558.0,0,1,0,0,0,0,106,"28.3867° N, 76.9485° E",28.3867,76.9485
828,flat,shree vardhman flora,sector 37,0.7,5323.0,2,2,3,9.0,New Property,1350.0,1,0,0,0,0,0,60,"28.4375° N, 76.9999° E",28.4375,76.9999
829,flat,dlf regency park,sector 28,1.35,11989.0,2,2,2,1.0,Old Property,1109.0,0,0,0,0,0,0,0,"28.4728° N, 77.0865° E",28.4728,77.0865
830,flat,unitech greenwood city,sector 45,2.4,12346.0,3,3,2,1.0,New Property,195.0,0,1,0,0,0,1,19,"28.4466° N, 77.0660° E",28.4466,77.066
831,house,independent,sector 105,0.37,8222.0,2,2,1,1.0,Old Property,450.0,0,0,0,0,1,0,0,"28.4952° N, 77.0114° E",28.4952,77.0114
832,flat,ireo the corridors,sector 67a,1.5,11111.0,2,2,2,10.0,Moderately Old,1500.0,0,0,1,0,0,1,38,"28.3960° N, 77.0372° E",28.396,77.0372
833,flat,godrej,sector 79,2.0,8453.0,3,4,3+,2.0,Moderately Old,2629.0,0,1,0,0,0,1,156,"28.3624° N, 76.9787° E",28.3624,76.9787
834,flat,bptp mansions park prime,sector 66,2.7,9768.0,4,4,3,6.0,Moderately Old,2501.0,0,1,0,0,1,0,13,"28.3925° N, 77.0541° E",28.3925,77.0541
835,house,unitech uniworld resorts,sector 33,8.5,17820.0,5,5,3+,3.0,New Property,4770.0,1,1,1,1,0,1,145,"28.4420° N, 77.0207° E",28.442,77.0207
836,flat,emaar mgf palm hills,sector 77,1.64,8410.0,4,3,3,9.0,Moderately Old,1765.0,0,1,0,0,0,0,102,"28.3801° N, 76.9845° E",28.3801,76.9845
837,flat,ireo the corridors,sector 67a,2.0,11581.0,3,3,2,6.0,Under Construction,1346.0,0,0,0,0,1,0,15,"28.3960° N, 77.0372° E",28.396,77.0372
838,house,independent,sector 7,1.16,11694.0,2,4,2,3.0,Old Property,1102.0,0,0,0,0,1,0,39,"28.4644° N, 77.0143° E",28.4644,77.0143
839,house,unitech deerwood chase,sector 50,8.45,26153.0,3,3,2,2.0,Old Property,359.0,1,1,0,0,0,1,102,"28.4178° N, 77.0628° E",28.4178,77.0628
840,flat,experion windchants,sector 112,3.65,12310.0,3,4,3+,14.0,Moderately Old,2225.56,0,1,0,0,0,1,150,"28.5189° N, 77.0183° E",28.5189,77.0183
841,flat,emaar mgf palm terraces,sector 66,4.5,10598.0,5,5,3+,11.0,New Property,3321.0,0,1,0,0,0,0,105,"28.3925° N, 77.0541° E",28.3925,77.0541
842,flat,tulip white,sector 69,0.91,6863.0,3,2,2,12.0,Moderately Old,1473.0,0,0,0,0,0,0,43,"28.3966° N, 77.0341° E",28.3966,77.0341
843,flat,m3m soulitude,sector 89,1.28,8828.0,3,3,2,4.0,Moderately Old,1611.0,1,0,0,0,0,0,114,"28.4253° N, 76.9439° E",28.4253,76.9439
844,flat,wings apartment,sector 9,1.2,6667.0,4,3,2,4.0,Moderately Old,2000.0,0,0,0,0,0,1,23,"28.4603° N, 77.0000° E",28.4603,77.0
845,flat,kiran residency,sector 56,1.5,6649.0,3,5,3+,4.0,Old Property,2250.0,1,0,0,1,0,1,134,"28.4245° N, 77.0991° E",28.4245,77.0991
846,house,independent,sector 25,13.0,45710.0,6,8,3+,0.2,Moderately Old,2844.0,1,1,1,1,0,2,0,"28.4844° N, 77.0860° E",28.4844,77.086
847,house,project mianwali colony,sector 12,2.0,14815.0,5,5,2,3.0,Old Property,1350.0,0,0,0,0,0,0,0,"28.4723° N, 77.0320° E",28.4723,77.032
848,flat,raheja vedaanta,sector 108,0.95,5214.0,3,3,3,3.0,Moderately Old,1649.0,0,0,0,0,1,0,95,"28.5134° N, 76.9830° E",28.5134,76.983
849,flat,zara aavaas,sector 104,0.4,7030.0,2,2,1,4.0,Moderately Old,514.0,0,0,0,0,0,0,52,"28.4788° N, 76.9960° E",28.4788,76.996
850,flat,green campus chs,manesar,0.92,4023.0,3,3,3+,8.0,Moderately Old,1924.0,0,1,0,0,0,0,5,"28.3515° N, 76.9428° E",28.3515,76.9428
851,flat,orris carnation residency,sector 85,0.88,5954.0,3,3,1,1.0,Moderately Old,1344.0,0,0,0,0,0,0,65,"28.4042° N, 76.9513° E",28.4042,76.9513
852,flat,apartment,sector 92,0.75,4688.0,3,4,3,2.0,Moderately Old,1778.0,1,0,0,0,0,0,113,"28.4079° N, 76.9153° E",28.4079,76.9153
853,flat,tulip ivory,sector 70,2.0,8333.0,4,5,3+,2.0,Moderately Old,2172.0,0,1,0,0,0,1,49,"28.3968° N, 77.0233° E",28.3968,77.0233
854,flat,puri the aravallis,sector 61,3.87,17200.0,3,4,3+,21.0,Moderately Old,1712.0,0,1,0,0,0,0,58,"28.4050° N, 77.0963° E",28.405,77.0963
855,flat,ireo the corridors,sector 67a,1.3,10031.0,2,2,2,1.0,New Property,1296.0,0,0,0,0,0,0,55,"28.3960° N, 77.0372° E",28.396,77.0372
856,flat,shapoorji pallonji joyville gurugram,sector 102,2.04,14069.0,3,3,3+,1.0,Moderately Old,1644.0,0,0,0,0,0,0,72,"28.4750° N, 76.9715° E",28.475,76.9715
857,flat,pyramid urban homes 2,sector 86,0.5,9615.0,2,2,1,10.0,Moderately Old,578.0,0,0,0,0,0,0,15,"28.3986° N, 76.9384° E",28.3986,76.9384
858,flat,pyramid urban homes 2,sector 86,0.41,8283.0,2,2,1,7.0,New Property,557.0,1,1,0,1,1,0,49,"28.3986° N, 76.9384° E",28.3986,76.9384
859,flat,sobha city,sector 108,3.75,14940.0,3,3,2,16.0,New Property,2120.0,0,1,0,0,0,0,77,"28.5134° N, 76.9830° E",28.5134,76.983
860,house,international city by sobha phase 2,sector 109,6.44,26502.0,4,5,3+,3.0,New Property,2430.0,1,1,1,1,0,0,138,"28.5073° N, 77.0089° E",28.5073,77.0089
861,flat,prime habitat,sector 99a,0.27,5433.0,2,2,1,4.0,New Property,552.0,0,0,0,0,0,0,7,"28.4561° N, 76.9542° E",28.4561,76.9542
862,flat,godrej,sector 79,2.03,9046.0,3,4,3+,7.0,Moderately Old,2031.0,0,1,0,0,0,0,118,"28.3624° N, 76.9787° E",28.3624,76.9787
863,flat,dlf regal gardens,sector 90,1.24,7066.0,3,3,3+,9.0,Moderately Old,1600.0,0,0,0,0,1,0,72,"28.4085° N, 76.9369° E",28.4085,76.9369
864,flat,kiran residency,sector 56,1.54,8324.0,3,4,3+,5.0,Old Property,1900.0,0,1,0,0,0,1,98,"28.4245° N, 77.0991° E",28.4245,77.0991
865,flat,smart world orchard,sector 61,2.0,12912.0,3,3,2,3.0,New Property,1721.0,0,0,0,0,1,0,61,"28.4050° N, 77.0963° E",28.405,77.0963
866,house,vatika india next,sector 82,6.5,20062.0,4,3,0,2.0,Moderately Old,360.0,0,0,0,0,0,0,0,"28.3935° N, 76.9600° E",28.3935,76.96
867,flat,unitech fresco,sector 50,1.14,8533.0,2,2,2,19.0,Moderately Old,1330.0,0,0,0,0,1,1,174,"28.4178° N, 77.0628° E",28.4178,77.0628
868,flat,la vida by tata housing,sector 113,1.9,18500.0,3,2,2,10.0,Moderately Old,1285.0,0,0,0,1,0,1,174,"28.5287° N, 77.0233° E",28.5287,77.0233
869,flat,dhoot time residency,sector 63,3.0,18270.0,3,3,3+,14.0,Moderately Old,1642.0,0,1,0,0,0,1,0,"28.3971° N, 77.0867° E",28.3971,77.0867
870,flat,m3m heights,sector 65,2.29,15980.0,2,2,3,8.0,Under Construction,1592.0,1,0,0,0,0,0,15,"28.4030° N, 77.0690° E",28.403,77.069
871,flat,whiteland blissville,sector 76,1.92,11794.0,3,3,2,3.0,Moderately Old,1628.0,0,0,0,0,0,0,61,"28.3935° N, 76.9888° E",28.3935,76.9888
872,flat,shree vardhman flora,sector 90,0.66,5077.0,2,2,3,4.0,Moderately Old,1122.0,1,0,0,0,0,0,119,"28.4085° N, 76.9369° E",28.4085,76.9369
873,flat,sbtl caladium,sector 109,1.3,6915.0,3,2,3,16.0,Moderately Old,1701.0,0,0,0,0,0,0,134,"28.5073° N, 77.0089° E",28.5073,77.0089
874,house,independent,sector 4,1.1,11111.0,3,4,1,2.0,Old Property,990.0,0,0,0,0,0,0,0,"28.4738° N, 77.0107° E",28.4738,77.0107
875,flat,dlf carlton estate,sector 43,2.1,15419.0,3,3,1,2.0,Old Property,1233.0,0,0,1,0,0,1,88,"28.4629° N, 77.0772° E",28.4629,77.0772
876,flat,corona optus,sector 37c,1.27,7232.0,3,3,3,2.0,Moderately Old,1595.0,0,0,0,0,1,0,49,"28.4515° N, 76.9882° E",28.4515,76.9882
877,flat,vipul lavanya,sector 81,0.6,6667.0,2,2,1,0.0,Under Construction,814.0,0,0,0,0,0,0,0,"28.3867° N, 76.9485° E",28.3867,76.9485
878,house,unitech espace,sector 50,7.42,34352.0,4,4,3,2.0,Old Property,3200.0,0,0,0,0,0,1,88,"28.4178° N, 77.0628° E",28.4178,77.0628
879,flat,vatika the seven lamps,sector 82,0.94,6569.0,2,2,2,12.0,Moderately Old,1299.0,1,0,0,0,0,1,103,"28.3935° N, 76.9600° E",28.3935,76.96
880,flat,eldeco accolade,sector 33,1.2,8043.0,2,2,2,0.0,Moderately Old,1492.0,0,0,0,0,0,0,56,"28.4420° N, 77.0207° E",28.442,77.0207
881,flat,m3m skycity,sector 65,2.85,15591.0,3,3,3,43.0,Moderately Old,1654.0,0,0,0,0,0,0,115,"28.4030° N, 77.0690° E",28.403,77.069
882,house,independent,sector 15,1.07,11889.0,2,2,1,1.0,Old Property,900.0,0,1,0,0,0,0,7,"28.4621° N, 77.0464° E",28.4621,77.0464
883,house,independent,sector 31,3.69,23699.0,4,4,2,2.0,Old Property,1557.0,1,1,0,1,0,1,75,"28.4528° N, 77.0498° E",28.4528,77.0498
884,flat,godrej nature plus,sector 33,1.5,10197.0,2,2,3+,2.0,Moderately Old,1539.0,0,0,0,0,0,0,87,"28.4420° N, 77.0207° E",28.442,77.0207
885,flat,shree vardhman victoria,sector 70,1.63,8359.0,3,3,3,5.0,New Property,1527.0,0,1,0,0,1,0,49,"28.3968° N, 77.0233° E",28.3968,77.0233
886,flat,godrej,sector 79,1.29,8206.0,2,2,3,4.0,New Property,1423.0,0,0,0,0,0,0,0,"28.3624° N, 76.9787° E",28.3624,76.9787
887,flat,ats marigold,sector 89,1.5,8571.0,3,3,3,2.0,New Property,1944.0,0,0,0,0,1,0,49,"28.4253° N, 76.9439° E",28.4253,76.9439
888,flat,godrej air,sector 85,1.75,9589.0,3,3,2,27.0,Moderately Old,1825.0,0,0,0,0,0,0,44,"28.4042° N, 76.9513° E",28.4042,76.9513
889,flat,emaar mgf the palm drive,sector 66,2.8,14359.0,3,3,2,12.0,New Property,1920.0,1,1,0,1,0,2,69,"28.3925° N, 77.0541° E",28.3925,77.0541
890,flat,dlf the ultima,sector 81,2.25,10699.0,3,3,3+,11.0,Moderately Old,1600.0,1,1,0,1,1,2,49,"28.3867° N, 76.9485° E",28.3867,76.9485
891,flat,sobha city,sector 108,2.9,14478.0,3,4,2,8.0,New Property,1813.0,0,0,0,0,0,0,109,"28.5134° N, 76.9830° E",28.5134,76.983
892,flat,tulip violet,sector 69,1.4,8929.0,3,3,1,12.0,Moderately Old,1376.0,0,0,0,1,0,0,174,"28.3966° N, 77.0341° E",28.3966,77.0341
893,house,dlf city plots,sector 26,4.0,4531.0,4,3,2,2.0,Moderately Old,981.0,0,0,0,0,0,1,0,"28.4757° N, 77.1032° E",28.4757,77.1032
894,flat,shree vardhman victoria,sector 70,1.8,9231.0,3,4,3,2.0,New Property,1527.0,0,1,0,0,1,0,45,"28.3968° N, 77.0233° E",28.3968,77.0233
895,flat,sahara grace,sector 28,5.5,14612.0,4,5,3+,5.0,Old Property,3406.0,0,1,0,0,1,1,8,"28.4728° N, 77.0865° E",28.4728,77.0865
896,house,vatika the seven lamps,sector 82,1.6,6598.0,4,4,3+,16.0,Moderately Old,2425.0,0,1,0,0,0,0,94,"28.3935° N, 76.9600° E",28.3935,76.96
897,flat,raheja navodaya,sector 92,0.85,5407.0,3,3,0,0.0,Moderately Old,1423.0,0,0,0,0,0,0,88,"28.4079° N, 76.9153° E",28.4079,76.9153
898,house,palam vihar extension west zone rwa,sector 2,0.35,6481.0,2,2,0,1.0,New Property,600.0,0,0,0,0,0,0,0,"28.5095° N, 77.0320° E",28.5095,77.032
899,flat,mahindra aura,sector 110,2.25,9267.0,4,4,3+,2.0,Moderately Old,2350.0,0,1,0,0,0,0,152,"28.5145° N, 77.0197° E",28.5145,77.0197
900,flat,vatika emilia floors,sector 83,0.65,6190.0,2,2,2,1.0,Moderately Old,950.0,0,0,0,0,0,1,174,"28.3986° N, 76.9647° E",28.3986,76.9647
901,flat,corona gracieux,sector 76,1.05,5949.0,3,3,3+,7.0,Moderately Old,1597.0,0,0,0,0,0,1,133,"28.3935° N, 76.9888° E",28.3935,76.9888
902,flat,sare green parc,sector 92,0.85,6741.0,3,2,2,14.0,Moderately Old,1261.0,0,0,0,0,0,0,0,"28.4079° N, 76.9153° E",28.4079,76.9153
903,flat,signature global solera,sector 107,0.6,8000.0,3,2,2,8.0,Moderately Old,750.0,0,0,0,0,0,0,55,"28.5052° N, 76.9729° E",28.5052,76.9729
904,flat,shree vardhman flora,sector 90,0.7,5385.0,2,2,3,13.0,New Property,1176.0,1,0,0,0,0,0,15,"28.4085° N, 76.9369° E",28.4085,76.9369
905,house,independent,sector 4,3.3,14667.0,3,3,2,1.0,Old Property,2250.0,0,0,0,0,0,0,34,"28.4738° N, 77.0107° E",28.4738,77.0107
906,flat,m3m skycity,sector 65,3.5,17040.0,3,3,3,15.0,New Property,2282.0,1,1,0,1,0,1,166,"28.4030° N, 77.0690° E",28.403,77.069
907,flat,the close north,sector 50,2.51,11992.0,3,3,3,11.0,Moderately Old,1894.0,0,0,1,1,0,1,109,"28.4178° N, 77.0628° E",28.4178,77.0628
908,flat,emaar mgf emerald floors,sector 65,2.6,15758.0,3,3,3+,3.0,Moderately Old,1833.0,0,0,0,0,0,0,0,"28.4030° N, 77.0690° E",28.403,77.069
909,house,vipul tatvam villa,sector 48,8.4,21000.0,4,5,3+,2.0,Old Property,4000.0,1,1,0,1,0,1,49,"28.4177° N, 77.0359° E",28.4177,77.0359
910,flat,spaze privy,sector 72,1.9,9620.0,3,3,3,10.0,Moderately Old,1787.0,0,1,0,0,0,1,31,"28.4225° N, 77.0211° E",28.4225,77.0211
911,house,independent,sector 4,0.65,11111.0,4,2,2,0.2,Old Property,585.0,0,0,0,0,0,0,0,"28.4738° N, 77.0107° E",28.4738,77.0107
912,flat,tulip violet,sector 69,1.66,8409.0,4,4,1,12.0,Moderately Old,1783.0,0,0,0,1,0,0,102,"28.3966° N, 77.0341° E",28.3966,77.0341
913,flat,m3m soulitude,sector 89,1.14,8000.0,3,3,2,2.0,Moderately Old,1581.0,1,0,0,0,0,0,77,"28.4253° N, 76.9439° E",28.4253,76.9439
914,house,independent,sector 82,7.5,23148.0,5,5,3+,2.0,Moderately Old,3240.0,0,1,0,1,0,1,135,"28.3935° N, 76.9600° E",28.3935,76.96
915,flat,vatika independent floors,sector 82,1.45,8056.0,4,3,0,1.0,Moderately Old,1800.0,0,0,0,0,0,0,50,"28.3935° N, 76.9600° E",28.3935,76.96
916,house,international city by sobha phase 2,sector 109,11.25,25000.0,7,5,3+,4.0,Moderately Old,4500.0,1,1,0,1,0,0,42,"28.5073° N, 77.0089° E",28.5073,77.0089
917,flat,godrej aria,sector 79,0.96,13296.0,2,2,3,8.0,Moderately Old,1012.0,0,0,0,0,0,0,49,"28.3624° N, 76.9787° E",28.3624,76.9787
918,flat,dlf new town heights,sector 91,1.8,7679.0,4,4,3+,6.0,Moderately Old,2604.0,0,1,0,1,0,0,81,"28.4014° N, 76.9225° E",28.4014,76.9225
919,flat,orris aster court,sector 85,0.93,5671.0,3,3,3,8.0,Moderately Old,1587.0,0,0,0,0,0,0,0,"28.4042° N, 76.9513° E",28.4042,76.9513
920,house,huda floor,sector 38,4.0,22222.0,4,9,3+,2.0,Moderately Old,4800.0,0,0,1,1,0,1,152,"28.4347° N, 77.0430° E",28.4347,77.043
921,house,independent,sector 14,4.5,20000.0,5,5,1,1.0,Moderately Old,2778.0,0,0,0,0,0,0,0,"28.4711° N, 77.0454° E",28.4711,77.0454
922,flat,pivotal riddhi siddhi,sector 99,0.72,947.0,2,2,2,12.0,Moderately Old,784.0,0,0,1,0,0,0,31,"28.4640° N, 76.9614° E",28.464,76.9614
923,flat,smart world orchard,sector 61,2.1,13752.0,3,2,3,3.0,Moderately Old,1534.0,0,0,0,0,0,0,146,"28.4050° N, 77.0963° E",28.405,77.0963
924,flat,assotech blith,sector 99,1.6,6667.0,3,4,0,15.0,New Property,2400.0,0,0,0,0,0,0,51,"28.4640° N, 76.9614° E",28.464,76.9614
925,flat,rof ananda,sector 95,0.36,5660.0,2,2,2,10.0,New Property,717.0,1,0,0,0,0,0,75,"28.4172° N, 76.9081° E",28.4172,76.9081
926,house,ss hibiscus,sector 50,12.5,40850.0,4,4,3+,2.0,Moderately Old,410.0,1,1,0,0,0,2,160,"28.4178° N, 77.0628° E",28.4178,77.0628
927,flat,raheja vedas,sector 108,2.15,4134.0,3,4,3+,12.0,Moderately Old,4600.0,1,0,0,0,0,0,0,"28.5134° N, 76.9830° E",28.5134,76.983
928,flat,signature global solera,sector 107,0.35,6494.0,2,2,2,8.0,Moderately Old,608.0,0,0,0,0,0,0,45,"28.5052° N, 76.9729° E",28.5052,76.9729
929,flat,ireo uptown,sector 110,2.4,13065.0,3,2,3,5.0,Moderately Old,1700.0,0,1,0,0,0,1,156,"28.5145° N, 77.0197° E",28.5145,77.0197
930,flat,puri diplomatic greens,sector 111,2.58,11727.0,3,4,2,10.0,Moderately Old,1991.0,0,1,0,0,0,0,86,"28.5238° N, 77.0320° E",28.5238,77.032
931,flat,ild greens,sector 37c,0.75,5245.0,2,2,3+,13.0,Moderately Old,1430.0,0,0,0,0,0,0,51,"28.4515° N, 76.9882° E",28.4515,76.9882
932,flat,sbtl caladium,sector 109,1.35,7181.0,3,2,3+,12.0,Moderately Old,1477.0,0,0,0,0,0,0,128,"28.5073° N, 77.0089° E",28.5073,77.0089
933,house,independent,sector 10a,3.6,19608.0,3,4,3,3.0,New Property,1836.0,0,0,0,1,0,1,28,"28.4469° N, 77.0106° E",28.4469,77.0106
934,flat,dlf the ultima,sector 81,3.45,12357.0,4,4,3+,25.0,Moderately Old,2527.0,0,1,0,0,0,0,67,"28.3867° N, 76.9485° E",28.3867,76.9485
935,flat,the lions cghs,sector 56,2.1,8750.0,3,4,3+,8.0,Old Property,2200.0,0,0,0,0,1,1,166,"28.4245° N, 77.0991° E",28.4245,77.0991
936,flat,shree vardhman victoria,sector 70,1.75,8974.0,3,4,2,16.0,Moderately Old,1950.0,0,1,0,1,0,0,49,"28.3968° N, 77.0233° E",28.3968,77.0233
937,flat,mahindra aura,sector 110,1.4,9655.0,3,3,3,10.0,Moderately Old,1550.0,0,0,0,0,0,1,142,"28.5145° N, 77.0197° E",28.5145,77.0197
938,house,independent,sector 57,3.15,20349.0,5,4,3+,2.0,Old Property,1548.0,0,0,1,0,0,1,60,"28.4232° N, 77.0752° E",28.4232,77.0752
939,flat,ramprastha the edge towers,sector 37d,1.1,5528.0,3,3,3,9.0,Moderately Old,1990.0,0,0,0,0,0,0,63,"28.4478° N, 76.9703° E",28.4478,76.9703
940,house,independent,sector 3,0.9,8929.0,3,1,0,1.0,Old Property,1008.0,0,0,0,0,0,0,0,"28.4909° N, 77.0176° E",28.4909,77.0176
941,house,bestech park view aindependentda,sector 81,4.35,7937.0,4,4,3,2.0,Moderately Old,5480.0,0,1,1,0,0,0,51,"28.3867° N, 76.9485° E",28.3867,76.9485
942,flat,pioneer park,sector 61,2.04,14624.0,3,3,3+,16.0,Moderately Old,1595.0,0,1,0,0,0,1,165,"28.4050° N, 77.0963° E",28.405,77.0963
943,flat,tata gurgaon gateway,sector 113,2.45,10788.0,3,3,3,8.0,Moderately Old,2014.0,0,0,0,0,0,0,110,"28.5287° N, 77.0233° E",28.5287,77.0233
944,house,international city by sobha phase 2,sector 109,9.5,26389.0,7,6,3,3.0,Moderately Old,3600.0,1,1,0,1,0,0,138,"28.5073° N, 77.0089° E",28.5073,77.0089
945,flat,ss the leaf,sector 85,1.04,8320.0,2,2,3,17.0,New Property,1550.0,0,0,0,0,1,0,145,"28.4042° N, 76.9513° E",28.4042,76.9513
946,house,unitech escape,sector 50,12.0,37037.0,5,6,3+,3.0,Old Property,400.0,0,0,0,0,0,0,66,"28.4178° N, 77.0628° E",28.4178,77.0628
947,flat,dlf new town heights,sector 90,1.65,6980.0,4,4,3+,15.0,Moderately Old,2139.0,0,1,0,0,0,1,137,"28.4085° N, 76.9369° E",28.4085,76.9369
948,flat,bestech altura,sector 79,1.72,8000.0,3,4,3+,5.0,Moderately Old,1695.0,0,1,0,0,0,0,174,"28.3624° N, 76.9787° E",28.3624,76.9787
949,flat,paras dews,sector 106,1.25,10656.0,3,4,3,14.0,Moderately Old,1305.0,1,1,0,0,0,0,167,"28.5007° N, 77.0003° E",28.5007,77.0003
950,flat,ss the leaf,sector 85,1.85,7683.0,3,4,3,2.0,Moderately Old,2179.0,1,1,0,0,0,1,49,"28.4042° N, 76.9513° E",28.4042,76.9513
951,flat,ramsons kshitij,sector 95,0.32,4501.0,2,2,1,8.0,Moderately Old,563.0,0,0,0,0,1,2,28,"28.4172° N, 76.9081° E",28.4172,76.9081
952,house,nirvana cedar crest,sector 50,7.1,32870.0,5,4,3,2.0,Old Property,239.0,1,0,1,1,0,1,110,"28.4178° N, 77.0628° E",28.4178,77.0628
953,flat,ansal maple crescent,sector 43,1.35,10037.0,3,3,3,2.0,Old Property,1320.0,0,0,0,0,1,1,93,"28.4629° N, 77.0772° E",28.4629,77.0772
954,flat,ardee city,sector 52,1.5,9146.0,4,4,3,3.0,Old Property,1484.0,0,0,0,0,0,0,65,"28.4379° N, 77.0785° E",28.4379,77.0785
955,flat,shapoorji pallonji joyville gurugram,sector 102,1.95,17287.0,3,3,3,12.0,New Property,1465.0,0,0,1,0,0,0,72,"28.4750° N, 76.9715° E",28.475,76.9715
956,house,unitech uniworld resorts,sector 33,9.5,19333.0,6,6,3+,3.0,Moderately Old,546.0,0,0,0,0,0,1,40,"28.4420° N, 77.0207° E",28.442,77.0207
957,flat,shapoorji pallonji joyville gurugram,sector 102,0.97,10601.0,2,2,2,12.0,New Property,747.0,0,0,0,0,0,0,57,"28.4750° N, 76.9715° E",28.475,76.9715
958,flat,dlf the skycourt,sector 86,1.58,8191.0,3,3,1,16.0,Moderately Old,1750.0,0,0,0,1,0,1,152,"28.3986° N, 76.9384° E",28.3986,76.9384
959,flat,vatika gurgaon,sector 83,0.78,6265.0,2,2,2,3.0,Moderately Old,850.0,1,0,0,1,0,1,165,"28.3986° N, 76.9647° E",28.3986,76.9647
960,flat,m3m heights,sector 65,2.65,18493.0,2,2,3,4.0,New Property,1297.0,1,0,0,0,0,0,38,"28.4030° N, 77.0690° E",28.403,77.069
961,flat,raheja vedaanta,sector 108,0.85,4637.0,3,3,2,2.0,Moderately Old,1500.0,0,1,0,0,0,0,65,"28.5134° N, 76.9830° E",28.5134,76.983
962,house,independent,sector 8,0.82,9111.0,2,3,3,2.0,Old Property,900.0,0,0,0,0,0,0,12,"28.3738° N, 76.8970° E",28.3738,76.897
963,flat,suncity vatsal valley,gwal pahari,1.28,9552.0,3,3,3,1.0,Moderately Old,1489.0,0,0,0,0,0,1,49,"28.4484° N, 77.0210° E",28.4484,77.021
964,house,independent,sector 17b,7.2,15926.0,4,4,2,1.0,Old Property,4494.0,0,1,1,0,0,0,0,"28.4806° N, 77.0663° E",28.4806,77.0663
965,house,independent,sector 26,6.75,27778.0,3,3,3,2.0,Old Property,2430.0,0,0,0,0,0,0,27,"28.4757° N, 77.1032° E",28.4757,77.1032
966,flat,sare crescent parc royal greens phase 1,sector 92,0.79,6086.0,3,2,2,15.0,New Property,1175.0,0,0,0,0,0,0,25,"28.4079° N, 76.9153° E",28.4079,76.9153
967,flat,dlf new town heights,sector 90,1.3,6736.0,3,3,3+,10.0,Moderately Old,1929.0,0,1,0,1,0,1,129,"28.4085° N, 76.9369° E",28.4085,76.9369
968,flat,emaar mgf palm hills,sector 77,1.09,5383.0,3,4,3+,5.0,Moderately Old,1833.0,0,1,0,0,1,1,167,"28.3801° N, 76.9845° E",28.3801,76.9845
969,flat,mapsko mount ville,sector 79,1.3,8725.0,3,3,3,19.0,Moderately Old,1176.0,0,0,1,0,0,1,102,"28.3624° N, 76.9787° E",28.3624,76.9787
970,flat,ireo the corridors,sector 67a,1.4,9434.0,2,2,2,8.0,Moderately Old,1149.0,1,0,0,0,1,0,90,"28.3960° N, 77.0372° E",28.396,77.0372
971,house,indiabulls centrum park,sector 103,3.25,8125.0,4,3,3+,20.0,Under Construction,4000.0,0,0,0,0,0,0,51,"28.4949° N, 76.9845° E",28.4949,76.9845
972,flat,shapoorji pallonji joyville gurugram,sector 102,1.6,11696.0,2,2,3,14.0,Moderately Old,1368.0,0,0,0,0,0,0,0,"28.4750° N, 76.9715° E",28.475,76.9715
973,flat,godrej summit,sector 104,0.82,9856.0,2,2,3,12.0,Moderately Old,86.0,1,0,0,0,0,0,120,"28.4788° N, 76.9960° E",28.4788,76.996
974,flat,pareena coban residences,sector 99a,1.32,6610.0,3,5,3,11.0,New Property,1737.0,0,1,0,0,0,0,88,"28.4561° N, 76.9542° E",28.4561,76.9542
975,flat,supertech araville,sector 79,0.9,5882.0,2,2,3,5.0,Moderately Old,1450.0,1,0,0,0,0,0,53,"28.3624° N, 76.9787° E",28.3624,76.9787
976,flat,shapoorji pallonji joyville gurugram,sector 102,1.25,9874.0,2,2,2,0.0,Moderately Old,1100.0,0,0,0,0,0,0,79,"28.4750° N, 76.9715° E",28.475,76.9715
977,house,eros rosewood city,sector 49,3.75,22046.0,3,3,1,2.0,Old Property,1701.0,0,0,0,1,0,1,6,"28.4121° N, 77.0480° E",28.4121,77.048
978,flat,la vida by tata housing,sector 113,1.5,11755.0,2,2,2,13.0,New Property,1155.0,0,0,0,0,0,0,60,"28.5287° N, 77.0233° E",28.5287,77.0233
979,house,independent,sector 46,2.25,2723.0,4,3,3,3.0,Moderately Old,90.0,1,0,0,0,0,1,35,"28.4374° N, 77.0586° E",28.4374,77.0586
980,flat,conscient heritage max,sector 102,3.0,10490.0,4,4,3+,7.0,Moderately Old,3178.0,0,0,0,0,1,1,65,"28.4750° N, 76.9715° E",28.475,76.9715
981,flat,vatika iris floors,sector 82,0.63,5590.0,2,2,3+,2.0,Moderately Old,1026.0,1,0,0,0,0,0,110,"28.3935° N, 76.9600° E",28.3935,76.96
982,flat,tulip violet,sector 69,1.4,8917.0,3,3,1,12.0,Moderately Old,1419.0,0,0,0,1,0,0,86,"28.3966° N, 77.0341° E",28.3966,77.0341
983,flat,ss the leaf,sector 83,1.19,7225.0,2,2,3,4.0,Moderately Old,1630.0,0,0,0,0,0,0,49,"28.3986° N, 76.9647° E",28.3986,76.9647
984,flat,awho shanti vihar,sector 95,0.82,9880.0,2,2,3+,13.0,New Property,1095.0,1,0,0,0,0,0,114,"28.4172° N, 76.9081° E",28.4172,76.9081
985,flat,paras dews,sector 106,1.35,8940.0,4,3,3,19.0,Old Property,1678.0,0,1,0,0,0,0,112,"28.5007° N, 77.0003° E",28.5007,77.0003
986,flat,mapsko royale ville,sector 82,1.15,6425.0,3,4,2,15.0,Moderately Old,1620.0,0,1,0,1,0,1,104,"28.3935° N, 76.9600° E",28.3935,76.96
987,flat,experion the heartsong,sector 108,1.65,8238.0,3,4,3,3.0,Moderately Old,1771.32,1,0,0,0,0,1,75,"28.5134° N, 76.9830° E",28.5134,76.983
988,house,unitech espace,sector 50,11.5,35494.0,5,6,0,1.0,Old Property,3240.0,0,0,0,0,0,0,0,"28.4178° N, 77.0628° E",28.4178,77.0628
989,flat,ild greens,sector 37c,0.9,5614.0,3,3,3,0.0,Under Construction,1500.0,0,0,0,0,0,0,66,"28.4515° N, 76.9882° E",28.4515,76.9882
990,house,independent,sector 54,3.51,12342.0,4,4,3,4.0,New Property,2844.0,0,1,0,0,0,0,73,"28.4348° N, 77.1089° E",28.4348,77.1089
991,flat,ansal heights 86,sector 86,0.95,5621.0,3,2,1,6.0,New Property,1878.0,0,0,0,0,0,0,15,"28.3986° N, 76.9384° E",28.3986,76.9384
992,house,independent,sector 26,15.0,33333.0,4,4,3,3.0,Old Property,4500.0,0,1,1,0,0,1,36,"28.4757° N, 77.1032° E",28.4757,77.1032
993,flat,emaar mgf palm studios,sector 66,1.45,14796.0,2,2,3,3.0,Moderately Old,1082.0,0,0,0,0,0,0,92,"28.3925° N, 77.0541° E",28.3925,77.0541
994,flat,central park flower valley,sector 33,1.79,11251.0,3,3,3,3.0,Old Property,1619.0,0,0,0,0,0,0,71,"28.4420° N, 77.0207° E",28.442,77.0207
995,flat,signature global city 63a,sector 63a,1.4,11336.0,2,2,2,3.0,Moderately Old,1372.0,0,0,0,0,1,0,0,"28.3923° N, 77.0888° E",28.3923,77.0888
996,flat,m3m heights,sector 65,3.29,17998.0,3,3,3,33.0,New Property,1654.0,0,0,0,0,0,0,49,"28.4030° N, 77.0690° E",28.403,77.069
997,flat,bestech spa signature,sector 81,4.45,10595.0,4,4,3+,8.0,Moderately Old,3850.0,1,1,0,1,1,1,49,"28.3867° N, 76.9485° E",28.3867,76.9485
998,flat,vatika lifestyle homes,sector 83,1.1,6268.0,3,3,2,8.0,Moderately Old,1588.0,1,0,1,1,0,1,174,"28.3986° N, 76.9647° E",28.3986,76.9647
999,flat,ss the leaf,sector 85,1.3,10484.0,2,2,3+,10.0,Moderately Old,1491.0,0,0,1,0,0,0,148,"28.4042° N, 76.9513° E",28.4042,76.9513
1000,flat,adani aangan arcade,sector 89,0.5,7764.0,2,2,1,4.0,Moderately Old,672.0,0,0,0,0,0,2,69,"28.4253° N, 76.9439° E",28.4253,76.9439
1001,flat,ansal housing highland park,sector 103,0.88,6428.0,2,2,3,3.0,New Property,1232.0,0,0,0,0,0,0,52,"28.4949° N, 76.9845° E",28.4949,76.9845
1002,flat,sidhartha ncr one,sector 95,0.57,4179.0,2,2,2,10.0,New Property,1364.0,0,0,0,0,0,0,0,"28.4172° N, 76.9081° E",28.4172,76.9081
1003,flat,shapoorji pallonji joyville gurugram,sector 102,2.12,16960.0,3,3,3,9.0,Moderately Old,1852.0,0,0,0,0,0,0,72,"28.4750° N, 76.9715° E",28.475,76.9715
1004,flat,sare green parc phase 3,sector 92,0.79,6086.0,3,2,2,15.0,New Property,1175.0,0,0,0,0,0,0,29,"28.4079° N, 76.9153° E",28.4079,76.9153
1005,flat,godrej,sector 79,1.29,8206.0,2,2,3,4.0,New Property,1423.0,0,0,0,0,0,0,0,"28.3624° N, 76.9787° E",28.3624,76.9787
1006,flat,whiteland the aspen,sector 76,3.35,17613.0,3,4,3+,5.0,Moderately Old,2111.0,0,1,0,0,0,2,151,"28.3935° N, 76.9888° E",28.3935,76.9888
1007,flat,emaar gurgaon greens,sector 102,1.45,8788.0,3,3,3,8.0,Moderately Old,1300.0,0,1,0,0,0,0,49,"28.4750° N, 76.9715° E",28.475,76.9715
1008,house,tata primanti,sector 72,8.5,13492.0,5,6,3+,10.0,Moderately Old,6300.0,1,1,1,1,0,1,145,"28.4225° N, 77.0211° E",28.4225,77.0211
1009,flat,tulip petals,sector 89,1.55,10000.0,3,2,3,6.0,Moderately Old,1403.0,0,0,1,0,0,1,111,"28.4253° N, 76.9439° E",28.4253,76.9439
1010,flat,antriksh heights,sector 84,0.79,4580.0,3,3,3+,8.0,New Property,1561.0,0,0,0,0,0,0,24,"28.3979° N, 76.9736° E",28.3979,76.9736
1011,flat,pareena mi casa,sector 68,1.85,9311.0,3,3,3+,13.0,Under Construction,1798.0,0,0,0,0,0,0,47,"28.3853° N, 77.0484° E",28.3853,77.0484
1012,flat,dlf new town heights,sector 90,1.2,6218.0,3,3,3+,8.0,Moderately Old,2144.0,0,1,0,1,0,0,59,"28.4085° N, 76.9369° E",28.4085,76.9369
1013,flat,la vida by tata housing,sector 113,1.38,12000.0,2,2,3,8.0,New Property,1350.0,1,0,0,0,0,0,174,"28.5287° N, 77.0233° E",28.5287,77.0233
1014,flat,vipul lavanya,sector 81,0.6,6667.0,2,2,1,0.0,Moderately Old,1000.0,0,0,0,0,0,0,49,"28.3867° N, 76.9485° E",28.3867,76.9485
1015,flat,puri diplomatic greens,sector 111,3.45,11695.0,4,5,3+,10.0,Moderately Old,2670.0,0,1,0,0,0,0,101,"28.5238° N, 77.0320° E",28.5238,77.032
1016,house,dlf city plots,sector 26,16.0,37780.0,4,4,3,1.0,Moderately Old,500.0,1,0,1,1,0,0,7,"28.4757° N, 77.1032° E",28.4757,77.1032
1017,flat,rof ananda,sector 95,0.55,5500.0,3,2,2,14.0,New Property,866.0,1,0,0,0,0,2,30,"28.4172° N, 76.9081° E",28.4172,76.9081
1018,flat,m3m golfestate,sector 65,5.9,17481.0,3,3,3,18.0,Moderately Old,3043.0,1,1,0,0,0,0,76,"28.4030° N, 77.0690° E",28.403,77.069
1019,house,international city by sobha phase 1,sector 109,6.0,24691.0,4,4,3+,2.0,Moderately Old,2430.0,1,1,1,1,0,0,160,"28.5073° N, 77.0089° E",28.5073,77.0089
1020,house,arjun marg/ sector- 26 phase- 1/ golf course road,sector 26,31.5,35000.0,7,9,3+,3.0,Old Property,9000.0,1,1,1,1,0,2,74,"28.4757° N, 77.1032° E",28.4757,77.1032
1021,flat,emaar palm gardens,sector 83,1.8,12000.0,3,4,3+,6.0,Moderately Old,1667.0,0,1,0,0,0,1,96,"28.3986° N, 76.9647° E",28.3986,76.9647
1022,flat,gls avenue 51,sector 92,0.5,7812.0,3,3,1,12.0,New Property,711.0,0,0,0,0,0,2,95,"28.4079° N, 76.9153° E",28.4079,76.9153
1023,flat,antriksh heights,sector 84,0.73,6083.0,2,2,3+,4.0,Moderately Old,1026.0,1,0,1,1,0,0,158,"28.3979° N, 76.9736° E",28.3979,76.9736
1024,flat,raheja vedaanta,sector 108,1.25,5682.0,3,2,0,0.0,Moderately Old,1991.0,0,0,0,0,0,1,65,"28.5134° N, 76.9830° E",28.5134,76.983
1025,flat,hsiidc sidco aravali,manesar,0.91,3516.0,3,3,3+,8.0,Moderately Old,1900.0,0,1,0,0,0,0,23,"28.3515° N, 76.9428° E",28.3515,76.9428
1026,flat,dlf the ultima,sector 81,2.4,11412.0,3,3,3+,12.0,Moderately Old,1650.0,0,1,0,0,0,2,49,"28.3867° N, 76.9485° E",28.3867,76.9485
1027,flat,tulip violet,sector 69,1.52,9632.0,3,3,2,4.0,Moderately Old,1428.0,0,0,0,1,0,1,156,"28.3966° N, 77.0341° E",28.3966,77.0341
1028,flat,signature global solera,sector 107,0.27,5521.0,2,2,2,0.0,Moderately Old,543.0,0,0,0,0,0,0,45,"28.5052° N, 76.9729° E",28.5052,76.9729
1029,flat,raheja vedaanta,sector 108,0.7,4651.0,2,2,2,12.0,Moderately Old,1505.0,0,0,0,0,0,0,0,"28.5134° N, 76.9830° E",28.5134,76.983
1030,flat,tulip violet,sector 69,1.9,9453.0,4,4,2,0.0,Moderately Old,1819.0,0,0,0,0,0,0,49,"28.3966° N, 77.0341° E",28.3966,77.0341
1031,flat,pivotal devaan,sector 84,0.37,6346.0,2,2,1,5.0,Moderately Old,532.0,0,0,0,0,0,0,73,"28.3979° N, 76.9736° E",28.3979,76.9736
1032,house,iffco nagar and 17b rwa,sector 17,2.98,20566.0,2,6,3+,3.0,Moderately Old,1449.0,1,0,0,1,0,0,78,"28.4791° N, 77.0608° E",28.4791,77.0608
1033,flat,indiabulls centrum park,sector 103,1.15,7765.0,2,2,3,8.0,Moderately Old,1250.0,1,0,0,0,0,1,135,"28.4949° N, 76.9845° E",28.4949,76.9845
1034,house,independent,sector 57,8.31,24171.0,5,6,3+,4.0,Old Property,3438.0,1,1,1,1,0,0,34,"28.4232° N, 77.0752° E",28.4232,77.0752
1035,flat,m3m woodshire,sector 107,1.32,6331.0,3,3,3,10.0,Moderately Old,1758.0,0,0,0,0,0,0,117,"28.5052° N, 76.9729° E",28.5052,76.9729
1036,flat,afnhb jalvayu vihar,sector 30,0.69,7271.0,2,2,1,3.0,Old Property,896.0,0,0,0,0,0,0,65,"28.4604° N, 77.0579° E",28.4604,77.0579
1037,flat,shri banke bihari society,sector 56,1.35,6750.0,3,3,3,5.0,Old Property,1800.0,0,0,0,0,1,1,82,"28.4245° N, 77.0991° E",28.4245,77.0991
1038,house,independent,sector 7,1.75,11111.0,4,2,2,2.0,Old Property,1575.0,0,0,0,0,1,0,31,"28.4644° N, 77.0143° E",28.4644,77.0143
1039,house,independent,sector 2,6.0,24691.0,5,6,3+,3.0,Old Property,2430.0,1,0,0,1,1,1,43,"28.5095° N, 77.0320° E",28.5095,77.032
1040,house,vatika signature villas,sector 82,3.2,14350.0,3,4,3,1.0,New Property,2160.0,1,1,1,1,0,0,66,"28.3935° N, 76.9600° E",28.3935,76.96
1041,flat,tulip white,sector 69,0.9,6000.0,3,2,3+,1.0,Moderately Old,1326.0,0,0,0,0,0,1,149,"28.3966° N, 77.0341° E",28.3966,77.0341
1042,flat,ansal maple heights,sector 43,1.5,12658.0,3,3,3+,7.0,Old Property,1385.0,0,0,1,0,0,1,174,"28.4629° N, 77.0772° E",28.4629,77.0772
1043,flat,m3m merlin,sector 67,2.98,14558.0,3,3,3,0.0,Moderately Old,1852.0,0,0,0,0,1,1,49,"28.3859° N, 77.0608° E",28.3859,77.0608
1044,flat,experion the heartsong,sector 108,2.29,8240.0,4,5,3+,8.0,Moderately Old,2779.0,0,1,0,0,0,0,95,"28.5134° N, 76.9830° E",28.5134,76.983
1045,house,housing board colony,sector 28,3.5,25926.0,2,6,3,3.0,Moderately Old,1350.0,0,0,0,0,0,0,0,"28.4728° N, 77.0865° E",28.4728,77.0865
1046,flat,signature andour heights,sector 71,0.65,10172.0,2,2,1,10.0,Moderately Old,590.0,0,0,0,0,0,1,23,"28.4104° N, 77.0281° E",28.4104,77.0281
1047,flat,awho shanti vihar,sector 95,0.8,8889.0,2,2,3,9.0,New Property,713.0,1,0,0,0,0,0,67,"28.4172° N, 76.9081° E",28.4172,76.9081
1048,flat,tulip violet,sector 69,1.7,8625.0,4,4,1,12.0,Moderately Old,1783.0,0,0,0,0,0,0,88,"28.3966° N, 77.0341° E",28.3966,77.0341
1049,flat,smart world gems,sector 89,1.05,9519.0,2,2,2,4.0,Under Construction,1103.0,1,0,0,0,1,0,38,"28.4253° N, 76.9439° E",28.4253,76.9439
1050,flat,dlf new town heights,sector 90,1.95,7151.0,4,4,3+,24.0,Moderately Old,2456.0,0,1,1,0,0,0,174,"28.4085° N, 76.9369° E",28.4085,76.9369
1051,flat,rof aalayas,sector 102,0.45,6000.0,1,1,2,6.0,Moderately Old,750.0,0,0,0,0,0,0,0,"28.4750° N, 76.9715° E",28.475,76.9715
1052,flat,vatika gurgaon,sector 83,0.83,6667.0,2,2,2,12.0,Moderately Old,1154.0,0,0,0,1,0,0,165,"28.3986° N, 76.9647° E",28.3986,76.9647
1053,flat,aditya apartment,manesar,1.0,4032.0,3,4,0,3.0,New Property,2480.0,0,0,0,0,0,0,0,"28.3515° N, 76.9428° E",28.3515,76.9428
1054,house,shri shyam residency,sector 104,0.62,12400.0,3,3,1,2.0,Moderately Old,900.0,0,0,0,0,1,2,8,"28.4788° N, 76.9960° E",28.4788,76.996
1055,flat,signature global synera,sector 81,0.39,6500.0,2,2,2,6.0,Moderately Old,667.0,0,0,0,0,0,0,37,"28.3867° N, 76.9485° E",28.3867,76.9485
1056,flat,shree vardhman victoria,sector 70,1.1,8462.0,2,2,2,8.0,Moderately Old,1444.0,0,0,0,0,0,0,101,"28.3968° N, 77.0233° E",28.3968,77.0233
1057,flat,the crew bos chs manesar,manesar,0.85,3696.0,3,3,2,2.0,Moderately Old,2556.0,0,0,0,0,0,0,44,"28.3515° N, 76.9428° E",28.3515,76.9428
1058,flat,rof ananda,sector 95,0.38,5901.0,2,2,2,5.0,Moderately Old,716.0,1,0,0,0,0,0,83,"28.4172° N, 76.9081° E",28.4172,76.9081
1059,flat,m3m capital,sector 113,2.51,14800.0,3,3,3+,2.0,Moderately Old,1534.0,1,0,0,0,0,0,49,"28.5287° N, 77.0233° E",28.5287,77.0233
1060,flat,conscient one,sector 109,1.7,17617.0,1,1,2,9.0,Moderately Old,965.0,0,0,0,0,0,0,0,"28.5073° N, 77.0089° E",28.5073,77.0089
1061,flat,parsvnath green ville,sector 48,2.0,7764.0,3,3,0,15.0,Moderately Old,1923.0,0,1,0,0,0,0,74,"28.4177° N, 77.0359° E",28.4177,77.0359
1062,flat,godrej aria,sector 79,1.95,8519.0,3,4,3+,10.0,New Property,1659.0,0,1,0,0,0,0,32,"28.3624° N, 76.9787° E",28.3624,76.9787
1063,flat,godrej air,sector 85,1.4,10000.0,2,2,3,23.0,Moderately Old,1400.0,0,0,0,0,0,0,44,"28.4042° N, 76.9513° E",28.4042,76.9513
1064,flat,antriksh heights,sector 84,0.85,5556.0,2,2,3,10.0,New Property,1222.0,1,0,0,0,1,0,24,"28.3979° N, 76.9736° E",28.3979,76.9736
1065,house,dlf alameda,sector 73,17.0,35109.0,5,8,3,3.0,Moderately Old,9000.0,1,1,1,1,0,2,87,"28.4072° N, 77.0118° E",28.4072,77.0118
1066,flat,breez global heights,sector 36,0.24,5825.0,1,1,1,8.0,New Property,458.0,0,0,0,0,0,0,57,"28.4160° N, 76.9914° E",28.416,76.9914
1067,flat,tata primanti,sector 72,4.1,14099.0,4,5,3+,39.0,New Property,2629.0,0,1,0,0,1,0,103,"28.4225° N, 77.0211° E",28.4225,77.0211
1068,flat,ireo skyon,sector 60,2.15,23344.0,2,3,2,5.0,Moderately Old,1250.0,0,1,0,0,0,1,49,"28.4003° N, 77.0975° E",28.4003,77.0975
1069,flat,bestech park view residency,sector 2,1.4,7865.0,3,3,3+,6.0,Old Property,1611.0,0,0,0,0,0,2,107,"28.5095° N, 77.0320° E",28.5095,77.032
1070,flat,beverley park 1,sector 43,8.44,16231.0,4,5,3,9.0,Moderately Old,5000.0,0,1,0,0,0,2,117,"28.4629° N, 77.0772° E",28.4629,77.0772
1071,flat,signature global city 37d ph 2,sector 37d,1.36,8848.0,3,3,3,1.0,Moderately Old,1535.0,0,0,0,1,1,0,37,"28.4478° N, 76.9703° E",28.4478,76.9703
1072,flat,m3m soulitude,sector 89,1.25,8784.0,3,3,3,3.0,New Property,1288.0,1,0,0,0,1,0,61,"28.4253° N, 76.9439° E",28.4253,76.9439
1073,flat,pyramid urban homes 2,sector 86,0.5,9690.0,2,2,2,6.0,Old Property,573.0,0,0,0,0,0,0,15,"28.3986° N, 76.9384° E",28.3986,76.9384
1074,flat,ramsons kshitij,sector 95,0.35,5495.0,2,2,0,5.0,New Property,637.0,0,0,0,0,0,0,0,"28.4172° N, 76.9081° E",28.4172,76.9081
1075,flat,guru gram haryana cghs,sector 56,1.38,7225.0,3,3,3,5.0,Old Property,1910.0,1,0,0,0,0,1,134,"28.4245° N, 77.0991° E",28.4245,77.0991
1076,flat,emaar mgf palm hills,sector 77,1.5,12744.0,3,3,3,4.0,Moderately Old,1310.0,0,0,0,0,0,1,97,"28.3801° N, 76.9845° E",28.3801,76.9845
1077,flat,m3m heights,sector 65,1.95,15997.0,2,2,3,16.0,Under Construction,1141.0,0,0,0,0,0,0,44,"28.4030° N, 77.0690° E",28.403,77.069
1078,flat,adarsh nagar,sector 12,0.65,6190.0,3,3,1,1.0,New Property,1167.0,0,0,0,0,0,1,42,"28.4723° N, 77.0320° E",28.4723,77.032
1079,flat,dlf new town heights,sector 91,1.75,7403.0,4,4,3+,9.0,Moderately Old,2139.0,0,1,0,1,0,0,88,"28.4014° N, 76.9225° E",28.4014,76.9225
1080,flat,ats tourmaline,sector 109,1.75,8140.0,3,4,3+,7.0,Moderately Old,1797.0,0,1,0,0,0,0,165,"28.5073° N, 77.0089° E",28.5073,77.0089
1081,flat,central park flower valley,sector 33,2.5,13270.0,3,3,2,1.0,Moderately Old,2093.0,0,0,0,0,0,0,66,"28.4420° N, 77.0207° E",28.442,77.0207
1082,flat,conscient heritage max,sector 102,1.7,11333.0,3,4,3+,8.0,Moderately Old,1700.0,0,1,0,1,0,1,174,"28.4750° N, 76.9715° E",28.475,76.9715
1083,flat,ats triumph,sector 104,2.52,8000.0,4,4,3+,19.0,Moderately Old,2800.0,0,1,1,0,0,1,156,"28.4788° N, 76.9960° E",28.4788,76.996
1084,house,nirvana cedar crest,sector 50,3.99,8867.0,4,5,3+,4.0,New Property,4500.0,0,1,0,1,0,1,112,"28.4178° N, 77.0628° E",28.4178,77.0628
1085,flat,tulip violet,sector 69,1.36,8843.0,3,3,1,12.0,Moderately Old,1392.0,0,0,0,1,0,0,86,"28.3966° N, 77.0341° E",28.3966,77.0341
1086,flat,signature global orchard avenue,sector 93,0.4,7353.0,2,2,2,11.0,New Property,604.0,0,0,0,0,0,0,37,"28.4153° N, 76.9326° E",28.4153,76.9326
1087,flat,m3m the marina,sector 68,1.45,9615.0,3,2,3+,9.0,New Property,1365.0,0,0,0,0,0,0,0,"28.3853° N, 77.0484° E",28.3853,77.0484
1088,flat,sare crescent parc,sector 92,0.5,5000.0,2,2,2,2.0,Moderately Old,905.0,0,0,0,0,1,0,72,"28.4079° N, 76.9153° E",28.4079,76.9153
1089,flat,bptp terra,sector 37d,1.71,7805.0,3,3,3+,7.0,Moderately Old,2191.0,1,0,0,0,0,0,38,"28.4478° N, 76.9703° E",28.4478,76.9703
1090,flat,sare crescent parc,sector 92,0.8,4211.0,4,3,2,10.0,Moderately Old,1719.0,0,0,0,0,1,0,37,"28.4079° N, 76.9153° E",28.4079,76.9153
1091,flat,assotech blith,sector 99,0.92,6740.0,2,2,3+,22.0,Under Construction,1235.0,0,0,0,0,0,0,56,"28.4640° N, 76.9614° E",28.464,76.9614
1092,flat,whiteland blissville,sector 76,1.9,11364.0,3,3,2,0.0,Under Construction,1513.0,0,0,0,0,0,0,61,"28.3935° N, 76.9888° E",28.3935,76.9888
1093,house,independent,sector 4,0.47,10609.0,2,2,1,2.0,New Property,50.0,1,0,0,0,0,1,73,"28.4738° N, 77.0107° E",28.4738,77.0107
1094,flat,pivotal devaan,sector 84,0.35,7246.0,2,2,2,4.0,Moderately Old,537.0,0,0,0,0,0,0,37,"28.3979° N, 76.9736° E",28.3979,76.9736
1095,house,independent,sector 43,8.25,30556.0,5,6,3+,3.0,Old Property,2700.0,1,1,1,1,0,1,64,"28.4629° N, 77.0772° E",28.4629,77.0772
1096,house,independent,sector 2,0.4,7619.0,2,2,1,1.0,Moderately Old,583.0,0,0,0,0,0,0,0,"28.5095° N, 77.0320° E",28.5095,77.032
1097,flat,dlf the ultima,sector 81,2.25,10553.0,3,3,3+,6.0,New Property,1929.0,0,1,0,0,0,2,168,"28.3867° N, 76.9485° E",28.3867,76.9485
1098,flat,shri banke bihari society,sector 56,1.35,9643.0,3,3,3+,4.0,Old Property,1450.0,0,0,0,0,1,1,174,"28.4245° N, 77.0991° E",28.4245,77.0991
1099,house,independent,sector 23,2.8,17983.0,5,5,3+,2.0,Old Property,160.0,0,0,0,1,0,1,74,"28.5121° N, 77.0478° E",28.5121,77.0478
1100,flat,the lions cghs,sector 56,2.09,8708.0,4,4,3+,7.0,Moderately Old,2300.0,0,0,0,0,1,1,125,"28.4245° N, 77.0991° E",28.4245,77.0991
1101,flat,m3m latitude,sector 65,4.7,19748.0,3,3,3+,9.0,Moderately Old,1761.0,0,1,0,1,0,1,44,"28.4030° N, 77.0690° E",28.403,77.069
1102,flat,whiteland  the aspen,sector 76,3.5,11917.0,3,4,3,8.0,Moderately Old,2937.0,0,0,0,0,0,0,0,"28.3935° N, 76.9888° E",28.3935,76.9888
1103,flat,tulip white,sector 69,0.9,6787.0,3,2,3,6.0,Moderately Old,1473.0,0,0,0,1,0,0,121,"28.3966° N, 77.0341° E",28.3966,77.0341
1104,flat,ats tourmaline,sector 109,1.65,7674.0,3,3,3+,16.0,Moderately Old,1946.0,0,1,0,0,0,1,49,"28.5073° N, 77.0089° E",28.5073,77.0089
1105,flat,puri the aravallis,sector 61,3.9,33220.0,3,4,3+,33.0,Moderately Old,1389.0,0,1,0,0,0,0,158,"28.4050° N, 77.0963° E",28.405,77.0963
1106,flat,pyramid pride,sector 76,0.5,6579.0,2,2,1,8.0,Under Construction,844.0,0,0,0,0,0,0,76,"28.3935° N, 76.9888° E",28.3935,76.9888
1107,flat,signature global city 63a,sector 63a,1.65,15264.0,2,2,2,1.0,Moderately Old,978.0,0,0,0,0,0,0,0,"28.3923° N, 77.0888° E",28.3923,77.0888
1108,house,independent,sector 50,7.0,23333.0,4,4,2,3.0,Old Property,3400.0,0,1,0,0,0,0,118,"28.4178° N, 77.0628° E",28.4178,77.0628
1109,flat,tata primanti,sector 72,3.2,12190.0,4,4,3+,8.0,Moderately Old,2600.0,0,1,0,0,0,1,168,"28.4225° N, 77.0211° E",28.4225,77.0211
1110,flat,m3m soulitude,sector 89,1.25,8784.0,3,3,2,3.0,New Property,1581.0,1,0,0,0,0,0,49,"28.4253° N, 76.9439° E",28.4253,76.9439
1111,flat,godrej frontier,sector 80,1.6,6999.0,3,3,3,5.0,Moderately Old,2047.0,0,1,0,0,0,0,53,"28.3659° N, 76.9557° E",28.3659,76.9557
1112,flat,shapoorji pallonji joyville gurugram,sector 102,1.76,10227.0,3,3,3,1.0,Moderately Old,1531.0,0,0,0,0,0,0,100,"28.4750° N, 76.9715° E",28.475,76.9715
1113,flat,godrej summit,sector 104,1.25,6779.0,3,4,3+,12.0,Moderately Old,1669.0,0,1,0,0,1,0,79,"28.4788° N, 76.9960° E",28.4788,76.996
1114,flat,ats tourmaline,sector 109,1.4,8000.0,3,3,3+,12.0,Moderately Old,1584.0,0,0,0,0,1,0,65,"28.5073° N, 77.0089° E",28.5073,77.0089
1115,flat,ireo victory valley,sector 67,2.95,12236.0,3,3,3,10.0,Moderately Old,2150.0,0,1,0,0,0,1,174,"28.3859° N, 77.0608° E",28.3859,77.0608
1116,flat,emaar mgf the palm drive,sector 66,2.85,14615.0,3,3,3,11.0,Moderately Old,1920.0,1,0,0,0,0,1,67,"28.3925° N, 77.0541° E",28.3925,77.0541
1117,flat,shapoorji pallonji joyville gurugram,sector 102,2.12,11447.0,3,3,3,9.0,New Property,1571.0,0,0,0,0,0,0,109,"28.4750° N, 76.9715° E",28.475,76.9715
1118,flat,parsvnath exotica,sector 53,5.0,17241.0,3,4,3,7.0,Old Property,3222.0,0,1,0,0,0,1,24,"28.4433° N, 77.0948° E",28.4433,77.0948
1119,flat,signature global city 63a,sector 63a,1.55,14776.0,2,2,2,2.0,Under Construction,1167.0,0,0,0,0,0,0,0,"28.3923° N, 77.0888° E",28.3923,77.0888
1120,flat,tulip violet,sector 69,1.19,8815.0,2,3,1,0.0,Moderately Old,1500.0,1,0,0,0,0,0,174,"28.3966° N, 77.0341° E",28.3966,77.0341
1121,flat,dlf regal gardens,sector 90,1.78,8040.0,4,4,3+,12.0,Moderately Old,2005.0,0,0,0,0,0,0,61,"28.4085° N, 76.9369° E",28.4085,76.9369
1122,flat,ansal heights 86,sector 86,0.9,5325.0,3,3,2,10.0,New Property,1690.0,0,0,0,0,0,0,29,"28.3986° N, 76.9384° E",28.3986,76.9384
1123,flat,shree vardhman victoria,sector 70,1.78,9128.0,3,3,3+,7.0,Moderately Old,1765.0,0,1,0,0,1,0,49,"28.3968° N, 77.0233° E",28.3968,77.0233
1124,flat,ss the leaf,sector 85,1.12,6452.0,2,2,3,10.0,Moderately Old,1485.0,0,0,0,0,1,0,49,"28.4042° N, 76.9513° E",28.4042,76.9513
1125,flat,pareena coban residences,sector 99a,1.6,8000.0,3,3,3,6.0,Under Construction,1810.0,0,0,0,0,0,0,0,"28.4561° N, 76.9542° E",28.4561,76.9542
1126,flat,godrej,sector 79,2.5,11141.0,3,3,3+,5.0,Moderately Old,2244.0,0,0,0,0,0,0,0,"28.3624° N, 76.9787° E",28.3624,76.9787
1127,house,independent,sector 14,5.0,22222.0,3,3,3,1.0,Old Property,2250.0,0,0,0,0,0,0,25,"28.4711° N, 77.0454° E",28.4711,77.0454
1128,flat,shree vardhman victoria,sector 70,1.65,8462.0,3,4,3,5.0,Moderately Old,1527.0,0,1,0,0,1,1,49,"28.3968° N, 77.0233° E",28.3968,77.0233
1129,flat,shree vardhman flora,sector 90,0.75,5769.0,2,2,3,8.0,Moderately Old,1444.0,0,0,0,0,0,0,60,"28.4085° N, 76.9369° E",28.4085,76.9369
1130,flat,vatika boulevard residences and heights,sector 83,1.42,8000.0,3,3,2,2.0,Moderately Old,1972.0,0,0,0,0,0,1,113,"28.3986° N, 76.9647° E",28.3986,76.9647
1131,flat,bestech park view grand spa,sector 81,3.0,9419.0,4,5,2,6.0,Moderately Old,2882.0,0,1,0,0,0,1,110,"28.3867° N, 76.9485° E",28.3867,76.9485
1132,flat,paras dews,sector 106,1.5,6369.0,4,6,3+,11.0,Moderately Old,1535.0,0,1,0,0,0,0,174,"28.5007° N, 77.0003° E",28.5007,77.0003
1133,house,central park flower valley cerise floors,sector 33,1.35,11157.0,2,2,2,4.0,New Property,1210.0,1,0,0,0,0,2,107,"28.4420° N, 77.0207° E",28.442,77.0207
1134,flat,valley view estate,gwal pahari,1.5,7489.0,4,4,3+,10.0,New Property,1850.0,0,0,0,0,0,0,58,"28.4484° N, 77.0210° E",28.4484,77.021
1135,house,independent,sector 9,1.65,18333.0,2,3,0,3.0,Old Property,900.0,0,0,0,0,0,0,0,"28.4603° N, 77.0000° E",28.4603,77.0
1136,flat,m3m capital,sector 113,2.9,12620.0,4,4,3+,11.0,Moderately Old,2553.0,1,1,0,0,0,0,49,"28.5287° N, 77.0233° E",28.5287,77.0233
1137,flat,mapsko mount ville,sector 79,1.28,8556.0,3,3,3,16.0,Moderately Old,1265.0,1,0,0,0,0,1,128,"28.3624° N, 76.9787° E",28.3624,76.9787
1138,flat,tulip violet,sector 69,1.37,8908.0,3,3,1,12.0,Moderately Old,1392.0,0,0,0,0,0,0,116,"28.3966° N, 77.0341° E",28.3966,77.0341
1139,flat,dlf the ultima,sector 81,2.3,10937.0,3,3,3+,19.0,Moderately Old,1617.0,1,1,0,1,1,2,49,"28.3867° N, 76.9485° E",28.3867,76.9485
1140,flat,ramprastha the edge towers,sector 37d,0.8,5797.0,2,2,3,2.0,Moderately Old,1300.0,0,0,0,0,0,0,78,"28.4478° N, 76.9703° E",28.4478,76.9703
1141,flat,chanderlok society,sector 28,0.9,7235.0,4,2,3+,1.0,Old Property,1382.0,0,0,0,0,0,0,0,"28.4728° N, 77.0865° E",28.4728,77.0865
1142,flat,ss the leaf,sector 85,1.17,7002.0,2,2,3,11.0,Moderately Old,1660.0,0,0,0,0,0,0,49,"28.4042° N, 76.9513° E",28.4042,76.9513
1143,flat,assotech blith,sector 99,1.9,6702.0,4,4,3+,2.0,New Property,2835.0,0,0,0,0,0,0,51,"28.4640° N, 76.9614° E",28.464,76.9614
1144,house,independent,sector 56,3.25,21495.0,5,6,3+,4.0,Moderately Old,1512.0,0,0,0,1,1,1,27,"28.4245° N, 77.0991° E",28.4245,77.0991
1145,flat,tata primanti,sector 72,5.25,15648.0,4,4,3+,30.0,New Property,3000.0,0,1,0,0,0,1,174,"28.4225° N, 77.0211° E",28.4225,77.0211
1146,flat,ireo victory valley,sector 67,4.55,14537.0,4,4,3+,19.0,Moderately Old,2833.0,0,1,0,0,0,1,156,"28.3859° N, 77.0608° E",28.3859,77.0608
1147,flat,unitech sunbreeze,sector 69,0.74,5502.0,3,3,1,10.0,Under Construction,1210.0,0,1,0,0,0,0,60,"28.3966° N, 77.0341° E",28.3966,77.0341
1148,flat,dlf the ultima,sector 81,2.25,10553.0,3,3,3+,15.0,Moderately Old,1929.0,0,1,0,0,0,2,165,"28.3867° N, 76.9485° E",28.3867,76.9485
1149,flat,signature global city 37d ph 2,sector 37d,1.1,8148.0,3,3,1,2.0,Moderately Old,1500.0,0,0,0,1,0,0,30,"28.4478° N, 76.9703° E",28.4478,76.9703
1150,flat,gls avenue 51,sector 92,0.42,6562.0,3,3,1,2.0,Moderately Old,711.0,0,0,0,0,0,0,20,"28.4079° N, 76.9153° E",28.4079,76.9153
1151,house,independent,sector 23,2.4,12000.0,3,3,2,2.0,Old Property,2000.0,0,0,1,1,0,0,28,"28.5121° N, 77.0478° E",28.5121,77.0478
1152,flat,pyramid urban homes 2,sector 86,0.6,8000.0,3,2,2,2.0,New Property,833.0,0,0,0,0,0,0,13,"28.3986° N, 76.9384° E",28.3986,76.9384
1153,flat,zara aavaas,sector 104,0.65,8519.0,3,2,2,7.0,New Property,848.0,0,0,0,0,0,0,65,"28.4788° N, 76.9960° E",28.4788,76.996
1154,house,independent,sector 26,4.45,35178.0,4,4,3,3.0,Old Property,150.0,0,0,0,0,0,0,25,"28.4757° N, 77.1032° E",28.4757,77.1032
1155,flat,signature global solera,sector 107,0.3,6135.0,2,2,1,5.0,Moderately Old,544.0,0,0,0,0,0,0,57,"28.5052° N, 76.9729° E",28.5052,76.9729
1156,flat,shapoorji pallonji joyville gurugram,sector 102,1.26,10370.0,2,2,3,7.0,Moderately Old,1100.0,0,0,0,0,0,1,49,"28.4750° N, 76.9715° E",28.475,76.9715
1157,house,independent,sector 12,3.5,14787.0,8,8,3+,3.0,Moderately Old,4800.0,1,1,0,1,0,2,77,"28.4723° N, 77.0320° E",28.4723,77.032
1158,flat,indiabulls centrum park,sector 103,2.45,8522.0,4,6,3,5.0,Moderately Old,2602.0,0,1,0,0,0,0,38,"28.4949° N, 76.9845° E",28.4949,76.9845
1159,flat,bptp terra,sector 37d,1.45,8007.0,3,3,3,8.0,Moderately Old,1711.0,0,0,0,0,0,0,149,"28.4478° N, 76.9703° E",28.4478,76.9703
1160,flat,bestech park view sanskruti,sector 92,1.6,7547.0,3,3,3,10.0,Moderately Old,1765.0,0,1,0,0,0,1,60,"28.4079° N, 76.9153° E",28.4079,76.9153
1161,flat,m3m woodshire,sector 107,1.45,6141.0,3,4,3+,7.0,Moderately Old,1900.0,0,1,0,0,0,0,67,"28.5052° N, 76.9729° E",28.5052,76.9729
1162,flat,emaar palm gardens,sector 83,1.72,9053.0,3,3,3,4.0,Moderately Old,1600.0,0,1,0,0,0,1,165,"28.3986° N, 76.9647° E",28.3986,76.9647
1163,flat,pareena mi casa,sector 68,1.9,9228.0,3,3,3+,1.0,Under Construction,2288.0,0,1,0,0,0,0,49,"28.3853° N, 77.0484° E",28.3853,77.0484
1164,flat,tata primanti,sector 72,6.5,15294.0,4,4,3+,0.0,Moderately Old,3846.0,1,1,0,1,0,0,67,"28.4225° N, 77.0211° E",28.4225,77.0211
1165,house,independent,sector 3,3.5,9211.0,1,1,0,1.0,Old Property,3800.0,0,0,0,0,0,0,0,"28.4909° N, 77.0176° E",28.4909,77.0176
1166,flat,tulip violet,sector 69,1.7,8445.0,4,4,2,7.0,Moderately Old,1819.0,0,0,0,0,0,0,128,"28.3966° N, 77.0341° E",28.3966,77.0341
1167,flat,the close north,sector 50,3.0,11516.0,3,3,3+,14.0,Old Property,2357.0,0,1,0,0,0,1,121,"28.4178° N, 77.0628° E",28.4178,77.0628
1168,flat,umang monsoon breeze,sector 78,1.15,5285.0,3,3,3,9.0,Moderately Old,1969.0,0,1,0,0,1,0,22,"28.3733° N, 76.9729° E",28.3733,76.9729
1169,flat,signature global solera,sector 107,0.49,8221.0,2,2,1,8.0,Moderately Old,598.0,0,0,0,0,1,2,49,"28.5052° N, 76.9729° E",28.5052,76.9729
1170,flat,dlf regal gardens,sector 90,1.27,5498.0,3,3,3+,2.0,Moderately Old,1500.0,0,0,0,0,1,0,72,"28.4085° N, 76.9369° E",28.4085,76.9369
1171,flat,pareena mi casa,sector 68,1.7,8504.0,4,4,3,2.0,New Property,1809.0,0,0,0,0,0,0,47,"28.3853° N, 77.0484° E",28.3853,77.0484
1172,house,unitech espace,sector 50,7.5,34722.0,3,3,2,2.0,Old Property,241.0,0,1,0,0,0,1,66,"28.4178° N, 77.0628° E",28.4178,77.0628
1173,flat,dlf the ultima,sector 81,2.2,10461.0,3,3,3+,5.0,Moderately Old,1570.0,1,1,0,1,1,2,49,"28.3867° N, 76.9485° E",28.3867,76.9485
1174,house,independent,sector 24,2.75,7667.0,7,7,3+,3.0,Old Property,3000.0,0,0,0,0,1,1,0,"28.4939° N, 77.1038° E",28.4939,77.1038
1175,flat,ace palm floors,sector 89,0.97,7861.0,2,2,2,1.0,New Property,1371.0,1,0,0,0,0,0,28,"28.4253° N, 76.9439° E",28.4253,76.9439
1176,flat,siddhi vinayak apartments,sector 55,1.44,9600.0,3,3,2,6.0,Old Property,1700.0,0,0,0,0,1,1,47,"28.4281° N, 77.1100° E",28.4281,77.11
1177,flat,emaar mgf the palm drive,sector 66,3.4,15455.0,3,4,3,9.0,Moderately Old,1991.0,0,1,1,0,0,1,96,"28.3925° N, 77.0541° E",28.3925,77.0541
1178,flat,emaar mgf emerald floors premier,sector 65,2.36,14303.0,3,3,3,0.0,Moderately Old,1493.0,1,1,0,0,0,1,159,"28.4030° N, 77.0690° E",28.403,77.069
1179,flat,dlf beverly park,sector 25,8.0,15385.0,5,5,3+,2.0,Old Property,5778.0,1,1,0,1,1,2,26,"28.4844° N, 77.0860° E",28.4844,77.086
1180,flat,signature andour heights,sector 71,0.37,7400.0,1,1,2,2.0,Moderately Old,425.0,0,0,0,0,0,1,37,"28.4104° N, 77.0281° E",28.4104,77.0281
1181,house,independent,sector 12,2.75,12343.0,6,6,2,2.0,Old Property,2228.0,0,0,0,0,0,0,0,"28.4723° N, 77.0320° E",28.4723,77.032
1182,flat,experion windchants,sector 112,3.75,13383.0,3,3,2,21.0,Moderately Old,2225.56,0,1,0,0,0,1,159,"28.5189° N, 77.0183° E",28.5189,77.0183
1183,flat,emaar mgf the palm drive,sector 66,3.0,14286.0,4,5,3+,10.0,Moderately Old,1900.0,0,1,0,0,0,1,49,"28.3925° N, 77.0541° E",28.3925,77.0541
1184,house,independent,sector 31,4.25,26235.0,5,5,3+,3.0,Old Property,200.0,0,0,1,1,0,1,56,"28.4528° N, 77.0498° E",28.4528,77.0498
1185,flat,tulip violet,sector 69,1.66,10134.0,3,3,2,0.0,Moderately Old,1482.0,0,0,0,0,0,0,157,"28.3966° N, 77.0341° E",28.3966,77.0341
1186,house,independent,sector 6,0.66,10784.0,3,2,1,2.0,Old Property,612.0,0,0,0,0,0,0,36,"28.4745° N, 77.0262° E",28.4745,77.0262
1187,flat,bptp terra,sector 37d,1.55,8559.0,3,3,3+,11.0,Moderately Old,1639.0,0,0,0,0,0,0,79,"28.4478° N, 76.9703° E",28.4478,76.9703
1188,flat,corona optus,sector 37c,1.25,7176.0,3,3,3,2.0,Moderately Old,1563.0,1,0,0,0,0,0,49,"28.4515° N, 76.9882° E",28.4515,76.9882
1189,flat,dnha group housing society,manesar,0.75,4518.0,3,2,2,5.0,Moderately Old,1502.0,0,0,0,0,0,0,0,"28.3515° N, 76.9428° E",28.3515,76.9428
1190,house,independent,sector 5,3.5,15556.0,6,5,2,3.0,Old Property,2250.0,1,1,0,1,1,2,155,"28.4794° N, 77.0176° E",28.4794,77.0176
1191,flat,dlf exclusive floors,sector 43,2.35,14242.0,3,3,2,1.0,Old Property,1527.0,0,0,1,0,0,1,102,"28.4629° N, 77.0772° E",28.4629,77.0772
1192,flat,ambience caitriona,sector 24,14.0,22222.0,4,5,3,3.0,Old Property,700.0,0,0,0,0,0,0,0,"28.4939° N, 77.1038° E",28.4939,77.1038
1193,flat,emaar mgf the palm drive,sector 66,2.99,14950.0,3,3,3,7.0,Moderately Old,1800.0,0,1,0,0,0,1,49,"28.3925° N, 77.0541° E",28.3925,77.0541
1194,flat,residency grand,sector 52,5.0,7692.0,5,7,3+,1.0,Moderately Old,5778.0,0,1,0,1,0,0,77,"28.4379° N, 77.0785° E",28.4379,77.0785
1195,flat,vatika city,sector 49,3.6,11921.0,4,5,3,7.0,Moderately Old,3356.0,0,1,0,1,0,2,15,"28.4121° N, 77.0480° E",28.4121,77.048
1196,flat,indiabulls centrum park,sector 103,1.9,5682.0,3,4,3+,10.0,Moderately Old,3716.0,1,1,0,1,1,1,49,"28.4949° N, 76.9845° E",28.4949,76.9845
1197,flat,emaar palm gardens,sector 83,1.75,9211.0,3,3,3,6.0,Moderately Old,1549.0,0,1,0,0,0,1,105,"28.3986° N, 76.9647° E",28.3986,76.9647
1198,flat,m3m woodshire,sector 107,0.8,5857.0,2,2,3+,6.0,Moderately Old,1204.0,0,0,0,1,0,1,174,"28.5052° N, 76.9729° E",28.5052,76.9729
1199,flat,sare green parc phase 3,sector 92,0.95,4857.0,4,3,3,4.0,Moderately Old,1770.0,0,0,0,0,0,0,67,"28.4079° N, 76.9153° E",28.4079,76.9153
1200,flat,pyramid urban homes 2,sector 86,0.5,8319.0,2,2,1,2.0,Moderately Old,668.0,0,0,0,0,0,0,35,"28.3986° N, 76.9384° E",28.3986,76.9384
1201,flat,ireo victory valley,sector 67,3.5,14583.0,3,4,3,24.0,Moderately Old,2490.0,0,1,0,1,0,1,149,"28.3859° N, 77.0608° E",28.3859,77.0608
1202,flat,sare crescent parc,sector 92,0.82,5384.0,3,3,3+,12.0,Moderately Old,1523.0,0,0,0,0,0,0,0,"28.4079° N, 76.9153° E",28.4079,76.9153
1203,flat,shapoorji pallonji joyville gurugram,sector 102,2.0,17730.0,3,3,3+,1.0,Moderately Old,1456.0,0,0,1,0,0,0,139,"28.4750° N, 76.9715° E",28.475,76.9715
1204,flat,eldeco accolade,sector 33,1.2,8043.0,2,2,2,0.0,Moderately Old,1492.0,0,0,0,0,0,0,56,"28.4420° N, 77.0207° E",28.442,77.0207
1205,house,independent,sector 48,8.4,25926.0,4,4,3,2.0,Old Property,3240.0,0,1,0,1,0,1,15,"28.4177° N, 77.0359° E",28.4177,77.0359
1206,flat,imperia the esfera,sector 37c,0.87,5513.0,2,3,3+,9.0,New Property,1428.0,1,0,0,0,0,0,49,"28.4515° N, 76.9882° E",28.4515,76.9882
1207,flat,karmyogi apartment,sector 10a,2.3,6466.0,6,4,2,6.0,New Property,3951.0,0,0,0,0,0,0,0,"28.4469° N, 77.0106° E",28.4469,77.0106
1208,flat,corona optus,sector 37c,1.5,6361.0,3,4,3+,14.0,New Property,2134.0,0,1,0,0,1,0,83,"28.4515° N, 76.9882° E",28.4515,76.9882
1209,flat,ambience creacions,sector 22,2.55,13710.0,3,3,3,5.0,Moderately Old,1600.0,0,0,0,0,0,2,49,"28.5072° N, 77.0640° E",28.5072,77.064
1210,flat,smart world gems,sector 89,1.71,12000.0,3,2,0,3.0,Moderately Old,1423.0,0,0,0,0,0,0,45,"28.4253° N, 76.9439° E",28.4253,76.9439
1211,house,independent,sector 6,0.75,10519.0,2,4,1,3.0,Old Property,713.0,0,0,0,0,0,0,62,"28.4745° N, 77.0262° E",28.4745,77.0262
1212,flat,woodstock floors,sector 50,1.05,10628.0,2,2,2,2.0,Moderately Old,1098.0,0,0,0,0,0,0,53,"28.4178° N, 77.0628° E",28.4178,77.0628
1213,flat,experion the heartsong,sector 108,1.2,6826.0,3,2,3+,11.0,Moderately Old,1550.0,0,1,0,1,0,1,174,"28.5134° N, 76.9830° E",28.5134,76.983
1214,flat,ats marigold,sector 89,1.85,8605.0,3,3,3+,12.0,New Property,1946.0,0,1,0,0,0,0,37,"28.4253° N, 76.9439° E",28.4253,76.9439
1215,flat,ats tourmaline,sector 109,2.3,8897.0,3,4,3+,10.0,New Property,2339.0,0,1,0,0,1,0,74,"28.5073° N, 77.0089° E",28.5073,77.0089
1216,flat,birla navya,sector 63a,3.15,14631.0,3,3,3,4.0,Moderately Old,222.0,0,0,0,0,1,0,44,"28.3923° N, 77.0888° E",28.3923,77.0888
1217,house,vipul tatvam villa,sector 48,7.25,27971.0,3,4,2,2.0,Old Property,2592.0,1,1,1,1,0,1,115,"28.4177° N, 77.0359° E",28.4177,77.0359
1218,house,smart world orchard,sector 61,2.01,13001.0,3,3,3,4.0,Under Construction,1549.0,0,0,0,0,0,0,145,"28.4050° N, 77.0963° E",28.405,77.0963
1219,house,project housing board colony,sector 28,2.58,17695.0,4,2,2,2.0,Old Property,1444.0,0,0,0,0,0,0,0,"28.4728° N, 77.0865° E",28.4728,77.0865
1220,flat,ansal heights 86,sector 86,0.67,5099.0,2,2,1,10.0,Moderately Old,1231.0,0,0,0,0,0,0,115,"28.3986° N, 76.9384° E",28.3986,76.9384
1221,flat,ramsons kshitij,sector 95,0.4,5839.0,3,2,2,6.0,New Property,761.0,0,0,0,0,0,0,0,"28.4172° N, 76.9081° E",28.4172,76.9081
1222,house,nul,sector 25,15.0,23438.0,5,5,3,2.0,Old Property,6400.0,1,1,0,1,0,1,112,"28.4844° N, 77.0860° E",28.4844,77.086
1223,flat,godrej icon,sector 88a,1.62,10019.0,3,2,3+,10.0,Moderately Old,1463.0,1,0,0,0,0,2,49,"28.4347° N, 76.9557° E",28.4347,76.9557
1224,flat,smart world gems,sector 89,1.2,8433.0,3,3,2,3.0,New Property,1423.0,1,0,0,0,1,0,37,"28.4253° N, 76.9439° E",28.4253,76.9439
1225,house,unitech uniworld resorts,sector 33,9.5,23336.0,5,7,3+,2.0,Under Construction,500.0,1,1,1,1,0,0,57,"28.4420° N, 77.0207° E",28.442,77.0207
1226,flat,parsvnath green ville,sector 48,1.6,8377.0,3,3,3,13.0,Old Property,1700.0,0,0,0,0,1,1,119,"28.4177° N, 77.0359° E",28.4177,77.0359
1227,flat,pareena coban residences,sector 99a,1.56,7812.0,3,5,3,4.0,New Property,1807.0,0,1,0,0,1,0,49,"28.4561° N, 76.9542° E",28.4561,76.9542
1228,flat,tulip violet,sector 69,3.25,10106.0,4,5,3+,14.0,Moderately Old,2910.0,0,0,0,1,1,0,20,"28.3966° N, 77.0341° E",28.3966,77.0341
1229,flat,dlf trinity towers,sector 43,3.8,15510.0,3,3,3+,1.0,Moderately Old,2450.0,0,1,0,1,0,1,68,"28.4629° N, 77.0772° E",28.4629,77.0772
1230,flat,corona optus,sector 37c,1.26,7250.0,3,3,3,4.0,New Property,1400.0,0,0,0,0,0,0,28,"28.4515° N, 76.9882° E",28.4515,76.9882
1231,flat,pareena coban residences,sector 99a,1.3,6510.0,3,3,0,16.0,Moderately Old,1997.0,0,0,0,0,0,0,0,"28.4561° N, 76.9542° E",28.4561,76.9542
1232,flat,huda ashok vihar phase,sector 4,0.43,6615.0,2,2,1,2.0,Moderately Old,722.0,0,0,0,0,0,0,7,"28.4738° N, 77.0107° E",28.4738,77.0107
1233,flat,aardhya homesh,sector 67a,1.85,8043.0,4,4,0,4.0,New Property,2556.0,0,0,0,0,0,0,0,"28.3960° N, 77.0372° E",28.396,77.0372
1234,flat,la vida by tata housing,sector 113,2.4,10825.0,3,4,3+,5.0,Moderately Old,1940.0,0,1,0,0,0,0,49,"28.5287° N, 77.0233° E",28.5287,77.0233
1235,flat,emaar imperial gardens,sector 102,1.7,8395.0,3,4,3+,8.0,Moderately Old,1750.0,0,1,0,1,0,1,174,"28.4750° N, 76.9715° E",28.475,76.9715
1236,flat,signature global park 4,sector 36,1.0,9901.0,3,2,3,2.0,New Property,1122.0,0,0,0,0,0,0,128,"28.4160° N, 76.9914° E",28.416,76.9914
1237,flat,tulip leaf,sector 69,2.07,11424.0,3,3,3,16.0,Moderately Old,1640.0,0,0,0,0,0,0,49,"28.3966° N, 77.0341° E",28.3966,77.0341
1238,house,house number b-34,sector 5,0.8,8889.0,2,2,1,1.0,Old Property,900.0,0,0,0,0,0,0,0,"28.4794° N, 77.0176° E",28.4794,77.0176
1239,house,independent,sector 25,16.0,26667.0,6,5,2,3.0,Moderately Old,6000.0,0,0,0,0,0,0,0,"28.4844° N, 77.0860° E",28.4844,77.086
1240,house,independent,sector 46,5.65,23870.0,8,6,3+,3.0,Old Property,2367.0,0,1,0,0,0,1,67,"28.4374° N, 77.0586° E",28.4374,77.0586
1241,flat,afnhb jalvayu vihar,sector 30,1.45,11154.0,3,2,2,2.0,Old Property,1300.0,0,0,0,0,0,2,75,"28.4604° N, 77.0579° E",28.4604,77.0579
1242,flat,bestech park view ananda,sector 81,0.9,6618.0,2,2,3,8.0,New Property,1231.0,0,0,0,0,1,0,60,"28.3867° N, 76.9485° E",28.3867,76.9485
1243,flat,m3m woodshire,sector 107,1.3,8922.0,3,3,3+,4.0,Moderately Old,1554.0,0,0,0,1,0,1,174,"28.5052° N, 76.9729° E",28.5052,76.9729
1244,flat,antriksh green,sector 45,2.25,7826.0,4,4,2,9.0,Old Property,3194.0,0,1,0,0,0,2,23,"28.4466° N, 77.0660° E",28.4466,77.066
1245,house,independent,sector 12,2.9,10741.0,7,7,3,2.0,Old Property,2700.0,0,0,0,0,0,0,7,"28.4723° N, 77.0320° E",28.4723,77.032
1246,house,independent,sector 45,16.0,35003.0,6,7,3+,3.0,Moderately Old,4500.0,1,1,1,1,0,1,105,"28.4466° N, 77.0660° E",28.4466,77.066
1247,house,independent,sector 9,1.1,6111.0,4,3,1,2.0,Old Property,200.0,0,0,0,0,0,0,0,"28.4603° N, 77.0000° E",28.4603,77.0
1248,house,independent,sector 15,1.8,10000.0,4,3,1,1.0,Old Property,1800.0,0,0,0,0,0,0,16,"28.4621° N, 77.0464° E",28.4621,77.0464
1249,flat,orris aster court premier,sector 85,1.38,6509.0,3,4,2,6.0,Moderately Old,1616.0,0,1,0,0,0,0,76,"28.4042° N, 76.9513° E",28.4042,76.9513
1250,flat,vatika gurgaon,sector 83,0.84,6747.0,2,2,2,7.0,Moderately Old,1127.0,0,0,0,0,0,1,157,"28.3986° N, 76.9647° E",28.3986,76.9647
1251,flat,shree vardhman victoria,sector 70,1.62,8308.0,3,5,3,9.0,Moderately Old,1527.0,0,1,0,0,0,0,43,"28.3968° N, 77.0233° E",28.3968,77.0233
1252,flat,central park flower valley aqua front towers,sector 33,1.7,9450.0,3,3,3+,5.0,New Property,1697.0,0,0,0,0,0,1,44,"28.4420° N, 77.0207° E",28.442,77.0207
1253,house,not applicable,sector 11,2.2,12222.0,4,3,2,1.0,Old Property,1800.0,1,0,0,1,0,0,24,"28.4531° N, 77.0202° E",28.4531,77.0202
1254,flat,the lions cghs,sector 56,2.0,8333.0,4,4,3,8.0,Moderately Old,2253.0,0,0,0,0,1,1,49,"28.4245° N, 77.0991° E",28.4245,77.0991
1255,flat,godrej nature plus,sector 33,1.67,10503.0,3,2,2,18.0,Moderately Old,1857.0,0,0,0,0,0,0,67,"28.4420° N, 77.0207° E",28.442,77.0207
1256,flat,dlf new town heights,sector 86,1.54,5785.0,4,4,3+,21.0,Moderately Old,2139.0,1,1,0,1,0,0,80,"28.3986° N, 76.9384° E",28.3986,76.9384
1257,house,nul,sector 25,9.5,33404.0,9,9,3+,3.0,Old Property,2844.0,0,0,0,0,1,0,81,"28.4844° N, 77.0860° E",28.4844,77.086
1258,flat,conscient heritage max,sector 102,1.82,9372.0,3,4,3+,15.0,Moderately Old,1757.0,0,1,0,0,0,0,125,"28.4750° N, 76.9715° E",28.475,76.9715
1259,flat,sare crescent parc,sector 92,0.5,5000.0,2,2,3,2.0,Moderately Old,905.0,0,0,0,0,0,0,38,"28.4079° N, 76.9153° E",28.4079,76.9153
1260,flat,ramprasta awho,sector 95,0.92,5257.0,3,3,3+,13.0,New Property,1750.0,0,0,0,0,0,0,0,"28.4172° N, 76.9081° E",28.4172,76.9081
1261,house,ats tourmaline,sector 109,1.87,8698.0,3,4,0,12.0,Moderately Old,2150.0,0,0,0,0,0,0,0,"28.5073° N, 77.0089° E",28.5073,77.0089
1262,flat,supertech araville,sector 79,0.95,6209.0,2,2,3,7.0,New Property,1385.0,1,0,0,0,0,0,49,"28.3624° N, 76.9787° E",28.3624,76.9787
1263,flat,sare crescent parc,sector 92,0.8,6033.0,3,2,2,3.0,Moderately Old,1473.0,0,0,0,0,0,0,15,"28.4079° N, 76.9153° E",28.4079,76.9153
1264,flat,godrej air,sector 85,1.05,10606.0,2,2,1,15.0,Moderately Old,97.0,0,0,0,0,0,0,45,"28.4042° N, 76.9513° E",28.4042,76.9513
1265,flat,m3m skycity,sector 65,1.8,13699.0,2,2,3,13.0,New Property,1456.0,0,0,0,0,0,0,73,"28.4030° N, 77.0690° E",28.403,77.069
1266,house,unitech espace,sector 50,10.3,31790.0,5,6,3+,3.0,Old Property,3240.0,1,1,1,1,0,1,160,"28.4178° N, 77.0628° E",28.4178,77.0628
1267,flat,nbcc heights,sector 89,1.5,7059.0,3,3,3,8.0,Moderately Old,1923.0,1,1,0,0,0,0,105,"28.4253° N, 76.9439° E",28.4253,76.9439
1268,flat,spaze privy,sector 72,1.9,9620.0,3,3,3,10.0,Moderately Old,1975.0,0,0,0,0,0,0,0,"28.4225° N, 77.0211° E",28.4225,77.0211
1269,flat,unitech sunbreeze,sector 69,0.75,6849.0,2,2,2,4.0,Under Construction,991.0,0,0,0,0,0,0,0,"28.3966° N, 77.0341° E",28.3966,77.0341
1270,flat,bptp terra,sector 37d,1.5,8283.0,3,3,3,17.0,Moderately Old,1692.0,0,0,0,0,1,0,49,"28.4478° N, 76.9703° E",28.4478,76.9703
1271,flat,satya element one,sector 49,0.8,11111.0,1,1,1,0.0,Moderately Old,720.0,0,0,0,0,0,0,0,"28.4121° N, 77.0480° E",28.4121,77.048
1272,flat,adani m2k oyster grande,sector 102,1.9,14074.0,3,4,3,21.0,Moderately Old,1605.0,0,1,0,0,0,0,60,"28.4750° N, 76.9715° E",28.475,76.9715
1273,flat,shree vardhman flora,sector 90,0.65,4815.0,2,2,3,3.0,Moderately Old,1222.0,1,0,0,0,0,0,106,"28.4085° N, 76.9369° E",28.4085,76.9369
1274,flat,spaze privvy the address,sector 93,1.25,5700.0,4,4,3,16.0,Moderately Old,2105.0,0,0,0,0,0,0,0,"28.4153° N, 76.9326° E",28.4153,76.9326
1275,house,hero homes,sector 104,1.95,21196.0,3,5,3+,2.0,Moderately Old,920.0,0,0,0,0,0,0,64,"28.4788° N, 76.9960° E",28.4788,76.996
1276,house,independent,sector 13,1.5,11538.0,2,7,3,4.0,Old Property,1300.0,0,0,0,0,0,0,0,"28.4757° N, 77.0392° E",28.4757,77.0392
1277,flat,m3m woodshire,sector 107,1.21,6227.0,3,3,3,7.0,Moderately Old,1713.0,0,0,0,0,0,1,126,"28.5052° N, 76.9729° E",28.5052,76.9729
1278,flat,signature andour heights,sector 71,0.6,10000.0,2,2,1,5.0,Moderately Old,557.0,0,0,0,1,0,0,59,"28.4104° N, 77.0281° E",28.4104,77.0281
1279,flat,shree vardhman flora,sector 90,0.7,5178.0,2,2,3,9.0,New Property,1224.0,1,0,0,0,0,0,97,"28.4085° N, 76.9369° E",28.4085,76.9369
1280,flat,dlf new town heights,sector 90,1.25,6477.0,3,3,3+,6.0,Moderately Old,1929.0,0,1,0,1,0,0,136,"28.4085° N, 76.9369° E",28.4085,76.9369
1281,flat,sidhartha ncr greens,sector 95,0.96,6202.0,3,3,3,8.0,New Property,1720.0,0,0,1,1,0,0,8,"28.4172° N, 76.9081° E",28.4172,76.9081
1282,flat,sapphire eighty three,sector 83,0.65,9286.0,1,1,0,6.0,Moderately Old,700.0,0,0,0,0,0,0,0,"28.3986° N, 76.9647° E",28.3986,76.9647
1283,flat,antriksh heights,sector 84,0.94,6999.0,3,2,3+,10.0,New Property,1222.0,1,0,0,0,0,1,89,"28.3979° N, 76.9736° E",28.3979,76.9736
1284,house,dlf city plots,sector 26,19.0,42054.0,6,6,3,2.0,Moderately Old,4518.0,1,1,0,0,0,1,121,"28.4757° N, 77.1032° E",28.4757,77.1032
1285,flat,ansal housing highland park,sector 110,0.8,5878.0,2,2,2,9.0,Moderately Old,1361.0,0,0,0,0,0,0,0,"28.5145° N, 77.0197° E",28.5145,77.0197
1286,flat,experion windchants,sector 112,5.49,11585.0,4,5,3+,5.0,Moderately Old,3655.35,0,1,0,0,0,1,168,"28.5189° N, 77.0183° E",28.5189,77.0183
1287,flat,godrej nature plus,sector 33,1.65,8267.0,3,3,3,2.0,Moderately Old,2218.0,0,1,0,0,0,0,37,"28.4420° N, 77.0207° E",28.442,77.0207
1288,house,emaar mgf marbella,sector 66,15.1,18605.0,5,5,3+,3.0,New Property,8067.799999999999,1,1,1,1,0,0,120,"28.3925° N, 77.0541° E",28.3925,77.0541
1289,house,emaar mgf marbella,sector 66,8.8,41608.0,4,4,3+,3.0,Moderately Old,267.0,0,1,1,1,0,0,107,"28.3925° N, 77.0541° E",28.3925,77.0541
1290,flat,la vida by tata housing,sector 113,1.45,11364.0,2,2,2,6.0,Moderately Old,1080.0,0,0,0,0,0,0,80,"28.5287° N, 77.0233° E",28.5287,77.0233
1291,flat,mapsko casa bella,sector 82,1.25,6378.0,3,4,3+,8.0,Under Construction,1774.0,0,0,0,0,0,0,54,"28.3935° N, 76.9600° E",28.3935,76.96
1292,flat,mapsko mount ville,sector 79,1.55,8540.0,3,4,3,11.0,Moderately Old,1416.0,0,1,0,0,0,1,152,"28.3624° N, 76.9787° E",28.3624,76.9787
1293,flat,nagata group housing society,sector 1,0.85,3696.0,3,3,3+,4.0,Moderately Old,2081.0,0,1,0,0,0,0,5,"28.3663° N, 76.9456° E",28.3663,76.9456
1294,flat,silverglades hightown residences,sector 43,4.2,19765.0,3,4,2,7.0,Moderately Old,1946.0,0,0,0,0,0,0,42,"28.4629° N, 77.0772° E",28.4629,77.0772
1295,flat,sare homes,sector 92,1.19,5219.0,4,3,3,14.0,Moderately Old,2533.0,0,1,0,0,0,0,100,"28.4079° N, 76.9153° E",28.4079,76.9153
1296,flat,dlf regal gardens,sector 90,1.13,6647.0,3,3,3+,8.0,Moderately Old,1566.0,0,0,0,0,1,0,72,"28.4085° N, 76.9369° E",28.4085,76.9369
1297,flat,puri emerald bay,sector 104,1.5,9677.0,2,2,2,7.0,Under Construction,1403.0,0,0,0,0,1,0,43,"28.4788° N, 76.9960° E",28.4788,76.996
1298,flat,emaar mgf emerald floors premier,sector 65,2.29,13879.0,3,4,3+,2.0,Moderately Old,1833.0,1,1,0,0,0,2,174,"28.4030° N, 77.0690° E",28.403,77.069
1299,flat,smriti apartment,sector 56,0.45,7500.0,1,1,2,3.0,Old Property,543.0,0,0,0,0,0,0,57,"28.4245° N, 77.0991° E",28.4245,77.0991
1300,flat,mapsko mount ville,sector 79,1.25,8389.0,3,3,3,18.0,Moderately Old,1058.0,1,0,0,0,0,1,102,"28.3624° N, 76.9787° E",28.3624,76.9787
1301,flat,godrej oasis,sector 88a,1.45,8082.0,3,3,3,12.0,Moderately Old,1993.0,0,0,0,0,0,0,49,"28.4347° N, 76.9557° E",28.4347,76.9557
1302,flat,the close north,sector 50,2.35,11768.0,3,3,3+,8.0,Moderately Old,1950.0,0,0,0,0,0,1,165,"28.4178° N, 77.0628° E",28.4178,77.0628
1303,flat,supertech araville,sector 79,0.71,6063.0,2,2,3+,17.0,New Property,1280.0,0,0,0,0,1,0,53,"28.3624° N, 76.9787° E",28.3624,76.9787
1304,flat,tulip violet,sector 69,2.0,10168.0,4,4,1,12.0,Moderately Old,2186.0,0,0,0,0,0,0,79,"28.3966° N, 77.0341° E",28.3966,77.0341
1305,flat,ireo the corridors,sector 67a,1.85,9531.0,3,4,3,4.0,New Property,1941.0,1,0,1,0,0,1,150,"28.3960° N, 77.0372° E",28.396,77.0372
1306,house,vipul tatvam villa,sector 48,7.35,22812.0,4,5,2,2.0,Old Property,3222.0,1,1,1,1,0,1,144,"28.4177° N, 77.0359° E",28.4177,77.0359
1307,flat,suncity platinum towers,sector 28,7.0,22222.0,4,3,2,10.0,Old Property,2488.0,0,1,0,0,0,0,31,"28.4728° N, 77.0865° E",28.4728,77.0865
1308,flat,smart world gems,sector 89,0.86,7797.0,2,3,2,4.0,New Property,1226.0,1,1,0,1,0,1,72,"28.4253° N, 76.9439° E",28.4253,76.9439
1309,flat,elan the presidential,sector 106,6.3,15385.0,5,6,3+,10.0,Under Construction,3797.0,0,0,0,0,0,1,62,"28.5007° N, 77.0003° E",28.5007,77.0003
1310,flat,indiabulls enigma,sector 110,4.49,11572.0,5,5,3+,4.0,Moderately Old,3511.0,0,1,0,0,0,0,165,"28.5145° N, 77.0197° E",28.5145,77.0197
1311,flat,microtek greenburg,sector 86,1.45,9797.0,3,2,3,8.0,Moderately Old,1480.0,0,0,0,0,0,2,72,"28.3986° N, 76.9384° E",28.3986,76.9384
1312,flat,greenopolis,sector 89,0.9,4700.0,3,3,0,14.0,Under Construction,1910.0,0,0,0,0,0,0,67,"28.4253° N, 76.9439° E",28.4253,76.9439
1313,flat,umang winter hills,sector 77,1.35,7781.0,3,3,3+,7.0,New Property,1451.0,0,0,1,0,0,1,96,"28.3801° N, 76.9845° E",28.3801,76.9845
1314,house,independent,sector 7,0.27,12000.0,2,2,1,2.0,Old Property,225.0,0,0,0,0,0,0,12,"28.4644° N, 77.0143° E",28.4644,77.0143
1315,house,ireo victory valley,sector 67,8.0,22222.0,6,7,3+,3.0,Moderately Old,3600.0,1,1,1,1,0,1,151,"28.3859° N, 77.0608° E",28.3859,77.0608
1316,flat,m3m skywalk,sector 74,1.4,9831.0,2,2,2,17.0,New Property,1289.0,0,0,0,0,0,1,167,"28.4158° N, 77.0118° E",28.4158,77.0118
1317,flat,godrej air,sector 85,1.3,14541.0,2,2,3,30.0,Moderately Old,1130.0,0,0,0,0,0,0,111,"28.4042° N, 76.9513° E",28.4042,76.9513
1318,flat,ss the leaf,sector 85,2.7,7754.0,4,4,3+,23.0,New Property,3151.0,0,0,0,0,0,0,21,"28.4042° N, 76.9513° E",28.4042,76.9513
1319,flat,tata primanti,sector 72,4.0,13769.0,4,5,2,7.0,Moderately Old,2629.0,0,1,0,0,0,0,38,"28.4225° N, 77.0211° E",28.4225,77.0211
1320,flat,m3m woodshire,sector 107,1.15,7497.0,2,2,3,0.0,Moderately Old,1281.0,1,0,0,0,0,0,29,"28.5052° N, 76.9729° E",28.5052,76.9729
1321,flat,ats triumph,sector 104,2.0,8734.0,3,4,3+,4.0,Moderately Old,2072.0,0,1,0,0,0,0,60,"28.4788° N, 76.9960° E",28.4788,76.996
1322,flat,emaar gurgaon greens,sector 102,1.38,13490.0,3,3,3,6.0,Moderately Old,1315.0,0,1,0,0,0,1,128,"28.4750° N, 76.9715° E",28.475,76.9715
1323,flat,vipul lavanya,sector 81,1.0,8000.0,2,2,2,7.0,Moderately Old,1131.0,0,0,0,0,0,0,31,"28.3867° N, 76.9485° E",28.3867,76.9485
1324,house,independent,sector 39,15.0,33333.0,5,5,3+,4.0,Moderately Old,4500.0,0,1,0,0,0,1,27,"28.4434° N, 77.0515° E",28.4434,77.0515
1325,flat,sobha city,sector 108,1.9,13758.0,2,2,2,8.0,Moderately Old,1250.0,0,0,0,0,0,0,85,"28.5134° N, 76.9830° E",28.5134,76.983
1326,flat,m3m merlin,sector 67,4.5,14268.0,4,4,3+,15.0,Moderately Old,2854.0,0,1,0,0,0,1,158,"28.3859° N, 77.0608° E",28.3859,77.0608
1327,flat,conscient heritage max,sector 102,1.75,9011.0,3,4,3+,13.0,Moderately Old,1757.0,0,1,0,0,0,1,94,"28.4750° N, 76.9715° E",28.475,76.9715
1328,flat,vatika lifestyle homes,sector 83,1.04,5699.0,3,2,2,2.0,Moderately Old,1500.0,0,0,0,0,0,0,95,"28.3986° N, 76.9647° E",28.3986,76.9647
1329,flat,antriksh heights,sector 84,0.85,4928.0,3,3,3+,10.0,Moderately Old,1561.0,1,0,0,0,0,0,52,"28.3979° N, 76.9736° E",28.3979,76.9736
1330,house,independent,sector 11,1.8,8079.0,8,5,2,1.0,Old Property,2476.0,0,0,0,0,0,0,0,"28.4531° N, 77.0202° E",28.4531,77.0202
1331,flat,ss the leaf,sector 85,1.91,5026.0,4,6,3,6.0,Moderately Old,3890.0,0,1,0,0,0,0,174,"28.4042° N, 76.9513° E",28.4042,76.9513
1332,flat,vatika gurgaon,sector 83,1.15,5808.0,3,3,2,3.0,Moderately Old,1350.0,1,1,1,1,0,1,165,"28.3986° N, 76.9647° E",28.3986,76.9647
1333,house,dlf city plots phase 2,sector 25,10.5,29022.0,4,4,2,2.0,Old Property,402.0,0,1,0,1,0,1,91,"28.4844° N, 77.0860° E",28.4844,77.086
1334,flat,sidhartha ncr one phase,sector 95,0.6,4800.0,2,2,3,10.0,New Property,1250.0,0,0,0,0,0,0,0,"28.4172° N, 76.9081° E",28.4172,76.9081
1335,flat,dlf new town heights,sector 91,1.65,6346.0,4,4,3+,11.0,Moderately Old,2139.0,0,1,0,0,0,0,72,"28.4014° N, 76.9225° E",28.4014,76.9225
1336,flat,smart world orchard,sector 61,2.41,14785.0,3,3,3,2.0,New Property,1630.0,0,0,0,0,0,0,61,"28.4050° N, 77.0963° E",28.405,77.0963
1337,flat,paras dews,sector 106,1.25,7102.0,3,4,3+,5.0,Moderately Old,1186.0,0,1,0,0,0,0,165,"28.5007° N, 77.0003° E",28.5007,77.0003
1338,flat,smart world one dxp,sector 113,3.45,13269.0,4,4,3,11.0,Moderately Old,2353.0,1,1,0,0,0,0,156,"28.5287° N, 77.0233° E",28.5287,77.0233
1339,flat,signature global solera 2,sector 107,0.37,6679.0,2,2,2,9.0,New Property,615.0,0,0,0,0,0,0,23,"28.5052° N, 76.9729° E",28.5052,76.9729
1340,flat,m3m the marina,sector 68,1.0,12500.0,2,2,3,21.0,Moderately Old,889.0,0,0,0,0,0,0,31,"28.3853° N, 77.0484° E",28.3853,77.0484
1341,flat,emaar digihomes,sector 62,2.15,14257.0,2,2,3,31.0,Under Construction,1676.0,0,0,0,0,0,0,101,"28.4139° N, 77.0886° E",28.4139,77.0886
1342,flat,pioneer araya,sector 62,7.56,18000.0,4,4,3+,23.0,Moderately Old,4200.0,0,1,0,1,0,1,87,"28.4139° N, 77.0886° E",28.4139,77.0886
1343,flat,tata primanti,sector 72,3.5,11427.0,4,5,3+,10.0,Moderately Old,2625.0,0,1,0,0,1,0,38,"28.4225° N, 77.0211° E",28.4225,77.0211
1344,flat,umang monsoon breeze,sector 78,1.2,6494.0,3,3,2,8.0,Moderately Old,2045.0,0,0,0,1,0,2,8,"28.3733° N, 76.9729° E",28.3733,76.9729
1345,flat,lig flat,sector 40,1.5,5556.0,1,1,0,0.0,Moderately Old,300.0,0,0,0,0,0,0,0,"28.4498° N, 77.0567° E",28.4498,77.0567
1346,flat,orchid petals,sector 49,1.9,10526.0,3,3,3,9.0,Moderately Old,2006.0,0,1,0,0,0,0,95,"28.4121° N, 77.0480° E",28.4121,77.048
1347,flat,indiabulls enigma,sector 110,3.3,9851.0,4,5,3,7.0,Moderately Old,3032.0,0,1,0,0,0,0,101,"28.5145° N, 77.0197° E",28.5145,77.0197
1348,flat,dlf park place,sector 54,5.75,24689.0,3,4,3,12.0,Moderately Old,1900.0,0,1,0,0,0,2,174,"28.4348° N, 77.1089° E",28.4348,77.1089
1349,flat,tulip violet,sector 69,1.75,8883.0,4,4,1,12.0,Moderately Old,1783.0,0,0,0,0,0,0,86,"28.3966° N, 77.0341° E",28.3966,77.0341
1350,house,independent,sector 17,3.0,11111.0,4,4,0,1.0,Moderately Old,3000.0,0,0,0,0,0,0,0,"28.4791° N, 77.0608° E",28.4791,77.0608
1351,flat,bestech park view residency,sector 2,1.55,8073.0,3,4,3+,10.0,Moderately Old,1738.0,0,1,0,0,0,0,100,"28.5095° N, 77.0320° E",28.5095,77.032
1352,flat,the penthouses at the hibiscus,sector 50,8.5,8500.0,4,4,3,9.0,Moderately Old,11111.0,0,1,0,0,0,0,35,"28.4178° N, 77.0628° E",28.4178,77.0628
1353,flat,dlf the primus,sector 82a,3.5,13431.0,5,5,3+,14.0,Moderately Old,2896.0,1,0,0,0,0,2,49,"28.3858° N, 76.9686° E",28.3858,76.9686
1354,flat,orchid petals,sector 49,2.55,12319.0,3,4,3,8.0,Moderately Old,2060.0,1,0,0,0,0,1,49,"28.4121° N, 77.0480° E",28.4121,77.048
1355,flat,signature global solera,sector 107,0.4,6645.0,2,2,1,7.0,Moderately Old,577.0,0,0,0,0,0,1,55,"28.5052° N, 76.9729° E",28.5052,76.9729
1356,flat,shree vardhman victoria,sector 70,1.55,7949.0,3,5,3,8.0,Moderately Old,1527.0,0,1,0,0,0,0,174,"28.3968° N, 77.0233° E",28.3968,77.0233
1357,flat,smart world gems,sector 89,0.9,8145.0,2,2,2,1.0,Moderately Old,1105.0,0,0,0,0,0,0,45,"28.4253° N, 76.9439° E",28.4253,76.9439
1358,flat,vasant appartments,sector 14,1.7,7391.0,5,5,2,2.0,Old Property,2556.0,1,0,1,1,0,2,71,"28.4711° N, 77.0454° E",28.4711,77.0454
1359,flat,bptp terra,sector 37d,1.77,8079.0,4,3,3,15.0,Moderately Old,2025.0,1,1,0,1,1,0,49,"28.4478° N, 76.9703° E",28.4478,76.9703
1360,house,independent,sector 81,0.89,8128.0,1,1,0,1.0,Moderately Old,1095.0,0,0,0,0,0,0,0,"28.3867° N, 76.9485° E",28.3867,76.9485
1361,flat,maruti kunj,sector 11,0.8,5161.0,3,2,0,0.0,Old Property,1403.0,0,0,0,0,0,0,8,"28.4531° N, 77.0202° E",28.4531,77.0202
1362,flat,m3m merlin,sector 67,3.5,14583.0,3,4,3,17.0,Moderately Old,2225.0,0,1,1,0,0,1,167,"28.3859° N, 77.0608° E",28.3859,77.0608
1363,house,independent,sector 43,8.49,31444.0,3,3,2,4.0,Moderately Old,2700.0,0,1,0,1,0,1,21,"28.4629° N, 77.0772° E",28.4629,77.0772
1364,flat,unitech heritage city,sector 14,4.26,13108.0,4,4,0,9.0,Old Property,3250.0,0,0,0,0,0,0,0,"28.4711° N, 77.0454° E",28.4711,77.0454
1365,house,independent,sector 7,1.95,13542.0,2,2,2,2.0,Old Property,1440.0,0,0,0,0,0,0,0,"28.4644° N, 77.0143° E",28.4644,77.0143
1366,flat,green homes,sector 52,1.85,7872.0,3,3,3,7.0,Moderately Old,2127.0,0,1,0,0,0,0,28,"28.4379° N, 77.0785° E",28.4379,77.0785
1367,flat,vatika gurgaon,sector 83,0.75,6024.0,2,2,2,19.0,Moderately Old,1150.0,0,0,0,0,1,1,105,"28.3986° N, 76.9647° E",28.3986,76.9647
1368,house,independent,sector 4,5.0,10101.0,3,3,2,1.0,Old Property,4950.0,0,0,0,0,0,0,22,"28.4738° N, 77.0107° E",28.4738,77.0107
1369,flat,dlf the ultima,sector 81,2.26,10762.0,3,4,3+,17.0,New Property,1900.0,0,1,0,0,0,2,174,"28.3867° N, 76.9485° E",28.3867,76.9485
1370,flat,bestech park view city,sector 49,3.0,12589.0,4,4,3,5.0,Moderately Old,2200.0,0,1,0,1,0,1,141,"28.4121° N, 77.0480° E",28.4121,77.048
1371,house,dlf the arbour,sector 63,8.5,21519.0,4,4,3+,27.0,New Property,3950.0,0,0,0,0,0,0,61,"28.3971° N, 77.0867° E",28.3971,77.0867
1372,flat,ambience creacions,sector 22,2.4,17391.0,2,2,2,8.0,Moderately Old,1200.0,0,0,0,0,1,2,112,"28.5072° N, 77.0640° E",28.5072,77.064
1373,flat,godrej oasis,sector 88a,1.19,10162.0,2,2,3,15.0,Moderately Old,1387.0,1,0,0,1,0,1,174,"28.4347° N, 76.9557° E",28.4347,76.9557
1374,flat,shapoorji pallonji joyville gurugram,sector 102,1.24,10206.0,2,2,2,10.0,Moderately Old,1100.0,0,0,0,0,0,0,141,"28.4750° N, 76.9715° E",28.475,76.9715
1375,house,independent,sector 13,1.5,10519.0,2,2,2,3.0,Old Property,1426.0,1,0,0,1,0,0,7,"28.4757° N, 77.0392° E",28.4757,77.0392
1376,flat,sanskriti apartments,sector 43,2.5,13514.0,3,2,3,5.0,Old Property,1674.0,1,0,0,0,0,0,0,"28.4629° N, 77.0772° E",28.4629,77.0772
1377,flat,emaar gurgaon greens,sector 102,1.4,8485.0,3,3,3,9.0,Moderately Old,1413.0,0,1,0,0,0,0,49,"28.4750° N, 76.9715° E",28.475,76.9715
1378,house,independent,sector 17,0.29,3255.0,2,1,0,0.0,Old Property,891.0,0,0,0,0,0,0,0,"28.4791° N, 77.0608° E",28.4791,77.0608
1379,flat,emaar gurgaon greens,sector 102,1.3,7879.0,3,3,3,7.0,Moderately Old,1388.0,0,1,0,0,0,0,93,"28.4750° N, 76.9715° E",28.475,76.9715
1380,flat,ramprastha primera,sector 37d,1.08,6000.0,3,3,3,9.0,Moderately Old,1700.0,0,0,0,0,0,0,158,"28.4478° N, 76.9703° E",28.4478,76.9703
1381,flat,corona optus,sector 37c,1.44,7251.0,3,3,3+,8.0,New Property,2211.0,0,1,0,0,0,0,37,"28.4515° N, 76.9882° E",28.4515,76.9882
1382,flat,tulip lemon,sector 69,0.6,10000.0,2,1,1,12.0,Moderately Old,667.0,0,0,0,0,0,0,23,"28.3966° N, 77.0341° E",28.3966,77.0341
1383,flat,raheja vedaanta,sector 108,1.0,4854.0,2,2,2,0.0,Moderately Old,2060.0,0,0,0,0,0,0,0,"28.5134° N, 76.9830° E",28.5134,76.983
1384,flat,raheja navodaya,sector 92,0.85,4271.0,3,3,3,2.0,Moderately Old,1801.0,0,0,0,0,0,0,100,"28.4079° N, 76.9153° E",28.4079,76.9153
1385,flat,signature global synera,sector 81,0.48,8027.0,2,2,1,14.0,Moderately Old,547.0,0,0,0,0,0,1,14,"28.3867° N, 76.9485° E",28.3867,76.9485
1386,flat,sidhartha ncr greens,sector 95,0.56,5657.0,2,2,3,13.0,New Property,896.0,0,0,0,0,0,0,8,"28.4172° N, 76.9081° E",28.4172,76.9081
1387,flat,ambience creacions,sector 22,4.63,14984.0,3,5,3+,5.0,New Property,2796.0,0,1,0,0,1,0,120,"28.5072° N, 77.0640° E",28.5072,77.064
1388,flat,suncity vatsal valley,gwal pahari,1.38,12212.0,2,2,2,4.0,Under Construction,1130.0,0,0,0,0,0,0,133,"28.4484° N, 77.0210° E",28.4484,77.021
1389,flat,tulip violet,sector 69,1.75,8883.0,4,4,1,12.0,Moderately Old,1783.0,0,0,0,0,0,0,86,"28.3966° N, 77.0341° E",28.3966,77.0341
1390,flat,godrej oasis,sector 88a,1.0,6897.0,2,2,3,7.0,Moderately Old,1611.0,1,0,0,0,0,0,72,"28.4347° N, 76.9557° E",28.4347,76.9557
1391,house,ansal sushant lok plots,sector 43,3.3,26570.0,1,1,0,0.2,Under Construction,1242.0,0,0,0,0,0,0,0,"28.4629° N, 77.0772° E",28.4629,77.0772
1392,flat,dlf the ultima,sector 81,2.3,14603.0,3,4,3+,27.0,Moderately Old,1825.0,0,1,0,0,0,1,119,"28.3867° N, 76.9485° E",28.3867,76.9485
1393,flat,ss the leaf,sector 85,1.22,13319.0,2,2,3,16.0,Moderately Old,1300.0,0,0,1,0,0,0,81,"28.4042° N, 76.9513° E",28.4042,76.9513
1394,flat,godrej summit,sector 104,0.98,5950.0,3,3,3,12.0,Moderately Old,1490.0,0,0,0,0,1,0,79,"28.4788° N, 76.9960° E",28.4788,76.996
1395,flat,essel tower,sector 28,2.2,12500.0,3,4,3+,3.0,Old Property,1956.0,0,1,0,0,0,2,0,"28.4728° N, 77.0865° E",28.4728,77.0865
1396,flat,mittal surya vihar,sector 21,1.4,5833.0,5,4,2,2.0,Old Property,2172.0,0,0,0,0,0,0,0,"28.5134° N, 77.0723° E",28.5134,77.0723
1397,flat,godrej summit,sector 104,0.82,9856.0,2,2,3,12.0,Moderately Old,86.0,1,0,0,0,0,0,120,"28.4788° N, 76.9960° E",28.4788,76.996
1398,house,independent,sector 3,1.5,10288.0,3,3,0,0.2,Old Property,210.0,0,0,0,0,0,0,0,"28.4909° N, 77.0176° E",28.4909,77.0176
1399,house,independent,sector 6,1.25,11574.0,2,5,1,2.0,New Property,120.0,0,0,0,1,0,0,0,"28.4745° N, 77.0262° E",28.4745,77.0262
1400,flat,dlf regal gardens,sector 90,1.25,5930.0,3,3,3,18.0,Moderately Old,1557.0,0,0,0,0,1,0,72,"28.4085° N, 76.9369° E",28.4085,76.9369
1401,house,independent,sector 24,6.5,22855.0,4,4,2,2.0,Old Property,2844.0,0,0,0,1,0,0,35,"28.4939° N, 77.1038° E",28.4939,77.1038
1402,flat,suncity avenue,sector 102,0.48,9023.0,2,2,1,5.0,Moderately Old,582.0,0,0,1,0,0,0,159,"28.4750° N, 76.9715° E",28.475,76.9715
1403,flat,shapoorji pallonji joyville gurugram,sector 102,1.8,10638.0,3,3,3,5.0,Moderately Old,1531.0,0,0,0,0,0,0,49,"28.4750° N, 76.9715° E",28.475,76.9715
1404,house,sector 14 rwa,sector 14,6.5,20635.0,4,4,3+,2.0,Old Property,3150.0,0,0,0,0,0,0,0,"28.4711° N, 77.0454° E",28.4711,77.0454
1405,flat,supertech hues,sector 68,1.0,8475.0,2,2,3,23.0,New Property,1311.0,0,0,0,0,0,0,49,"28.3853° N, 77.0484° E",28.3853,77.0484
1406,house,ansals palam vihar,sector 2,9.0,19231.0,5,5,2,2.0,Old Property,4680.0,1,1,1,1,0,2,110,"28.5095° N, 77.0320° E",28.5095,77.032
1407,flat,pareena coban residences,sector 99a,1.38,7150.0,4,5,3+,1.0,Moderately Old,2150.0,0,1,0,0,1,0,49,"28.4561° N, 76.9542° E",28.4561,76.9542
1408,house,independent,sector 27,4.25,31481.0,5,5,3+,3.0,Moderately Old,161.0,0,1,0,1,0,1,49,"28.4658° N, 77.0917° E",28.4658,77.0917
1409,flat,pivotal devaan,sector 84,0.35,7277.0,2,2,1,10.0,Moderately Old,531.0,0,0,1,0,0,0,103,"28.3979° N, 76.9736° E",28.3979,76.9736
1410,flat,pivotal riddhi siddhi,sector 99,0.5,8518.0,2,1,2,7.0,New Property,652.0,0,0,0,0,0,0,24,"28.4640° N, 76.9614° E",28.464,76.9614
1411,flat,ireo skyon,sector 60,3.05,12788.0,3,3,3,9.0,Moderately Old,2300.0,0,1,0,0,0,1,165,"28.4003° N, 77.0975° E",28.4003,77.0975
1412,flat,smart world orchard,sector 61,1.6,13913.0,2,2,2,3.0,Moderately Old,1278.0,1,0,0,0,0,0,37,"28.4050° N, 77.0963° E",28.405,77.0963
1413,house,independent,sector 103,2.25,6367.0,3,5,3+,10.0,Moderately Old,3534.0,0,0,0,0,0,0,0,"28.4949° N, 76.9845° E",28.4949,76.9845
1414,house,independent,sector 12,1.2,14184.0,2,4,2,2.0,Moderately Old,846.0,0,0,0,1,0,1,7,"28.4723° N, 77.0320° E",28.4723,77.032
1415,flat,smart world gems,sector 89,1.2,8433.0,3,3,2,2.0,Moderately Old,1423.0,0,0,0,0,0,0,45,"28.4253° N, 76.9439° E",28.4253,76.9439
1416,flat,swarn jayanti cghs,sector 54,1.75,7609.0,4,3,3+,3.0,Old Property,1900.0,0,0,0,0,1,1,26,"28.4348° N, 77.1089° E",28.4348,77.1089
1417,house,dlf the grove,sector 54,5.7,23457.0,4,4,0,1.0,Old Property,270.0,0,0,0,0,0,0,46,"28.4348° N, 77.1089° E",28.4348,77.1089
1418,flat,unitech uniworld city,sector 30,3.55,14992.0,3,5,3+,16.0,Old Property,2367.0,0,1,0,0,0,1,141,"28.4604° N, 77.0579° E",28.4604,77.0579
1419,flat,smart world gems,sector 89,0.95,8597.0,2,2,2,4.0,New Property,1226.0,1,1,0,0,0,0,38,"28.4253° N, 76.9439° E",28.4253,76.9439
1420,flat,experion windchants,sector 112,6.5,10417.0,4,5,3,11.0,Moderately Old,4800.0,0,0,0,0,0,0,55,"28.5189° N, 77.0183° E",28.5189,77.0183
1421,flat,unitech the palms,sector 41,2.75,16768.0,3,3,2,14.0,Old Property,1484.0,0,0,0,0,0,2,79,"28.4557° N, 77.0632° E",28.4557,77.0632
1422,flat,vatika sovereign park,sector 99,2.45,8813.0,3,4,3,1.0,New Property,2516.0,0,1,0,0,0,1,165,"28.4640° N, 76.9614° E",28.464,76.9614
1423,flat,dlf regency park,sector 28,1.35,11739.0,2,2,2,14.0,Old Property,1120.0,0,0,1,0,0,0,66,"28.4728° N, 77.0865° E",28.4728,77.0865
1424,house,uppal southend,sector 49,4.4,15278.0,6,6,3,3.0,Old Property,2880.0,1,1,1,1,0,2,110,"28.4121° N, 77.0480° E",28.4121,77.048
1425,flat,shapoorji pallonji joyville gurugram,sector 102,1.99,20665.0,2,2,2,14.0,New Property,1145.0,0,0,0,0,0,0,152,"28.4750° N, 76.9715° E",28.475,76.9715
1426,house,unitech uniworld resorts,sector 33,11.5,24573.0,5,6,3+,4.0,Moderately Old,4680.0,0,1,0,0,0,0,84,"28.4420° N, 77.0207° E",28.442,77.0207
1427,flat,dlf the arbour,sector 63,7.52,18999.0,4,4,3,15.0,New Property,3956.0,0,0,0,0,0,0,61,"28.3971° N, 77.0867° E",28.3971,77.0867
1428,flat,paras dews,sector 106,0.92,6643.0,2,2,3+,2.0,Moderately Old,940.0,0,0,0,0,0,0,174,"28.5007° N, 77.0003° E",28.5007,77.0003
1429,house,independent,sector 7,2.43,14890.0,4,4,2,3.0,Old Property,345.0,1,0,1,1,0,0,38,"28.4644° N, 77.0143° E",28.4644,77.0143
1430,flat,orchid petals,sector 49,4.79,11629.0,5,5,3+,14.0,Moderately Old,3724.0,1,1,0,1,0,0,49,"28.4121° N, 77.0480° E",28.4121,77.048
1431,flat,bestech park view residency,sector 2,1.18,7540.0,2,2,3,5.0,Old Property,1416.0,1,0,0,0,0,0,76,"28.5095° N, 77.0320° E",28.5095,77.032
1432,flat,tata primanti,sector 72,5.0,11111.0,4,4,3+,2.0,Moderately Old,4500.0,1,1,0,1,1,1,174,"28.4225° N, 77.0211° E",28.4225,77.0211
1433,flat,parsvnath exotica,sector 53,6.44,19003.0,4,4,3,7.0,Moderately Old,3068.0,0,1,0,0,0,1,80,"28.4433° N, 77.0948° E",28.4433,77.0948
1434,flat,tarc maceo,sector 91,1.4,7407.0,3,3,3+,7.0,Moderately Old,1700.0,0,0,0,0,0,0,76,"28.4014° N, 76.9225° E",28.4014,76.9225
1435,flat,the close north,sector 50,2.35,11358.0,3,3,3,8.0,Moderately Old,1900.0,0,0,0,0,0,1,49,"28.4178° N, 77.0628° E",28.4178,77.0628
1436,flat,puri diplomatic greens,sector 111,2.65,11964.0,3,4,3+,19.0,Moderately Old,2005.0,1,1,1,1,0,0,65,"28.5238° N, 77.0320° E",28.5238,77.032
1437,flat,bestech park view residency,sector 2,0.56,8629.0,1,2,2,7.0,Moderately Old,723.0,0,0,0,0,0,0,92,"28.5095° N, 77.0320° E",28.5095,77.032
1438,house,surendra homes dayaindependentd colony,sector 6,0.75,15625.0,4,4,2,1.0,Old Property,480.0,0,0,0,0,0,0,0,"28.4745° N, 77.0262° E",28.4745,77.0262
1439,flat,gls avenue 51,sector 92,0.39,6075.0,3,3,3+,6.0,Moderately Old,713.0,0,0,0,0,0,0,104,"28.4079° N, 76.9153° E",28.4079,76.9153
1440,house,international city by sobha phase 2,sector 109,9.4,26111.0,5,6,3+,2.0,Moderately Old,3600.0,1,1,1,1,0,1,147,"28.5073° N, 77.0089° E",28.5073,77.0089
1441,house,independent,sector 2,5.6,17284.0,8,6,3+,0.2,Old Property,3240.0,1,1,1,1,0,0,0,"28.5095° N, 77.0320° E",28.5095,77.032
1442,flat,experion windchants,sector 112,2.8,11471.0,2,3,2,9.0,Moderately Old,1939.03,1,1,0,0,0,0,137,"28.5189° N, 77.0183° E",28.5189,77.0183
1443,flat,orris aster court,sector 85,0.69,5219.0,2,2,2,5.0,Moderately Old,1075.0,0,0,0,0,0,0,37,"28.4042° N, 76.9513° E",28.4042,76.9513
1444,flat,bsf chs,gwal pahari,0.95,5938.0,3,3,3,13.0,Old Property,1778.0,0,0,0,0,0,0,37,"28.4484° N, 77.0210° E",28.4484,77.021
1445,flat,signature global city 81,sector 81,0.82,8641.0,2,2,3,2.0,Moderately Old,955.0,0,0,0,0,0,0,53,"28.3867° N, 76.9485° E",28.3867,76.9485
1446,house,independent,sector 14,7.5,16600.0,3,3,2,1.0,Old Property,4518.0,1,1,0,1,0,1,27,"28.4711° N, 77.0454° E",28.4711,77.0454
1447,house,independent,sector 21,1.6,11852.0,5,5,2,3.0,Moderately Old,120.0,0,0,0,0,0,0,0,"28.5134° N, 77.0723° E",28.5134,77.0723
1448,flat,the close north,sector 50,2.65,10685.0,3,4,3+,6.0,Moderately Old,2470.0,0,1,0,0,0,1,174,"28.4178° N, 77.0628° E",28.4178,77.0628
1449,flat,umang monsoon breeze,sector 78,0.69,5391.0,2,2,2,11.0,Moderately Old,1422.0,0,0,0,0,0,0,60,"28.3733° N, 76.9729° E",28.3733,76.9729
1450,flat,professors enclave cghs,sector 56,1.54,8324.0,3,3,2,6.0,Old Property,1920.0,0,1,0,1,0,1,104,"28.4245° N, 77.0991° E",28.4245,77.0991
1451,house,vipul tatvam villa,sector 48,22.0,26667.0,5,6,3,3.0,Old Property,1000.0,0,1,0,0,0,0,54,"28.4177° N, 77.0359° E",28.4177,77.0359
1452,flat,bestech park view grand spa,sector 81,3.3,12222.0,4,5,3+,4.0,Moderately Old,3070.0,1,1,0,0,0,1,174,"28.3867° N, 76.9485° E",28.3867,76.9485
1453,flat,vatika emilia floors,sector 83,0.6,5714.0,2,2,2,1.0,Moderately Old,990.0,0,0,0,0,0,1,167,"28.3986° N, 76.9647° E",28.3986,76.9647
1454,flat,satya the hermitage,sector 103,0.89,6138.0,2,3,3,1.0,Moderately Old,1257.0,0,1,0,0,0,0,75,"28.4949° N, 76.9845° E",28.4949,76.9845
1455,flat,earth copia,sector 112,0.7,4673.0,2,2,2,4.0,Moderately Old,1498.0,0,0,0,0,0,0,65,"28.5189° N, 77.0183° E",28.5189,77.0183
1456,flat,ansal heights 86,sector 86,0.64,4706.0,2,2,1,3.0,New Property,1360.0,0,0,0,0,0,0,73,"28.3986° N, 76.9384° E",28.3986,76.9384
1457,flat,emaar mgf emerald floors premier,sector 65,2.3,13939.0,3,4,3,3.0,Moderately Old,1833.0,1,1,1,1,0,2,174,"28.4030° N, 77.0690° E",28.403,77.069
1458,flat,ats kocoon,sector 109,1.7,9742.0,3,3,3,22.0,Moderately Old,1550.0,0,0,0,0,0,0,74,"28.5073° N, 77.0089° E",28.5073,77.0089
1459,house,independent,sector 4,0.7,6648.0,3,3,0,1.0,Old Property,117.0,0,0,0,0,0,0,0,"28.4738° N, 77.0107° E",28.4738,77.0107
1460,house,independent,sector 2,0.7,7778.0,1,1,0,1.0,Old Property,900.0,0,0,0,0,0,0,0,"28.5095° N, 77.0320° E",28.5095,77.032
1461,house,independent,sector 105,1.2,10118.0,3,2,1,2.0,Old Property,1185.51,0,0,0,0,0,0,9,"28.4952° N, 77.0114° E",28.4952,77.0114
1462,flat,ss the leaf,sector 85,1.98,8257.0,3,4,3,12.0,Moderately Old,2399.0,0,0,1,0,0,0,174,"28.4042° N, 76.9513° E",28.4042,76.9513
1463,flat,eldeco accolade,sector 33,1.2,8043.0,2,2,2,0.0,New Property,1492.0,1,0,0,0,0,0,55,"28.4420° N, 77.0207° E",28.442,77.0207
1464,flat,puri emerald bay,sector 104,1.8,8824.0,2,3,3,23.0,New Property,1538.0,0,1,0,0,0,0,36,"28.4788° N, 76.9960° E",28.4788,76.996
1465,flat,maruti vihar,sector 28,1.0,9091.0,1,1,1,1.0,Old Property,995.0,1,0,0,1,0,1,80,"28.4728° N, 77.0865° E",28.4728,77.0865
1466,flat,"godrej 101, sector 79",sector 79,1.25,9038.0,2,2,3,1.0,Moderately Old,1383.0,0,0,0,0,0,0,0,"28.3624° N, 76.9787° E",28.3624,76.9787
1467,flat,central park flower valley aqua front towers,sector 33,2.0,11179.0,3,3,3+,8.0,New Property,1619.0,0,0,0,0,0,0,23,"28.4420° N, 77.0207° E",28.442,77.0207
1468,flat,sare crescent parc,sector 92,0.7,5556.0,3,3,2,14.0,Under Construction,140.0,0,0,0,0,0,0,38,"28.4079° N, 76.9153° E",28.4079,76.9153
1469,flat,ss the leaf,sector 85,1.07,6524.0,2,2,3,21.0,Moderately Old,1484.0,0,0,0,1,0,0,67,"28.4042° N, 76.9513° E",28.4042,76.9513
1470,flat,emaar gurgaon greens,sector 102,1.35,8182.0,3,3,3,9.0,Moderately Old,1315.0,0,1,0,0,0,0,100,"28.4750° N, 76.9715° E",28.475,76.9715
1471,flat,orchid petals,sector 49,2.09,11579.0,3,3,3,0.0,Moderately Old,1633.0,0,0,0,0,0,0,49,"28.4121° N, 77.0480° E",28.4121,77.048
1472,flat,ireo skyon,sector 60,3.0,12484.0,3,3,3,5.0,Moderately Old,2400.0,0,1,0,0,0,1,174,"28.4003° N, 77.0975° E",28.4003,77.0975
1473,flat,central park flower valley aqua front towers,sector 33,1.7,9503.0,3,3,3,12.0,Under Construction,1619.0,0,0,0,0,0,0,24,"28.4420° N, 77.0207° E",28.442,77.0207
1474,flat,prime habitat,sector 99a,0.32,4658.0,2,2,1,7.0,Moderately Old,601.0,0,0,0,0,0,0,44,"28.4561° N, 76.9542° E",28.4561,76.9542
1475,flat,pyramid elite,sector 86,0.45,7840.0,2,2,1,12.0,Under Construction,637.0,0,0,0,0,0,0,30,"28.3986° N, 76.9384° E",28.3986,76.9384
1476,house,international city by sobha phase 1,sector 109,6.0,9634.0,4,5,3,2.0,Moderately Old,6228.0,0,0,0,0,0,0,76,"28.5073° N, 77.0089° E",28.5073,77.0089
1477,house,unitech deerwood chase,sector 50,15.0,33333.0,4,4,2,2.0,Old Property,4500.0,0,1,0,0,0,0,160,"28.4178° N, 77.0628° E",28.4178,77.0628
1478,flat,malibu towne,sector 47,2.4,10000.0,3,3,0,0.0,Moderately Old,2667.0,0,0,0,0,0,1,22,"28.4276° N, 77.0492° E",28.4276,77.0492
1479,house,independent,sector 41,4.25,26235.0,2,9,3+,4.0,Old Property,1620.0,1,1,0,0,0,1,36,"28.4557° N, 77.0632° E",28.4557,77.0632
1480,house,independent,sector 53,4.65,17574.0,5,5,3+,1.0,Moderately Old,2646.0,0,0,0,0,0,1,0,"28.4433° N, 77.0948° E",28.4433,77.0948
1481,flat,paras dews,sector 106,1.34,9551.0,4,5,3+,7.0,Moderately Old,1535.0,0,1,0,0,0,0,49,"28.5007° N, 77.0003° E",28.5007,77.0003
1482,flat,imperia the esfera,sector 37c,0.86,4886.0,3,3,2,0.0,New Property,1593.0,0,0,0,0,1,0,35,"28.4515° N, 76.9882° E",28.4515,76.9882
1483,flat,godrej,sector 79,1.34,8524.0,2,2,3,2.0,Moderately Old,1423.0,1,0,0,0,0,0,158,"28.3624° N, 76.9787° E",28.3624,76.9787
1484,flat,ss residency,sector 6,0.48,5333.0,3,2,2,2.0,Moderately Old,111.0,0,0,0,0,0,0,54,"28.4745° N, 77.0262° E",28.4745,77.0262
1485,flat,chd avenue,sector 71,1.4,7946.0,3,3,2,1.0,Moderately Old,1958.0,0,0,0,1,0,1,125,"28.4104° N, 77.0281° E",28.4104,77.0281
1486,flat,ats tourmaline,sector 109,1.4,8000.0,3,3,3+,8.0,Moderately Old,1466.0,0,0,1,0,0,0,119,"28.5073° N, 77.0089° E",28.5073,77.0089
1487,flat,bestech altura,sector 79,2.69,12500.0,3,4,3+,3.0,New Property,1946.0,0,1,0,0,0,0,49,"28.3624° N, 76.9787° E",28.3624,76.9787
1488,house,independent,sector 45,4.49,24455.0,3,9,3+,3.0,Old Property,1836.0,0,0,0,0,1,1,90,"28.4466° N, 77.0660° E",28.4466,77.066
1489,house,vipul tatvam villa,sector 48,18.5,26429.0,4,4,1,1.0,Old Property,7000.0,0,0,0,0,0,0,30,"28.4177° N, 77.0359° E",28.4177,77.0359
1490,flat,ss the leaf,sector 85,1.1,9565.0,2,2,3,10.0,Moderately Old,1600.0,0,0,0,1,0,0,150,"28.4042° N, 76.9513° E",28.4042,76.9513
1491,house,eros rosewood villas,sector 49,2.5,13514.0,3,3,2,2.0,Old Property,1900.0,0,0,1,1,0,0,59,"28.4121° N, 77.0480° E",28.4121,77.048
1492,house,independent,sector 11,0.95,7308.0,5,3,0,1.0,Old Property,1300.0,0,0,0,0,0,0,0,"28.4531° N, 77.0202° E",28.4531,77.0202
1493,house,vipul tatvam villa,sector 48,5.75,22184.0,4,4,2,2.0,Old Property,280.0,0,1,0,0,0,0,30,"28.4177° N, 77.0359° E",28.4177,77.0359
1494,flat,rof ananda,sector 95,0.2,5602.0,1,1,1,2.0,Moderately Old,407.0,0,0,0,1,0,0,53,"28.4172° N, 76.9081° E",28.4172,76.9081
1495,flat,m3m woodshire,sector 107,1.01,7394.0,2,2,3+,11.0,New Property,1200.0,0,0,0,0,1,0,74,"28.5052° N, 76.9729° E",28.5052,76.9729
1496,flat,rof ananda,sector 95,0.38,5901.0,3,2,1,2.0,Moderately Old,716.0,0,0,0,1,0,1,66,"28.4172° N, 76.9081° E",28.4172,76.9081
1497,house,independent,sector 4,0.58,9619.0,2,2,1,2.0,Old Property,67.0,0,0,0,1,1,0,7,"28.4738° N, 77.0107° E",28.4738,77.0107
1498,house,independent,sector 2,19.5,27083.0,8,9,3+,2.0,New Property,7200.0,1,1,0,1,0,0,122,"28.5095° N, 77.0320° E",28.5095,77.032
1499,flat,piedmont taksila heights,sector 37c,1.05,4792.0,3,3,3,7.0,Moderately Old,1738.0,0,0,0,0,0,1,81,"28.4515° N, 76.9882° E",28.4515,76.9882
1500,flat,ireo the grand arch,sector 58,2.2,16000.0,2,2,1,5.0,Moderately Old,1528.0,0,0,0,1,0,1,49,"28.4200° N, 77.1105° E",28.42,77.1105
1501,house,unitech uniworld resorts,sector 33,11.75,23240.0,5,7,3+,3.0,Moderately Old,502.0,0,1,0,0,0,0,80,"28.4420° N, 77.0207° E",28.442,77.0207
1502,flat,indiabulls centrum park,sector 103,2.2,7652.0,4,6,3+,4.0,Moderately Old,2602.0,0,1,0,0,0,1,108,"28.4949° N, 76.9845° E",28.4949,76.9845
1503,flat,rof ananda,sector 95,0.38,6922.0,2,2,1,4.0,New Property,610.0,0,0,0,0,0,0,0,"28.4172° N, 76.9081° E",28.4172,76.9081
1504,flat,sare crescent parc,sector 92,0.49,4910.0,2,2,2,2.0,Moderately Old,1109.0,0,0,0,0,0,0,96,"28.4079° N, 76.9153° E",28.4079,76.9153
1505,house,dlf new town heights,sector 86,2.47,7719.0,4,4,3+,0.2,Moderately Old,2800.0,0,1,0,1,0,1,130,"28.3986° N, 76.9384° E",28.3986,76.9384
1506,flat,maxworth city residences,sector 10a,0.9,7081.0,2,2,3,9.0,New Property,1086.0,0,0,0,0,1,0,52,"28.4469° N, 77.0106° E",28.4469,77.0106
1507,flat,bestech park view grand spa,sector 81,2.4,9023.0,3,4,3+,8.0,New Property,2407.0,1,1,0,0,0,1,167,"28.3867° N, 76.9485° E",28.3867,76.9485
1508,flat,chintamani,sector 103,1.57,8509.0,3,3,3,1.0,Moderately Old,1845.0,0,0,0,0,0,0,0,"28.4949° N, 76.9845° E",28.4949,76.9845
1509,flat,friends apartment,sector 52,2.0,8511.0,4,3,3,5.0,Moderately Old,2091.0,0,1,0,0,0,2,111,"28.4379° N, 77.0785° E",28.4379,77.0785
1510,flat,dlf the ultima,sector 81,2.29,10926.0,3,4,3+,15.0,Moderately Old,1900.0,0,1,0,0,0,2,103,"28.3867° N, 76.9485° E",28.3867,76.9485
1511,flat,ansal heights 86,sector 86,0.74,5441.0,2,2,1,11.0,Under Construction,1231.0,0,0,0,0,1,0,45,"28.3986° N, 76.9384° E",28.3986,76.9384
1512,flat,indiabulls centrum park,sector 103,2.45,8522.0,4,4,3,11.0,Moderately Old,2602.0,1,1,1,1,0,0,38,"28.4949° N, 76.9845° E",28.4949,76.9845
1513,flat,emaar mgf palm hills,sector 77,1.25,8621.0,3,4,3,1.0,Moderately Old,1611.0,0,1,0,0,0,1,104,"28.3801° N, 76.9845° E",28.3801,76.9845
1514,flat,pivotal devaan,sector 84,0.34,5832.0,2,2,1,3.0,Moderately Old,533.0,0,0,1,0,0,0,75,"28.3979° N, 76.9736° E",28.3979,76.9736
1515,flat,tulip violet,sector 69,1.42,8999.0,3,3,2,8.0,Moderately Old,1428.0,0,0,0,1,0,1,94,"28.3966° N, 77.0341° E",28.3966,77.0341
1516,flat,tulip ivory,sector 70,2.35,9792.0,4,4,3+,8.0,Moderately Old,2667.0,0,1,0,0,0,0,108,"28.3968° N, 77.0233° E",28.3968,77.0233
1517,flat,supertech hues,sector 68,0.8,6780.0,2,2,3+,14.0,New Property,1180.0,0,0,0,0,0,1,26,"28.3853° N, 77.0484° E",28.3853,77.0484
1518,flat,m3m woodshire,sector 107,0.9,6589.0,2,2,3+,10.0,Moderately Old,1236.0,0,0,0,0,1,1,49,"28.5052° N, 76.9729° E",28.5052,76.9729
1519,flat,dlf regal gardens,sector 90,1.17,6709.0,3,3,3,15.0,Moderately Old,1630.0,0,0,0,0,0,1,136,"28.4085° N, 76.9369° E",28.4085,76.9369
1520,flat,maruti vihar colony,sector 28,0.95,8887.0,2,1,1,1.0,Old Property,1188.0,0,0,0,0,0,0,59,"28.4728° N, 77.0865° E",28.4728,77.0865
1521,flat,sobha city,sector 108,2.33,14463.0,3,3,3,17.0,Moderately Old,1711.0,0,0,1,0,0,1,159,"28.5134° N, 76.9830° E",28.5134,76.983
1522,flat,la vida by tata housing,sector 113,1.75,10492.0,2,2,3,10.0,Moderately Old,1424.0,1,0,0,0,0,0,93,"28.5287° N, 77.0233° E",28.5287,77.0233
1523,flat,sare crescent parc royal greens phase 1,sector 92,0.95,5008.0,4,5,3+,4.0,Moderately Old,1717.0,0,1,0,0,0,0,37,"28.4079° N, 76.9153° E",28.4079,76.9153
1524,flat,czar mahira homes 63a,sector 63a,0.42,7407.0,3,2,2,1.0,Moderately Old,630.0,0,0,0,0,0,0,0,"28.3923° N, 77.0888° E",28.3923,77.0888
1525,flat,adani m2k oyster grande,sector 102,1.9,9104.0,3,4,3,8.0,Moderately Old,1710.0,0,1,0,0,0,0,165,"28.4750° N, 76.9715° E",28.475,76.9715
1526,flat,bestech park view sanskruti,sector 92,1.42,7760.0,3,3,2,10.0,Moderately Old,1738.0,0,0,0,0,0,0,117,"28.4079° N, 76.9153° E",28.4079,76.9153
1527,flat,central park resorts,sector 48,11.25,28266.0,4,5,3+,2.0,Moderately Old,4422.0,0,1,0,1,0,0,45,"28.4177° N, 77.0359° E",28.4177,77.0359
1528,flat,ambience creacions,sector 22,6.16,20533.0,4,5,3+,10.0,New Property,3333.0,0,1,0,1,0,1,49,"28.5072° N, 77.0640° E",28.5072,77.064
1529,flat,tulip ivory,sector 70,2.0,8333.0,4,5,3+,6.0,Moderately Old,2114.0,0,1,0,0,0,1,95,"28.3968° N, 77.0233° E",28.3968,77.0233
1530,flat,smart world gems,sector 89,1.2,8433.0,3,3,2,2.0,Moderately Old,1423.0,0,0,0,0,0,0,45,"28.4253° N, 76.9439° E",28.4253,76.9439
1531,flat,bestech altura,sector 79,1.85,8605.0,3,4,3+,11.0,New Property,1946.0,0,1,0,0,0,0,49,"28.3624° N, 76.9787° E",28.3624,76.9787
1532,flat,ireo the corridors,sector 67a,1.5,11111.0,2,2,2,10.0,Moderately Old,1500.0,0,0,1,0,0,1,38,"28.3960° N, 77.0372° E",28.396,77.0372
1533,flat,huda housing board society,sector 52,0.45,9740.0,1,1,0,0.0,Moderately Old,513.0,0,0,0,1,0,1,43,"28.4379° N, 77.0785° E",28.4379,77.0785
1534,house,independent,sector 12,1.7,8000.0,5,5,3,3.0,Old Property,2000.0,0,0,0,1,1,0,9,"28.4723° N, 77.0320° E",28.4723,77.032
1535,flat,signature global the millennia,sector 37d,0.6,9231.0,2,2,3,7.0,New Property,625.0,0,0,0,0,0,0,35,"28.4478° N, 76.9703° E",28.4478,76.9703
1536,flat,essel towers,sector 14,2.2,12500.0,3,4,3+,3.0,Old Property,1956.0,0,0,0,0,0,0,0,"28.4711° N, 77.0454° E",28.4711,77.0454
1537,flat,511 sarahah tower,sector 12,0.6,8333.0,2,2,1,0.0,New Property,800.0,0,0,0,1,0,2,0,"28.4723° N, 77.0320° E",28.4723,77.032
1538,flat,mapsko mount ville,sector 79,1.2,13841.0,3,3,3,18.0,Moderately Old,1165.0,1,0,0,1,0,1,160,"28.3624° N, 76.9787° E",28.3624,76.9787
1539,flat,signature global city,sector 37d,1.25,6083.0,3,3,3,4.0,Moderately Old,2283.0,0,0,0,0,0,0,16,"28.4478° N, 76.9703° E",28.4478,76.9703
1540,flat,ats tourmaline,sector 109,2.3,8897.0,3,4,3+,10.0,New Property,2339.0,0,1,0,0,1,0,74,"28.5073° N, 77.0089° E",28.5073,77.0089
1541,flat,conscient elevate,sector 59,4.02,17501.0,3,3,1,3.0,Under Construction,2550.0,0,0,0,0,0,0,31,"28.4051° N, 77.1097° E",28.4051,77.1097
1542,house,emaar mgf marbella,sector 66,12.0,37037.0,4,4,3+,3.0,Moderately Old,3240.0,1,1,1,1,0,1,160,"28.3925° N, 77.0541° E",28.3925,77.0541
1543,flat,dlf the grove,sector 54,5.7,41245.0,3,3,3,1.0,Moderately Old,1382.0,0,0,0,0,0,0,46,"28.4348° N, 77.1089° E",28.4348,77.1089
1544,house,independent,sector 48,5.5,23504.0,4,4,2,2.0,Moderately Old,2340.0,0,1,0,0,0,1,22,"28.4177° N, 77.0359° E",28.4177,77.0359
1545,house,independent,sector 39,7.0,10000.0,10,11,3+,4.0,Moderately Old,7000.0,0,0,0,1,0,1,38,"28.4434° N, 77.0515° E",28.4434,77.0515
1546,house,ireo victory valley,sector 67,8.0,22222.0,6,7,3+,51.0,Moderately Old,3600.0,1,1,0,1,0,1,49,"28.3859° N, 77.0608° E",28.3859,77.0608
1547,flat,tulip violet,sector 69,1.9,9453.0,4,4,2,6.0,Moderately Old,1743.0,0,0,1,0,0,0,174,"28.3966° N, 77.0341° E",28.3966,77.0341
1548,flat,vatika the seven lamps,sector 82,0.85,5977.0,2,2,2,9.0,Moderately Old,1294.0,1,0,0,0,0,0,117,"28.3935° N, 76.9600° E",28.3935,76.96
1549,house,sushant lok 1 builder floors,sector 43,1.95,10078.0,3,4,3+,4.0,New Property,1935.0,0,1,0,0,0,1,78,"28.4629° N, 77.0772° E",28.4629,77.0772
1550,flat,kendriya vihar,sector 56,0.65,8609.0,1,1,1,0.0,Old Property,839.0,0,0,0,0,0,0,143,"28.4245° N, 77.0991° E",28.4245,77.0991
1551,flat,tarc maceo,sector 91,1.9,6975.0,4,4,3,9.0,Moderately Old,2465.0,0,1,0,0,0,0,120,"28.4014° N, 76.9225° E",28.4014,76.9225
1552,flat,sare petioles,sector 92,1.3,6373.0,4,4,0,7.0,Moderately Old,2040.0,0,0,0,0,0,0,0,"28.4079° N, 76.9153° E",28.4079,76.9153
1553,house,independent,sector 26,18.25,18250.0,7,9,3+,4.0,Moderately Old,11111.0,1,1,1,1,0,1,77,"28.4757° N, 77.1032° E",28.4757,77.1032
1554,flat,ramprastha primera,sector 37d,1.2,13333.0,3,3,3,5.0,Moderately Old,1000.0,0,0,1,0,0,0,50,"28.4478° N, 76.9703° E",28.4478,76.9703
1555,flat,m3m sierra 68,sector 68,1.25,10246.0,2,2,3,4.0,New Property,938.0,0,0,0,0,0,0,44,"28.3853° N, 77.0484° E",28.3853,77.0484
1556,flat,ss the leaf,sector 85,1.05,6162.0,2,2,3+,7.0,Moderately Old,1512.0,0,0,1,0,0,0,144,"28.4042° N, 76.9513° E",28.4042,76.9513
1557,flat,adani brahma samsara vilasa,sector 63,3.35,16470.0,3,3,3+,3.0,New Property,1841.0,0,0,0,0,0,1,16,"28.3971° N, 77.0867° E",28.3971,77.0867
1558,flat,uphaar residency 2,sector 105,0.42,5600.0,3,2,1,0.0,Moderately Old,833.0,0,0,0,0,1,0,7,"28.4952° N, 77.0114° E",28.4952,77.0114
1559,flat,antriksh heights,sector 84,0.9,4444.0,3,3,3,18.0,Moderately Old,1833.0,0,1,0,1,0,0,59,"28.3979° N, 76.9736° E",28.3979,76.9736
1560,house,independent,sector 38,8.0,25616.0,10,10,3+,1.0,Moderately Old,347.0,0,0,0,0,0,0,0,"28.4347° N, 77.0430° E",28.4347,77.043
1561,flat,unitech south park,sector 70,1.13,7001.0,3,3,2,1.0,Moderately Old,1457.0,0,0,0,0,0,0,46,"28.3968° N, 77.0233° E",28.3968,77.0233
1562,house,signature global city,sector 37d,1.27,8089.0,3,3,3,4.0,Under Construction,1570.0,0,0,0,1,0,0,89,"28.4478° N, 76.9703° E",28.4478,76.9703
1563,flat,emaar palm gardens,sector 83,1.76,9263.0,3,3,3,6.0,Moderately Old,1500.0,0,1,0,0,0,1,165,"28.3986° N, 76.9647° E",28.3986,76.9647
1564,flat,signature global solera,sector 107,0.36,6581.0,2,2,2,8.0,Moderately Old,608.0,0,0,0,0,0,0,45,"28.5052° N, 76.9729° E",28.5052,76.9729
1565,flat,dlf regal gardens,sector 90,1.25,7167.0,3,3,2,11.0,Moderately Old,1578.0,0,0,0,0,1,0,14,"28.4085° N, 76.9369° E",28.4085,76.9369
1566,flat,parsvnath exotica,sector 53,4.8,14679.0,3,4,3+,12.0,New Property,2895.0,0,0,0,0,0,0,69,"28.4433° N, 77.0948° E",28.4433,77.0948
1567,flat,m3m woodshire,sector 107,0.8,5857.0,2,2,3+,14.0,New Property,1236.0,0,0,0,0,0,0,67,"28.5052° N, 76.9729° E",28.5052,76.9729
1568,flat,signature global rosellia,sector 95,0.45,8755.0,2,2,2,14.0,New Property,571.0,0,0,0,0,0,0,24,"28.4172° N, 76.9081° E",28.4172,76.9081
1569,flat,ambience creacions,sector 22,2.55,13710.0,3,3,3,8.0,Moderately Old,1600.0,0,0,0,0,1,1,125,"28.5072° N, 77.0640° E",28.5072,77.064
1570,flat,emaar mgf emerald floors premier,sector 65,2.35,14242.0,3,3,3,2.0,Moderately Old,1493.0,1,1,0,0,0,1,168,"28.4030° N, 77.0690° E",28.403,77.069
1571,flat,tulip orange,sector 70,1.1,8148.0,3,2,2,5.0,Moderately Old,1350.0,0,0,0,0,0,0,0,"28.3968° N, 77.0233° E",28.3968,77.0233
1572,flat,bestech altura,sector 79,1.9,9000.0,3,4,2,11.0,New Property,2389.0,0,1,0,0,0,0,49,"28.3624° N, 76.9787° E",28.3624,76.9787
1573,house,uppal southend,sector 49,6.75,32328.0,4,4,3,3.0,Moderately Old,232.0,0,1,0,0,0,1,26,"28.4121° N, 77.0480° E",28.4121,77.048
1574,house,rwa sector 46,sector 46,3.5,21605.0,4,4,2,2.0,Moderately Old,1620.0,0,0,0,1,0,1,30,"28.4374° N, 77.0586° E",28.4374,77.0586
1575,flat,ansal heights 86,sector 86,0.9,5325.0,3,3,2,10.0,New Property,1690.0,0,0,0,0,0,0,29,"28.3986° N, 76.9384° E",28.3986,76.9384
1576,flat,orchid petals,sector 49,2.45,11887.0,3,3,3,0.0,Moderately Old,1865.0,1,0,0,0,0,0,49,"28.4121° N, 77.0480° E",28.4121,77.048
1577,flat,essel tower,sector 28,2.2,12500.0,3,4,3+,3.0,Old Property,1956.0,0,1,0,0,0,2,0,"28.4728° N, 77.0865° E",28.4728,77.0865
1578,flat,ambience lagoon,sector 24,4.25,13281.0,3,4,3+,3.0,Old Property,3201.0,0,1,0,1,0,1,143,"28.4939° N, 77.1038° E",28.4939,77.1038
1579,flat,dlf the primus,sector 82a,2.7,10481.0,4,4,3+,18.0,Moderately Old,1891.0,0,1,0,0,0,0,38,"28.3858° N, 76.9686° E",28.3858,76.9686
1580,house,independent,sector 105,1.3,11556.0,3,3,1,1.0,Old Property,1125.0,0,0,0,0,0,0,0,"28.4952° N, 77.0114° E",28.4952,77.0114
1581,flat,central park 2 bellevue,sector 48,2.75,10755.0,3,4,3+,3.0,Moderately Old,2574.0,0,0,0,0,0,0,32,"28.4177° N, 77.0359° E",28.4177,77.0359
1582,flat,south city 1 floors,sector 41,3.4,11724.0,4,4,3,0.0,Old Property,2900.0,0,0,0,0,0,0,0,"28.4557° N, 77.0632° E",28.4557,77.0632
1583,flat,bestech park view grand spa,sector 81,2.25,8459.0,3,4,3+,8.0,Moderately Old,2300.0,1,1,1,0,0,1,122,"28.3867° N, 76.9485° E",28.3867,76.9485
1584,flat,kiran residency,sector 56,1.55,7750.0,3,3,3,5.0,Old Property,1810.0,0,1,0,0,0,1,52,"28.4245° N, 77.0991° E",28.4245,77.0991
1585,flat,emaar digihomes,sector 62,4.0,14870.0,3,3,3,18.0,New Property,2343.0,0,1,0,0,0,1,38,"28.4139° N, 77.0886° E",28.4139,77.0886
1586,flat,apna enclave,sector 3,0.8,6154.0,3,3,1,0.0,Old Property,1000.0,0,0,0,0,0,0,0,"28.4909° N, 77.0176° E",28.4909,77.0176
1587,house,unitech palms south city 1,sector 41,9.35,28858.0,10,10,3+,4.0,Old Property,7500.0,1,1,0,0,0,1,70,"28.4557° N, 77.0632° E",28.4557,77.0632
1588,flat,lavanya apartments,sector 81,0.9,5056.0,3,3,0,7.0,Moderately Old,1780.0,0,0,0,0,0,0,0,"28.3867° N, 76.9485° E",28.3867,76.9485
1589,house,independent,sector 46,2.4,2963.0,4,4,3,3.0,Old Property,900.0,0,0,1,0,0,1,44,"28.4374° N, 77.0586° E",28.4374,77.0586
1590,flat,pioneer park,sector 61,2.1,11667.0,3,3,3,15.0,Moderately Old,1592.0,0,0,0,0,0,1,49,"28.4050° N, 77.0963° E",28.405,77.0963
1591,flat,central park flower valley,sector 33,2.15,13522.0,3,3,3+,1.0,New Property,1439.0,0,0,0,0,0,0,31,"28.4420° N, 77.0207° E",28.442,77.0207
1592,flat,raheja teachers apartments,sector 31,1.2,7273.0,3,2,2,1.0,Moderately Old,1450.0,0,0,0,0,1,2,105,"28.4528° N, 77.0498° E",28.4528,77.0498
1593,flat,emaar palm gardens,sector 83,1.4,8140.0,3,3,3,2.0,Moderately Old,1387.0,1,1,1,1,0,1,174,"28.3986° N, 76.9647° E",28.3986,76.9647
1594,flat,sunischit apartments,sector 54,1.69,7953.0,3,3,3+,5.0,Old Property,1991.0,0,1,0,0,0,1,65,"28.4348° N, 77.1089° E",28.4348,77.1089
1595,flat,sare crescent parc,sector 92,0.82,5384.0,3,3,3+,12.0,Moderately Old,1523.0,0,0,0,0,0,0,0,"28.4079° N, 76.9153° E",28.4079,76.9153
1596,flat,ansal api sushant estate,sector 52,0.29,11600.0,1,1,0,0.0,Moderately Old,278.0,0,0,0,0,0,1,49,"28.4379° N, 77.0785° E",28.4379,77.0785
1597,flat,bptp terra,sector 37d,1.55,7074.0,4,3,3+,19.0,Moderately Old,2100.0,0,0,0,0,1,1,131,"28.4478° N, 76.9703° E",28.4478,76.9703
1598,flat,vatika city,sector 49,1.98,9074.0,3,4,3,9.0,Moderately Old,1750.75,0,1,0,0,0,1,101,"28.4121° N, 77.0480° E",28.4121,77.048
1599,flat,piedmont taksila heights,sector 37c,1.0,6506.0,3,3,3+,8.0,Moderately Old,1708.0,0,0,0,0,0,1,49,"28.4515° N, 76.9882° E",28.4515,76.9882
1600,house,independent,sector 47,4.6,26620.0,2,6,3+,4.0,Moderately Old,1728.0,0,0,0,0,0,2,51,"28.4276° N, 77.0492° E",28.4276,77.0492
1601,house,independent,sector 14,6.4,20317.0,6,6,3+,3.0,Old Property,349.0,0,0,0,0,1,0,35,"28.4711° N, 77.0454° E",28.4711,77.0454
1602,flat,ss the leaf,sector 85,1.78,7392.0,3,4,3+,6.0,New Property,2179.0,0,0,1,0,0,0,113,"28.4042° N, 76.9513° E",28.4042,76.9513
1603,flat,ireo victory valley,sector 67,3.49,12998.0,3,3,3,19.0,Moderately Old,2724.0,0,1,0,0,0,0,103,"28.3859° N, 77.0608° E",28.3859,77.0608
1604,flat,bestech park view residency,sector 2,0.55,8462.0,1,1,2,7.0,Moderately Old,588.0,0,0,0,0,0,0,31,"28.5095° N, 77.0320° E",28.5095,77.032
1605,flat,antriksh heights,sector 84,0.84,4870.0,3,3,3+,8.0,New Property,1561.0,0,0,0,1,0,0,60,"28.3979° N, 76.9736° E",28.3979,76.9736
1606,flat,ramprastha skyz,sector 37d,1.25,7251.0,3,3,3+,2.0,Moderately Old,1725.0,0,0,0,0,0,0,8,"28.4478° N, 76.9703° E",28.4478,76.9703
1607,flat,ireo skyon,sector 60,3.8,13571.0,4,5,3,15.0,Moderately Old,2791.0,0,1,0,0,0,1,145,"28.4003° N, 77.0975° E",28.4003,77.0975
1608,flat,umang monsoon breeze,sector 78,0.75,6053.0,2,2,1,5.0,Moderately Old,1239.0,0,0,0,0,0,0,0,"28.3733° N, 76.9729° E",28.3733,76.9729
1609,flat,m3m merlin,sector 67,3.39,14377.0,3,4,3,14.0,Moderately Old,2100.0,0,1,0,0,0,1,26,"28.3859° N, 77.0608° E",28.3859,77.0608
1610,flat,conscient heritage max,sector 102,1.82,9010.0,3,4,3+,12.0,Moderately Old,1757.0,0,1,0,0,0,0,101,"28.4750° N, 76.9715° E",28.475,76.9715
1611,flat,supertech araville,sector 79,0.71,5521.0,2,2,0,9.0,Under Construction,1295.0,0,0,0,0,0,0,0,"28.3624° N, 76.9787° E",28.3624,76.9787
1612,flat,dlf new town heights,sector 90,1.55,6557.0,4,4,3+,1.0,Moderately Old,2139.0,0,1,0,1,0,0,81,"28.4085° N, 76.9369° E",28.4085,76.9369
1613,flat,dlf regal gardens,sector 90,1.2,6838.0,3,3,3+,15.0,Moderately Old,1572.0,0,0,0,0,0,0,118,"28.4085° N, 76.9369° E",28.4085,76.9369
1614,flat,nul,gwal pahari,0.56,6054.0,2,2,1,11.0,Old Property,1028.0,0,0,0,0,0,1,0,"28.4484° N, 77.0210° E",28.4484,77.021
1615,flat,tulip violet,sector 69,1.6,10139.0,3,3,2,0.0,Moderately Old,1428.0,0,0,0,1,0,0,49,"28.3966° N, 77.0341° E",28.3966,77.0341
1616,flat,tulip violet,sector 69,1.32,8413.0,3,3,1,12.0,Moderately Old,1419.0,0,0,0,1,0,0,86,"28.3966° N, 77.0341° E",28.3966,77.0341
1617,flat,prime habitat,sector 99a,0.27,6054.0,2,2,1,10.0,Moderately Old,498.0,0,0,0,0,0,0,67,"28.4561° N, 76.9542° E",28.4561,76.9542
1618,flat,shri banke bihari society,sector 56,1.37,9133.0,3,3,3+,2.0,Old Property,1450.0,0,0,0,0,1,0,174,"28.4245° N, 77.0991° E",28.4245,77.0991
1619,flat,tata gurgaon gateway,sector 113,6.0,9139.0,5,6,3+,24.0,Moderately Old,7294.0,0,0,0,0,0,0,117,"28.5287° N, 77.0233° E",28.5287,77.0233
1620,flat,emaar gurgaon greens,sector 102,1.54,9333.0,3,3,3,12.0,Moderately Old,1315.0,0,1,0,0,0,0,61,"28.4750° N, 76.9715° E",28.475,76.9715
1621,flat,m3m woodshire,sector 107,1.8,7624.0,3,4,3+,2.0,Moderately Old,1837.0,0,1,0,0,0,0,129,"28.5052° N, 76.9729° E",28.5052,76.9729
1622,flat,sare green parc phase 3,sector 92,0.7,5279.0,3,2,2,4.0,Moderately Old,1325.0,0,0,0,0,0,0,56,"28.4079° N, 76.9153° E",28.4079,76.9153
1623,flat,experion windchants,sector 112,5.2,10726.0,4,6,3+,15.0,Moderately Old,3655.35,0,1,0,1,0,1,174,"28.5189° N, 77.0183° E",28.5189,77.0183
1624,flat,m3m merlin,sector 67,2.8,13679.0,3,3,3,5.0,Moderately Old,1971.0,0,1,0,0,0,2,26,"28.3859° N, 77.0608° E",28.3859,77.0608
1625,flat,dnha cghs,sector 1,0.85,3864.0,3,3,0,5.0,Moderately Old,2200.0,0,0,0,0,0,0,0,"28.3663° N, 76.9456° E",28.3663,76.9456
1626,flat,shapoorji pallonji joyville gurugram,sector 102,1.26,10040.0,2,2,2,10.0,Moderately Old,1100.0,0,0,0,0,0,0,108,"28.4750° N, 76.9715° E",28.475,76.9715
1627,flat,paras dews,sector 106,1.15,6534.0,3,4,3+,12.0,Moderately Old,1186.0,1,1,0,0,0,1,174,"28.5007° N, 77.0003° E",28.5007,77.0003
1628,house,independent,sector 31,4.6,32258.0,2,2,2,2.0,Old Property,1426.0,0,0,0,0,0,0,0,"28.4528° N, 77.0498° E",28.4528,77.0498
1629,house,independent,sector 2,1.15,19360.0,3,3,2,2.0,Old Property,594.0,0,0,0,0,0,1,32,"28.5095° N, 77.0320° E",28.5095,77.032
1630,flat,vatika gurgaon,sector 83,0.98,8167.0,2,2,3,5.0,Moderately Old,1300.0,0,0,0,0,0,1,96,"28.3986° N, 76.9647° E",28.3986,76.9647
1631,flat,cghs hewo apartments,sector 31,1.25,11574.0,2,2,2,2.0,Old Property,1200.0,0,0,0,0,0,0,28,"28.4528° N, 77.0498° E",28.4528,77.0498
1632,flat,ss the leaf,sector 85,2.05,7290.0,4,4,3+,4.0,Moderately Old,2500.0,0,1,0,0,0,1,49,"28.4042° N, 76.9513° E",28.4042,76.9513
1633,flat,ss the leaf,sector 85,1.3,7780.0,2,2,3+,16.0,Moderately Old,1406.0,0,0,1,0,0,0,148,"28.4042° N, 76.9513° E",28.4042,76.9513
1634,flat,dlf regal gardens,sector 90,1.21,6926.0,3,3,3+,29.0,Moderately Old,1581.0,0,0,0,0,1,0,95,"28.4085° N, 76.9369° E",28.4085,76.9369
1635,flat,puri emerald bay,sector 104,2.6,15160.0,3,4,3+,5.0,Moderately Old,2061.0,1,1,0,0,0,0,81,"28.4788° N, 76.9960° E",28.4788,76.996
1636,flat,m3m urbana,sector 67,1.0,12107.0,1,1,1,17.0,Moderately Old,826.0,0,0,0,0,0,0,49,"28.3859° N, 77.0608° E",28.3859,77.0608
1637,flat,signature global city 37d ph 2,sector 37d,1.35,9375.0,3,3,3+,3.0,Moderately Old,1600.0,0,0,0,1,0,0,51,"28.4478° N, 76.9703° E",28.4478,76.9703
1638,flat,the lions cghs,sector 56,2.05,7885.0,4,4,3+,7.0,Old Property,2600.0,0,0,1,0,0,1,120,"28.4245° N, 77.0991° E",28.4245,77.0991
1639,flat,lavanya apartments,sector 81,0.9,5056.0,3,3,0,7.0,Moderately Old,1780.0,0,0,0,0,0,0,0,"28.3867° N, 76.9485° E",28.3867,76.9485
1640,flat,"ganpati apartment  2, laxman vihar phase 1",sector 4,0.45,4707.0,2,2,1,0.0,Moderately Old,944.0,0,0,0,0,0,0,46,"28.4738° N, 77.0107° E",28.4738,77.0107
1641,flat,spaze privy,sector 72,3.1,6693.0,4,5,3+,8.0,Moderately Old,3374.0,1,1,1,1,0,0,136,"28.4225° N, 77.0211° E",28.4225,77.0211
1642,flat,signature global solera,sector 107,0.28,5833.0,2,2,2,0.0,Moderately Old,543.0,0,0,0,0,0,0,45,"28.5052° N, 76.9729° E",28.5052,76.9729
1643,flat,sare green parc phase 3,sector 92,1.08,5150.0,4,4,2,16.0,New Property,1891.0,0,1,0,0,0,0,107,"28.4079° N, 76.9153° E",28.4079,76.9153
1644,flat,conscient heritage max,sector 102,2.0,9307.0,3,4,3+,13.0,Moderately Old,1900.0,1,1,0,0,0,1,174,"28.4750° N, 76.9715° E",28.475,76.9715
1645,flat,unitech vistas,sector 70,0.53,4801.0,2,2,2,9.0,Moderately Old,991.0,0,0,0,0,1,0,24,"28.3968° N, 77.0233° E",28.3968,77.0233
1646,flat,emaar mgf emerald floors premier,sector 65,2.5,15152.0,3,3,3,3.0,Moderately Old,1493.0,1,1,0,0,0,0,15,"28.4030° N, 77.0690° E",28.403,77.069
1647,flat,sare crescent parc royal greens phase 1,sector 92,0.5,5000.0,2,2,3,2.0,Moderately Old,1000.0,0,0,0,0,0,0,0,"28.4079° N, 76.9153° E",28.4079,76.9153
1648,flat,ats triumph,sector 104,4.45,6846.0,4,5,3+,27.0,Moderately Old,7222.0,0,0,0,0,0,0,110,"28.4788° N, 76.9960° E",28.4788,76.996
1649,flat,shree vardhman flora,sector 90,0.95,6333.0,3,3,3,9.0,Moderately Old,1667.0,0,1,0,0,0,0,90,"28.4085° N, 76.9369° E",28.4085,76.9369
1650,house,independent,sector 23,2.9,11600.0,4,4,3,2.0,Moderately Old,2500.0,0,1,0,0,0,1,43,"28.5121° N, 77.0478° E",28.5121,77.0478
1651,flat,sare green parc phase 3,sector 92,0.75,7143.0,3,2,2,3.0,New Property,1298.0,0,0,0,0,0,0,121,"28.4079° N, 76.9153° E",28.4079,76.9153
1652,flat,adani m2k oyster grande,sector 102,2.4,9306.0,3,4,3+,3.0,Moderately Old,2334.0,1,0,0,0,0,1,49,"28.4750° N, 76.9715° E",28.475,76.9715
1653,flat,ss the leaf,sector 85,1.25,7180.0,2,2,3,10.0,Moderately Old,1730.0,0,0,0,0,0,0,49,"28.4042° N, 76.9513° E",28.4042,76.9513
1654,flat,bestech park view ananda,sector 81,0.95,10626.0,2,2,2,2.0,Moderately Old,1112.0,0,0,0,0,0,1,104,"28.3867° N, 76.9485° E",28.3867,76.9485
1655,flat,adani m2k oyster grande,sector 102,2.5,7817.0,4,5,3+,10.0,Moderately Old,2600.0,0,1,0,1,0,1,174,"28.4750° N, 76.9715° E",28.475,76.9715
1656,flat,sare crescent parc,sector 92,0.87,4971.0,4,4,2,2.0,Moderately Old,1584.0,0,0,1,0,0,2,115,"28.4079° N, 76.9153° E",28.4079,76.9153
1657,flat,m3m golfestate,sector 65,5.9,17544.0,3,3,3,9.0,Moderately Old,3043.0,1,0,0,0,0,2,21,"28.4030° N, 77.0690° E",28.403,77.069
1658,flat,ansal harmony homes,sector 57,1.12,10667.0,2,2,1,0.0,Old Property,950.0,0,0,0,0,0,0,72,"28.4232° N, 77.0752° E",28.4232,77.0752
1659,flat,bestech park view ananda,sector 81,0.95,6985.0,2,2,2,14.0,Moderately Old,1260.0,0,0,0,0,0,1,165,"28.3867° N, 76.9485° E",28.3867,76.9485
1660,flat,emaar imperial gardens,sector 102,1.98,9900.0,3,3,3+,9.0,Moderately Old,2222.0,0,1,0,0,0,1,72,"28.4750° N, 76.9715° E",28.475,76.9715
1661,flat,tulip ivory,sector 70,5.0,10417.0,6,7,3+,0.0,Moderately Old,5333.0,1,1,0,0,0,0,119,"28.3968° N, 77.0233° E",28.3968,77.0233
1662,flat,orchid petals,sector 49,4.16,11699.0,5,4,3+,14.0,Moderately Old,3219.0,1,1,0,0,0,0,40,"28.4121° N, 77.0480° E",28.4121,77.048
1663,house,not applicable,sector 4,0.65,13000.0,2,1,1,3.0,Old Property,500.0,0,0,0,0,0,0,7,"28.4738° N, 77.0107° E",28.4738,77.0107
1664,house,independent,sector 105,0.35,7778.0,2,2,1,2.0,Old Property,556.0,0,0,0,0,0,0,0,"28.4952° N, 77.0114° E",28.4952,77.0114
1665,flat,vatika gurgaon,sector 83,1.05,7000.0,3,3,3,3.0,Moderately Old,1618.0,0,0,1,0,0,0,79,"28.3986° N, 76.9647° E",28.3986,76.9647
1666,flat,signature global orchard avenue,sector 93,0.4,7353.0,2,2,2,11.0,New Property,604.0,0,0,0,0,0,0,37,"28.4153° N, 76.9326° E",28.4153,76.9326
1667,flat,shree vardhman flora,sector 90,0.9,4615.0,3,4,3,4.0,Moderately Old,1765.0,0,1,0,0,0,0,165,"28.4085° N, 76.9369° E",28.4085,76.9369
1668,flat,bestech park view sanskruti,sector 92,1.83,7871.0,4,3,3,8.0,New Property,2104.0,0,1,0,0,0,0,128,"28.4079° N, 76.9153° E",28.4079,76.9153
1669,flat,godrej,sector 79,2.0,8475.0,3,4,3+,9.0,Moderately Old,1963.0,0,1,0,0,0,0,108,"28.3624° N, 76.9787° E",28.3624,76.9787
1670,flat,experion windchants,sector 112,4.25,11294.0,3,5,2,15.0,Moderately Old,3000.0,0,1,0,1,0,0,72,"28.5189° N, 77.0183° E",28.5189,77.0183
1671,flat,dlf regency park,sector 28,2.35,13225.0,3,4,3,8.0,Old Property,1700.0,0,1,0,0,0,1,109,"28.4728° N, 77.0865° E",28.4728,77.0865
1672,flat,pareena coban residences,sector 99a,1.4,7011.0,3,5,3+,6.0,New Property,1807.0,0,0,0,0,0,0,15,"28.4561° N, 76.9542° E",28.4561,76.9542
1673,flat,m3m woodshire,sector 107,0.9,6589.0,2,2,3+,4.0,Moderately Old,1236.0,0,0,0,0,0,0,21,"28.5052° N, 76.9729° E",28.5052,76.9729
1674,flat,vasant appartments,sector 14,1.7,7391.0,5,5,2,2.0,Old Property,2556.0,1,0,1,1,0,2,71,"28.4711° N, 77.0454° E",28.4711,77.0454
1675,flat,experion the heartsong,sector 108,3.0,18394.0,4,5,3+,2.0,Moderately Old,2204.25,0,1,0,0,0,2,149,"28.5134° N, 76.9830° E",28.5134,76.983
1676,flat,kiran residency,sector 56,1.5,7500.0,3,3,3+,4.0,Moderately Old,1900.0,0,1,0,0,0,1,126,"28.4245° N, 77.0991° E",28.4245,77.0991
1677,flat,smart world gems,sector 89,0.9,8160.0,2,2,2,2.0,New Property,998.0,1,0,0,0,1,0,44,"28.4253° N, 76.9439° E",28.4253,76.9439
1678,house,vipul tatvam villa,sector 48,5.5,21219.0,3,6,2,2.0,Old Property,2592.0,0,1,0,0,1,1,106,"28.4177° N, 77.0359° E",28.4177,77.0359
1679,flat,dlf the primus,sector 82a,1.87,10395.0,3,3,3,31.0,Moderately Old,1668.0,0,0,0,1,0,0,38,"28.3858° N, 76.9686° E",28.3858,76.9686
1680,flat,shapoorji pallonji joyville gurugram,sector 102,0.95,10383.0,2,2,2,14.0,Moderately Old,915.0,0,0,0,0,0,0,0,"28.4750° N, 76.9715° E",28.475,76.9715
1681,flat,palam vihar society,sector 2,0.4,8602.0,1,1,1,5.0,Moderately Old,450.0,0,0,0,0,0,1,39,"28.5095° N, 77.0320° E",28.5095,77.032
1682,house,independent,sector 12,1.5,11111.0,5,5,2,3.0,Old Property,1350.0,0,0,0,0,0,0,16,"28.4723° N, 77.0320° E",28.4723,77.032
1683,flat,emaar mgf emerald floors premier,sector 65,3.0,15190.0,4,4,3+,2.0,Moderately Old,1787.0,0,1,0,0,0,0,87,"28.4030° N, 77.0690° E",28.403,77.069
1684,flat,ramsons kshitij,sector 95,0.19,591.0,1,1,1,14.0,Moderately Old,3569.0,0,0,0,0,0,0,49,"28.4172° N, 76.9081° E",28.4172,76.9081
1685,flat,city heights,sector 39,1.75,8750.0,3,4,3,3.0,Old Property,2222.0,0,1,0,0,0,2,42,"28.4434° N, 77.0515° E",28.4434,77.0515
1686,house,independent,sector 57,3.5,21605.0,4,4,3+,3.0,Old Property,1620.0,0,0,1,0,0,1,67,"28.4232° N, 77.0752° E",28.4232,77.0752
1687,house,unitech uniworld resorts,sector 33,11.0,26667.0,5,6,3,3.0,New Property,500.0,1,1,0,0,0,0,58,"28.4420° N, 77.0207° E",28.442,77.0207
1688,house,independent,sector 37d,2.5,13158.0,5,5,3+,2.0,Moderately Old,1900.0,0,0,0,0,0,0,0,"28.4478° N, 76.9703° E",28.4478,76.9703
1689,flat,godrej,sector 79,1.41,8998.0,2,2,3,3.0,New Property,1747.0,1,0,0,0,0,0,104,"28.3624° N, 76.9787° E",28.3624,76.9787
1690,flat,adani m2k oyster grande,sector 102,1.8,9529.0,3,4,3,17.0,Moderately Old,1710.0,0,1,0,0,0,0,49,"28.4750° N, 76.9715° E",28.475,76.9715
1691,house,sector 57 huda,sector 57,3.8,26063.0,2,8,3+,4.0,Moderately Old,162.0,0,0,1,1,0,1,94,"28.4232° N, 77.0752° E",28.4232,77.0752
1692,flat,smart world orchard,sector 61,1.41,12250.0,2,2,2,2.0,Moderately Old,1150.0,1,0,0,0,0,0,76,"28.4050° N, 77.0963° E",28.405,77.0963
1693,flat,godrej nature plus,sector 33,1.25,9025.0,2,2,3,17.0,Moderately Old,1385.0,0,0,0,0,0,0,56,"28.4420° N, 77.0207° E",28.442,77.0207
1694,flat,signature global orchard avenue,sector 93,0.38,6387.0,2,2,2,7.0,Moderately Old,661.0,0,0,0,0,0,0,16,"28.4153° N, 76.9326° E",28.4153,76.9326
1695,flat,ild grand,sector 37c,1.35,7143.0,3,3,0,1.0,New Property,1820.0,0,0,0,0,0,0,60,"28.4515° N, 76.9882° E",28.4515,76.9882
1696,flat,m3m merlin,sector 67,3.32,14080.0,3,4,3,8.0,New Property,2016.0,0,1,0,0,0,1,174,"28.3859° N, 77.0608° E",28.3859,77.0608
1697,flat,ats triumph,sector 104,2.65,8413.0,4,4,3+,10.0,Moderately Old,2851.0,0,1,0,0,0,0,174,"28.4788° N, 76.9960° E",28.4788,76.996
1698,flat,bestech park view residency,sector 2,0.98,6931.0,2,2,3,11.0,Moderately Old,1281.0,0,0,0,0,0,0,83,"28.5095° N, 77.0320° E",28.5095,77.032
1699,flat,umang monsoon breeze,sector 78,1.1,5055.0,3,3,3+,9.0,Old Property,2176.0,0,1,0,0,0,0,80,"28.3733° N, 76.9729° E",28.3733,76.9729
1700,house,the laburnum,sector 43,11.0,27160.0,5,6,3+,3.0,New Property,360.0,0,1,0,1,0,1,160,"28.4629° N, 77.0772° E",28.4629,77.0772
1701,flat,global hill view,sector 11,0.33,4269.0,2,2,0,11.0,Moderately Old,761.0,0,0,0,0,0,0,0,"28.4531° N, 77.0202° E",28.4531,77.0202
1702,flat,m3m merlin,sector 67,2.78,13581.0,3,3,3+,4.0,Moderately Old,1852.0,0,0,0,1,0,1,157,"28.3859° N, 77.0608° E",28.3859,77.0608
1703,flat,bestech park view ananda,sector 81,1.1,6687.0,3,2,3+,5.0,Moderately Old,1319.0,0,0,0,0,0,0,150,"28.3867° N, 76.9485° E",28.3867,76.9485
1704,flat,dlf regal gardens,sector 90,1.75,7901.0,4,4,3+,3.0,Moderately Old,2005.0,0,0,0,0,1,0,6,"28.4085° N, 76.9369° E",28.4085,76.9369
1705,flat,om apartment dayanand colony,sector 5,0.26,4370.0,1,1,1,3.0,Moderately Old,648.0,0,0,0,0,0,0,14,"28.4794° N, 77.0176° E",28.4794,77.0176
1706,flat,bestech park view residency,sector 2,0.95,6714.0,2,2,3,1.0,Moderately Old,1281.0,0,0,0,0,0,1,82,"28.5095° N, 77.0320° E",28.5095,77.032
1707,flat,tulip petals,sector 89,1.1,7097.0,3,2,3,4.0,Moderately Old,1550.0,0,0,0,0,0,0,0,"28.4253° N, 76.9439° E",28.4253,76.9439
1708,flat,puri diplomatic greens,sector 111,3.4,11525.0,4,5,3+,14.0,Moderately Old,2670.0,0,1,0,0,0,0,94,"28.5238° N, 77.0320° E",28.5238,77.032
1709,flat,ss,sector 85,2.1,7468.0,4,4,3,2.0,Moderately Old,2600.0,0,0,0,0,0,0,49,"28.4042° N, 76.9513° E",28.4042,76.9513
1710,flat,indiabulls enigma,sector 110,4.25,10954.0,5,5,3+,4.0,Moderately Old,3511.0,0,1,0,0,0,0,101,"28.5145° N, 77.0197° E",28.5145,77.0197
1711,flat,bestech park view residency,sector 2,1.4,7865.0,3,3,3+,6.0,Old Property,1611.0,0,0,0,0,0,2,107,"28.5095° N, 77.0320° E",28.5095,77.032
1712,house,unitech espace,sector 50,7.45,34491.0,4,4,3,3.0,Old Property,4500.0,0,1,0,0,0,1,59,"28.4178° N, 77.0628° E",28.4178,77.0628
1713,flat,emaar mgf emerald floors premier,sector 65,2.8,16970.0,3,3,2,3.0,Moderately Old,1493.0,0,1,0,0,0,0,105,"28.4030° N, 77.0690° E",28.403,77.069
1714,flat,parsvnath green ville,sector 48,1.42,8606.0,3,3,3,1.0,Moderately Old,1493.0,0,0,1,0,0,2,174,"28.4177° N, 77.0359° E",28.4177,77.0359
1715,flat,lotus homz,sector 111,0.7,10057.0,2,2,2,8.0,Moderately Old,773.0,0,0,0,0,0,0,68,"28.5238° N, 77.0320° E",28.5238,77.032
1716,house,vatika india next,sector 82,6.8,20988.0,4,4,3+,3.0,Moderately Old,3240.0,0,1,0,0,0,2,110,"28.3935° N, 76.9600° E",28.3935,76.96
1717,flat,dlf the ultima,sector 81,2.4,11257.0,3,3,2,10.0,Moderately Old,1800.0,0,1,0,0,0,2,174,"28.3867° N, 76.9485° E",28.3867,76.9485
1718,flat,smart world gems,sector 89,1.2,12526.0,3,3,3,3.0,Moderately Old,1064.0,0,0,1,1,0,0,131,"28.4253° N, 76.9439° E",28.4253,76.9439
1719,flat,signature global park 4,sector 36,0.72,6429.0,3,2,3,2.0,New Property,1244.0,0,0,0,0,0,0,0,"28.4160° N, 76.9914° E",28.416,76.9914
1720,flat,sare crescent parc,sector 92,0.95,5013.0,4,5,3+,13.0,Moderately Old,1895.0,0,0,0,0,0,0,0,"28.4079° N, 76.9153° E",28.4079,76.9153
1721,flat,bestech spa signature,sector 81,4.4,12571.0,4,4,3+,6.0,New Property,3700.0,1,1,0,1,1,2,49,"28.3867° N, 76.9485° E",28.3867,76.9485
1722,flat,tulip violet,sector 69,1.46,9252.0,3,3,2,0.0,Moderately Old,1428.0,0,0,0,1,0,1,174,"28.3966° N, 77.0341° E",28.3966,77.0341
1723,flat,ss hibiscus,sector 50,6.0,12272.0,4,3,3,5.0,Moderately Old,3982.0,0,1,0,0,0,0,31,"28.4178° N, 77.0628° E",28.4178,77.0628
1724,flat,bhagwati sadan,sector 12,1.15,5500.0,3,4,2,2.0,Old Property,2000.0,0,1,0,0,1,0,0,"28.4723° N, 77.0320° E",28.4723,77.032
1725,flat,ss the leaf,sector 85,1.14,6433.0,2,2,3,16.0,Moderately Old,1604.0,0,0,0,0,0,0,44,"28.4042° N, 76.9513° E",28.4042,76.9513
1726,flat,valley view estate,gwal pahari,1.5,8278.0,4,4,3+,9.0,Old Property,2013.0,1,1,0,0,1,0,135,"28.4484° N, 77.0210° E",28.4484,77.021
1727,house,independent,sector 56,8.0,9654.0,10,10,3+,4.0,Moderately Old,8286.0,1,1,0,1,0,2,107,"28.4245° N, 77.0991° E",28.4245,77.0991
1728,house,independent,sector 55,2.8,18667.0,4,4,0,2.0,Old Property,1500.0,0,0,0,0,0,0,0,"28.4281° N, 77.1100° E",28.4281,77.11
1729,flat,dlf new town heights,sector 90,2.0,7334.0,4,4,3+,20.0,Moderately Old,2468.0,0,1,0,0,1,0,49,"28.4085° N, 76.9369° E",28.4085,76.9369
1730,house,independent,sector 46,2.2,2689.0,3,3,2,3.0,Old Property,909.0,0,0,1,0,0,1,56,"28.4374° N, 77.0586° E",28.4374,77.0586
1731,flat,m3m skywalk,sector 74,2.7,13380.0,3,3,3,13.0,New Property,1826.0,0,0,1,0,0,0,92,"28.4158° N, 77.0118° E",28.4158,77.0118
1732,flat,parsvnath green ville,sector 48,1.5,8787.0,3,3,3,1.0,Old Property,1600.0,0,0,0,0,0,1,128,"28.4177° N, 77.0359° E",28.4177,77.0359
1733,flat,microtek greenburg,sector 86,1.25,8446.0,2,2,3,13.0,Moderately Old,1339.0,1,0,0,0,0,0,6,"28.3986° N, 76.9384° E",28.3986,76.9384
1734,flat,paras dews,sector 106,1.17,6648.0,3,4,3+,12.0,Moderately Old,1186.0,0,1,0,0,0,0,49,"28.5007° N, 77.0003° E",28.5007,77.0003
1735,house,independent,sector 43,9.5,42222.0,5,5,3+,2.0,Moderately Old,300.0,0,1,0,1,0,1,88,"28.4629° N, 77.0772° E",28.4629,77.0772
1736,flat,tulip violet,sector 69,1.3,8286.0,3,3,1,12.0,Moderately Old,1419.0,0,0,0,1,0,0,86,"28.3966° N, 77.0341° E",28.3966,77.0341
1737,flat,raheja sampada,sector 92,0.65,4745.0,3,2,3,6.0,Moderately Old,1240.0,0,0,0,0,0,0,49,"28.4079° N, 76.9153° E",28.4079,76.9153
1738,flat,dlf regency park,sector 28,1.91,16609.0,2,2,2,11.0,New Property,1278.0,0,0,0,0,0,2,98,"28.4728° N, 77.0865° E",28.4728,77.0865
1739,flat,tulip violet,sector 69,1.36,8619.0,3,3,2,12.0,Moderately Old,1428.0,0,0,0,1,0,1,49,"28.3966° N, 77.0341° E",28.3966,77.0341
1740,flat,central park flower valley cerise floors,sector 33,1.3,10744.0,2,2,2,3.0,New Property,1095.0,1,0,0,0,0,0,22,"28.4420° N, 77.0207° E",28.442,77.0207
1741,flat,puri diplomatic greens,sector 111,2.25,13235.0,3,3,2,12.0,Moderately Old,1538.0,0,0,0,0,0,0,101,"28.5238° N, 77.0320° E",28.5238,77.032
1742,flat,tarc maceo,sector 91,0.9,6870.0,2,2,2,13.0,Moderately Old,1186.0,0,0,0,0,0,2,67,"28.4014° N, 76.9225° E",28.4014,76.9225
1743,flat,experion the heartsong,sector 108,1.2,6826.0,3,3,3+,10.0,Moderately Old,1275.53,1,0,0,0,0,0,93,"28.5134° N, 76.9830° E",28.5134,76.983
1744,flat,citizen apartment,sector 51,3.55,6826.0,5,6,3+,11.0,Moderately Old,5200.0,1,1,1,1,0,1,157,"28.4320° N, 77.0686° E",28.432,77.0686
1745,flat,corona optus,sector 37c,1.27,7204.0,3,3,3,2.0,Moderately Old,1581.0,1,0,0,0,1,0,49,"28.4515° N, 76.9882° E",28.4515,76.9882
1746,flat,emaar mgf emerald floors premier,sector 65,2.35,14242.0,3,3,3,3.0,Moderately Old,1833.0,1,1,0,0,0,1,124,"28.4030° N, 77.0690° E",28.403,77.069
1747,flat,emaar mgf emerald floors premier,sector 65,2.35,14242.0,3,3,2,4.0,Moderately Old,1650.0,1,1,0,0,0,0,165,"28.4030° N, 77.0690° E",28.403,77.069
1748,flat,pareena mi casa,sector 68,1.0,8163.0,2,2,2,16.0,New Property,1361.0,0,1,0,0,0,0,65,"28.3853° N, 77.0484° E",28.3853,77.0484
1749,flat,godrej icon,sector 88a,1.65,9041.0,3,3,3,12.0,New Property,1652.0,0,0,0,0,0,0,60,"28.4347° N, 76.9557° E",28.4347,76.9557
1750,flat,signature andour heights,sector 71,0.59,8429.0,2,2,1,6.0,Moderately Old,639.0,0,0,0,0,0,0,67,"28.4104° N, 77.0281° E",28.4104,77.0281
1751,flat,experion windchants,sector 112,5.6,11530.0,4,6,3+,15.0,Moderately Old,3662.34,0,1,0,0,0,1,157,"28.5189° N, 77.0183° E",28.5189,77.0183
1752,house,dlf city plots,sector 26,18.0,39841.0,6,6,2,3.0,Old Property,4518.0,0,1,0,1,1,1,49,"28.4757° N, 77.1032° E",28.4757,77.1032
1753,flat,tulip violet,sector 69,1.4,8929.0,3,3,1,12.0,Moderately Old,1419.0,0,0,0,0,0,0,157,"28.3966° N, 77.0341° E",28.3966,77.0341
1754,house,independent,sector 82,7.0,21605.0,4,4,3+,1.0,Moderately Old,3240.0,1,1,0,1,0,1,49,"28.3935° N, 76.9600° E",28.3935,76.96
1755,flat,dlf the skycourt,sector 86,1.55,8031.0,3,3,1,12.0,Moderately Old,1900.0,0,0,0,1,0,1,153,"28.3986° N, 76.9384° E",28.3986,76.9384
1756,flat,paras dews,sector 106,1.1,9735.0,3,4,3+,8.0,Moderately Old,1186.0,0,1,0,0,0,1,174,"28.5007° N, 77.0003° E",28.5007,77.0003
1757,flat,la vida by tata housing,sector 113,1.65,10450.0,3,2,2,3.0,Moderately Old,1420.0,0,0,0,0,0,0,49,"28.5287° N, 77.0233° E",28.5287,77.0233
1758,flat,indiabulls centrum park,sector 103,1.34,7486.0,3,3,3+,13.0,Moderately Old,1560.0,1,0,0,0,0,0,93,"28.4949° N, 76.9845° E",28.4949,76.9845
1759,flat,shree vardhman flora,sector 90,1.3,5253.0,4,5,2,9.0,Moderately Old,2134.0,1,1,0,0,0,0,110,"28.4085° N, 76.9369° E",28.4085,76.9369
1760,house,independent,sector 9,3.5,13410.0,9,9,3+,3.0,Moderately Old,2610.0,1,0,0,0,0,0,23,"28.4603° N, 77.0000° E",28.4603,77.0
1761,flat,aipl joy square,sector 63a,0.7,10101.0,1,1,0,7.0,Moderately Old,693.0,0,0,0,0,0,0,0,"28.3923° N, 77.0888° E",28.3923,77.0888
1762,flat,sobha city,sector 108,3.95,16859.0,3,4,2,15.0,Moderately Old,1900.0,0,1,0,0,0,0,49,"28.5134° N, 76.9830° E",28.5134,76.983
1763,flat,zara aavaas,sector 104,0.2,6645.0,1,2,2,3.0,New Property,334.0,0,0,0,0,0,0,67,"28.4788° N, 76.9960° E",28.4788,76.996
1764,flat,tata primanti,sector 72,6.75,19286.0,4,4,3+,0.0,New Property,4000.0,0,1,0,0,0,1,174,"28.4225° N, 77.0211° E",28.4225,77.0211
1765,flat,the lions cghs,sector 56,2.05,9535.0,4,4,3,7.0,Moderately Old,2000.0,0,1,0,0,1,1,49,"28.4245° N, 77.0991° E",28.4245,77.0991
1766,flat,tashee capital gateway,sector 111,0.96,6500.0,2,2,1,4.0,Moderately Old,1338.0,1,0,0,0,0,0,53,"28.5238° N, 77.0320° E",28.5238,77.032
1767,flat,bestech park view residency,sector 2,1.36,7645.0,3,3,3+,5.0,Moderately Old,1611.0,0,0,0,0,0,0,84,"28.5095° N, 77.0320° E",28.5095,77.032
1768,flat,experion windchants,sector 112,2.5,13889.0,2,2,3,10.0,Moderately Old,1939.03,1,0,0,1,0,1,174,"28.5189° N, 77.0183° E",28.5189,77.0183
1769,flat,ss the leaf,sector 85,1.2,7317.0,2,2,3,6.0,Moderately Old,1300.0,0,0,0,0,0,1,174,"28.4042° N, 76.9513° E",28.4042,76.9513
1770,flat,pareena coban residences,sector 99a,1.45,7261.0,3,5,3,11.0,Moderately Old,1807.0,0,1,0,0,1,1,49,"28.4561° N, 76.9542° E",28.4561,76.9542
1771,flat,sare homes,sector 92,0.56,4730.0,3,1,3,1.0,Moderately Old,1316.0,0,0,0,0,0,1,75,"28.4079° N, 76.9153° E",28.4079,76.9153
1772,house,malibu towne,sector 47,1.15,4646.0,3,3,3,2.0,Old Property,275.0,0,0,0,0,0,1,33,"28.4276° N, 77.0492° E",28.4276,77.0492
1773,flat,supertech araville,sector 79,0.78,6023.0,2,2,3+,17.0,Moderately Old,1172.0,0,0,0,0,0,0,24,"28.3624° N, 76.9787° E",28.3624,76.9787
1774,flat,piedmont taksila heights,sector 37c,0.9,5856.0,3,3,3,9.0,Moderately Old,1537.0,0,0,0,0,0,1,94,"28.4515° N, 76.9882° E",28.4515,76.9882
1775,flat,ss the leaf,sector 85,1.15,11967.0,2,2,3,20.0,Moderately Old,1263.0,0,0,0,1,0,0,107,"28.4042° N, 76.9513° E",28.4042,76.9513
1776,flat,ireo skyon,sector 60,3.6,12816.0,4,5,3,24.0,Moderately Old,2604.0,0,1,0,0,0,1,49,"28.4003° N, 77.0975° E",28.4003,77.0975
1777,house,independent,sector 4,0.61,11111.0,2,2,2,2.0,Old Property,61.0,0,0,0,0,1,0,14,"28.4738° N, 77.0107° E",28.4738,77.0107
1778,flat,dlf new town heights,sector 90,1.51,6387.0,4,4,3+,6.0,Moderately Old,2362.0,0,1,0,1,0,1,142,"28.4085° N, 76.9369° E",28.4085,76.9369
1779,flat,tata primanti,sector 72,3.21,16050.0,3,4,3+,15.0,Moderately Old,2140.0,0,1,0,0,0,1,174,"28.4225° N, 77.0211° E",28.4225,77.0211
1780,flat,chd avenue,sector 71,1.35,5745.0,4,4,3,8.0,Moderately Old,2127.0,0,1,0,0,0,0,26,"28.4104° N, 77.0281° E",28.4104,77.0281
1781,flat,imperia the esfera,sector 37c,0.99,5500.0,3,3,1,10.0,New Property,1643.0,0,1,0,0,0,0,49,"28.4515° N, 76.9882° E",28.4515,76.9882
1782,house,independent,sector 11,2.5,17857.0,5,4,3,1.0,Old Property,1850.0,0,0,1,0,0,0,0,"28.4531° N, 77.0202° E",28.4531,77.0202
1783,flat,adani aangan galleria,sector 89,0.25,5000.0,1,1,1,6.0,New Property,430.0,0,0,0,0,0,0,74,"28.4253° N, 76.9439° E",28.4253,76.9439
1784,flat,sare homes,sector 92,0.82,5384.0,3,3,3+,12.0,Moderately Old,1221.18,0,0,0,0,0,0,114,"28.4079° N, 76.9153° E",28.4079,76.9153
1785,flat,apartment,sector 92,0.75,4688.0,3,4,3,2.0,Moderately Old,1778.0,1,0,0,0,0,0,113,"28.4079° N, 76.9153° E",28.4079,76.9153
1786,flat,godrej summit,sector 104,1.2,8299.0,3,2,3+,16.0,Moderately Old,1607.0,1,0,0,1,0,1,142,"28.4788° N, 76.9960° E",28.4788,76.996
1787,flat,ats triumph,sector 104,2.55,13077.0,4,4,3+,21.0,Moderately Old,2509.0,0,1,0,0,0,0,150,"28.4788° N, 76.9960° E",28.4788,76.996
1788,flat,tulip violet,sector 69,1.36,8619.0,3,3,1,12.0,Moderately Old,1291.0,0,0,0,1,0,0,95,"28.3966° N, 77.0341° E",28.3966,77.0341
1789,flat,orchid island,sector 51,1.7,10652.0,3,4,3,2.0,Moderately Old,1773.0,0,0,1,1,0,0,90,"28.4320° N, 77.0686° E",28.432,77.0686
1790,house,independent,sector 24,10.0,25543.0,8,10,3+,1.0,Old Property,483.0,0,0,0,0,0,0,0,"28.4939° N, 77.1038° E",28.4939,77.1038
1791,flat,bptp freedom park life,sector 57,2.5,11111.0,3,3,3,9.0,Old Property,2036.0,0,0,0,0,0,0,55,"28.4232° N, 77.0752° E",28.4232,77.0752
1792,flat,godrej nature plus,sector 33,1.2,12000.0,2,2,3+,3.0,Moderately Old,1111.0,0,0,0,0,0,0,105,"28.4420° N, 77.0207° E",28.442,77.0207
1793,house,aindependentt raj estates,sector 63a,8.5,27139.0,6,6,3+,3.0,Under Construction,3132.0,0,0,1,1,0,0,29,"28.3923° N, 77.0888° E",28.3923,77.0888
1794,house,independent,sector 4,3.2,14222.0,3,3,2,2.0,Old Property,2250.0,0,0,0,0,0,0,13,"28.4738° N, 77.0107° E",28.4738,77.0107
1795,house,dlf city plots phase 2,sector 25,15.5,34307.0,5,6,3+,3.0,Old Property,4518.0,1,1,1,1,0,0,144,"28.4844° N, 77.0860° E",28.4844,77.086
1796,flat,dlf regency park,sector 28,2.35,13225.0,3,3,2,18.0,Old Property,1608.0,0,1,0,0,0,0,120,"28.4728° N, 77.0865° E",28.4728,77.0865
1797,house,independent,sector 28,11.25,34722.0,9,9,3+,2.0,Old Property,3240.0,0,1,1,1,0,1,126,"28.4728° N, 77.0865° E",28.4728,77.0865
1798,flat,godrej air,sector 85,1.05,10606.0,2,2,1,15.0,Moderately Old,97.0,0,0,0,0,0,0,45,"28.4042° N, 76.9513° E",28.4042,76.9513
1799,flat,supertech araville,sector 79,1.45,7455.0,3,3,3,3.0,Moderately Old,2161.0,0,0,0,0,0,0,0,"28.3624° N, 76.9787° E",28.3624,76.9787
1800,flat,parkwood westend,sector 92,0.7,5204.0,2,2,3,5.0,Under Construction,1217.0,1,0,0,0,0,0,0,"28.4079° N, 76.9153° E",28.4079,76.9153
1801,flat,the close north,sector 50,2.7,10365.0,3,3,3+,6.0,Moderately Old,2400.0,0,1,0,0,0,0,174,"28.4178° N, 77.0628° E",28.4178,77.0628
1802,flat,sidhartha ncr one,sector 95,0.56,4106.0,2,2,2,10.0,New Property,1364.0,0,0,0,0,0,0,0,"28.4172° N, 76.9081° E",28.4172,76.9081
1803,house,emaar mgf marbella,sector 66,8.7,38667.0,4,5,2,3.0,New Property,267.0,1,1,0,0,0,0,144,"28.3925° N, 77.0541° E",28.3925,77.0541
1804,house,international city by sobha phase 2,sector 109,7.0,12963.0,5,6,2,2.0,Moderately Old,5400.0,0,1,0,0,0,0,154,"28.5073° N, 77.0089° E",28.5073,77.0089
1805,flat,orchid petals,sector 49,2.51,12179.0,3,3,3+,7.0,Old Property,1865.0,1,0,0,0,0,1,72,"28.4121° N, 77.0480° E",28.4121,77.048
1806,flat,the pearl apartmen,sector 15,0.43,5584.0,2,2,1,2.0,Moderately Old,856.0,0,0,0,0,0,1,28,"28.4621° N, 77.0464° E",28.4621,77.0464
1807,flat,m3m woodshire,sector 107,1.49,6311.0,3,4,3+,5.0,Moderately Old,2137.0,0,1,1,0,0,1,174,"28.5052° N, 76.9729° E",28.5052,76.9729
1808,house,vipul tatvam villa,sector 48,7.8,23145.0,4,4,3+,2.0,Moderately Old,3240.0,1,1,1,1,0,1,145,"28.4177° N, 77.0359° E",28.4177,77.0359
1809,flat,m3m golfestate,sector 65,6.15,15999.0,3,5,3+,1.0,Moderately Old,4271.0,0,1,0,0,0,2,49,"28.4030° N, 77.0690° E",28.403,77.069
1810,flat,apex builders,sector 37c,0.42,5600.0,2,2,2,4.0,Moderately Old,833.0,0,0,0,0,0,0,42,"28.4515° N, 76.9882° E",28.4515,76.9882
1811,flat,la vida by tata housing,sector 113,2.33,12534.0,3,3,3,3.0,New Property,2098.0,0,1,0,0,0,0,174,"28.5287° N, 77.0233° E",28.5287,77.0233
1812,house,dlf city plots phase 3,sector 24,1.6,3292.0,8,5,3+,4.0,Old Property,540.0,0,0,0,0,0,0,8,"28.4939° N, 77.1038° E",28.4939,77.1038
1813,flat,orchid island,sector 51,0.71,7889.0,2,2,1,4.0,Moderately Old,1007.0,0,0,0,0,0,0,23,"28.4320° N, 77.0686° E",28.432,77.0686
1814,flat,landmark the residency,sector 103,0.9,6667.0,2,2,2,1.0,Moderately Old,1222.0,0,0,0,0,0,0,44,"28.4949° N, 76.9845° E",28.4949,76.9845
1815,house,dlf new town heights,sector 86,2.5,7827.0,4,5,3+,4.0,Moderately Old,3194.0,0,1,0,1,1,1,49,"28.3986° N, 76.9384° E",28.3986,76.9384
1816,flat,ramprastha skyz,sector 37d,1.2,6000.0,3,2,1,9.0,Under Construction,1900.0,0,1,0,0,1,0,53,"28.4478° N, 76.9703° E",28.4478,76.9703
1817,flat,dlf regal gardens,sector 90,1.25,8117.0,3,3,3,8.0,Moderately Old,1640.0,0,0,0,1,0,0,158,"28.4085° N, 76.9369° E",28.4085,76.9369
1818,flat,ss the leaf,sector 85,1.99,8660.0,3,4,3+,17.0,Moderately Old,2398.0,0,1,0,0,0,1,174,"28.4042° N, 76.9513° E",28.4042,76.9513
1819,flat,chd avenue,sector 71,1.15,6527.0,3,3,2,15.0,Moderately Old,1541.0,0,1,0,0,0,1,66,"28.4104° N, 77.0281° E",28.4104,77.0281
1820,house,independent,sector 43,8.5,31481.0,5,5,3,3.0,Old Property,2700.0,0,1,0,0,0,1,113,"28.4629° N, 77.0772° E",28.4629,77.0772
1821,flat,tata primanti,sector 72,4.0,16032.0,4,5,3+,22.0,Moderately Old,2701.0,0,1,0,0,0,1,174,"28.4225° N, 77.0211° E",28.4225,77.0211
1822,flat,dlf regal gardens,sector 90,1.76,7946.0,4,4,3+,8.0,Moderately Old,2020.0,0,0,0,0,0,1,135,"28.4085° N, 76.9369° E",28.4085,76.9369
1823,house,sushant lok 1 builder floors,sector 43,13.0,48148.0,3,3,3+,4.0,New Property,2700.0,0,0,0,1,0,1,7,"28.4629° N, 77.0772° E",28.4629,77.0772
1824,flat,experion the heartsong,sector 108,2.0,8554.0,3,3,3+,14.0,Moderately Old,2116.0,0,1,0,0,0,0,95,"28.5134° N, 76.9830° E",28.5134,76.983
1825,flat,saan verdante,sector 95,2.0,10178.0,3,4,3+,5.0,New Property,1964.0,0,1,0,0,0,0,49,"28.4172° N, 76.9081° E",28.4172,76.9081
1826,flat,ild grand,sector 37c,0.66,5038.0,2,2,3+,14.0,Moderately Old,1310.0,0,0,0,0,0,0,60,"28.4515° N, 76.9882° E",28.4515,76.9882
1827,flat,smart world orchard,sector 61,2.6,14723.0,3,3,2,2.0,New Property,1475.0,0,0,0,0,0,0,47,"28.4050° N, 77.0963° E",28.405,77.0963
1828,flat,ireo the corridors,sector 67a,1.7,9844.0,3,3,2,10.0,New Property,1346.0,0,1,0,0,1,1,44,"28.3960° N, 77.0372° E",28.396,77.0372
1829,flat,ireo the corridors,sector 67a,1.62,9380.0,3,3,2,4.0,New Property,1346.0,0,0,1,0,0,1,142,"28.3960° N, 77.0372° E",28.396,77.0372
1830,flat,bestech park view sanskruti,sector 92,2.0,8333.0,4,5,3+,12.0,Moderately Old,2453.0,0,1,0,0,0,1,60,"28.4079° N, 76.9153° E",28.4079,76.9153
1831,flat,suncity vatsal valley,gwal pahari,1.53,10699.0,3,3,3,2.0,New Property,1589.0,0,0,0,0,0,1,117,"28.4484° N, 77.0210° E",28.4484,77.021
1832,house,independent,sector 9,0.6,10753.0,2,2,1,1.0,Old Property,558.0,0,0,0,0,0,0,8,"28.4603° N, 77.0000° E",28.4603,77.0
1833,flat,la vida by tata housing,sector 113,3.0,14286.0,3,3,3+,3.0,Moderately Old,2460.0,0,1,0,0,0,0,167,"28.5287° N, 77.0233° E",28.5287,77.0233
1834,flat,dlf regal gardens,sector 90,1.65,7449.0,4,4,3+,15.0,Moderately Old,2214.0,0,0,0,0,0,0,158,"28.4085° N, 76.9369° E",28.4085,76.9369
1835,flat,sidhartha ncr one phase,sector 95,0.43,3152.0,2,2,2,6.0,Moderately Old,1300.0,0,0,0,0,0,0,120,"28.4172° N, 76.9081° E",28.4172,76.9081
1836,flat,sare crescent parc,sector 92,0.9,4278.0,4,5,3+,14.0,Moderately Old,1692.0,0,1,0,0,1,0,62,"28.4079° N, 76.9153° E",28.4079,76.9153
1837,flat,godrej nature plus,sector 33,1.27,9183.0,2,2,3+,9.0,Moderately Old,1252.0,0,0,0,0,0,0,38,"28.4420° N, 77.0207° E",28.442,77.0207
1838,flat,kibithu villas,sector 48,3.45,12778.0,4,4,3+,2.0,Moderately Old,3000.0,0,0,0,0,0,0,0,"28.4177° N, 77.0359° E",28.4177,77.0359
1839,flat,m3m capital,sector 113,2.0,12012.0,3,3,2,24.0,Under Construction,1507.0,0,0,0,0,0,0,47,"28.5287° N, 77.0233° E",28.5287,77.0233
1840,house,shree krishna homes,sector 104,0.48,5556.0,2,2,1,1.0,New Property,795.0,1,0,0,1,1,0,44,"28.4788° N, 76.9960° E",28.4788,76.996
1841,flat,paras dews,sector 106,0.88,6354.0,2,2,3+,1.0,Moderately Old,940.0,0,0,0,0,0,0,49,"28.5007° N, 77.0003° E",28.5007,77.0003
1842,flat,alpha corp gurgaonone,sector 84,2.28,8769.0,4,4,3+,8.0,Moderately Old,2998.0,0,1,0,0,0,0,61,"28.3979° N, 76.9736° E",28.3979,76.9736
1843,flat,m3m heights,sector 65,2.01,13499.0,2,2,3,8.0,New Property,1482.0,1,0,0,0,0,0,44,"28.4030° N, 77.0690° E",28.403,77.069
1844,flat,ats triumph,sector 104,2.78,8825.0,4,4,3+,11.0,Moderately Old,2851.0,0,1,0,0,0,0,110,"28.4788° N, 76.9960° E",28.4788,76.996
1845,flat,experion the heartsong,sector 108,0.98,13351.0,2,3,3,4.0,Moderately Old,978.23,1,0,0,0,0,0,135,"28.5134° N, 76.9830° E",28.5134,76.983
1846,flat,paras dews,sector 106,0.97,8818.0,2,2,3,6.0,New Property,1200.0,0,0,0,1,0,1,174,"28.5007° N, 77.0003° E",28.5007,77.0003
1847,flat,bptp terra,sector 37d,1.75,7987.0,4,4,3,7.0,Moderately Old,2100.0,0,0,0,0,1,1,120,"28.4478° N, 76.9703° E",28.4478,76.9703
1848,flat,sobha city,sector 108,2.95,14728.0,3,4,2,12.0,Moderately Old,1600.0,0,0,0,0,0,0,49,"28.5134° N, 76.9830° E",28.5134,76.983
1849,flat,sare green parc 2,sector 92,0.61,4837.0,3,2,2,6.0,Under Construction,1141.0,0,0,0,0,1,0,0,"28.4079° N, 76.9153° E",28.4079,76.9153
1850,flat,supertech araville,sector 79,1.35,6941.0,3,3,3,4.0,Moderately Old,2161.0,0,0,0,0,0,0,0,"28.3624° N, 76.9787° E",28.3624,76.9787
1851,house,unitech aspen greens,sector 50,7.0,32407.0,4,4,2,2.0,Old Property,2160.0,0,1,0,0,0,0,29,"28.4178° N, 77.0628° E",28.4178,77.0628
1852,flat,vatika the seven lamps,sector 82,1.28,6819.0,3,3,3,3.0,Moderately Old,1800.0,1,0,0,0,0,1,165,"28.3935° N, 76.9600° E",28.3935,76.96
1853,flat,vatika gurgaon,sector 83,1.25,6313.0,3,3,2,12.0,Moderately Old,1700.0,0,1,0,0,0,0,95,"28.3986° N, 76.9647° E",28.3986,76.9647
1854,flat,shree vardhman victoria,sector 70,1.75,8974.0,3,5,0,0.0,Moderately Old,1950.0,0,0,0,0,0,0,47,"28.3968° N, 77.0233° E",28.3968,77.0233
1855,flat,parsvnath exotica,sector 53,5.0,17271.0,3,4,3+,8.0,Moderately Old,2500.0,0,1,0,1,1,1,49,"28.4433° N, 77.0948° E",28.4433,77.0948
1856,flat,signature global solera,sector 107,0.37,6752.0,2,2,1,10.0,Moderately Old,496.0,0,0,0,0,0,0,73,"28.5052° N, 76.9729° E",28.5052,76.9729
1857,flat,orris aster court,sector 85,0.67,5826.0,2,2,2,5.0,Moderately Old,1250.0,0,0,0,0,1,1,174,"28.4042° N, 76.9513° E",28.4042,76.9513
1858,flat,shapoorji pallonji joyville gurugram,sector 102,1.05,11475.0,2,2,2,0.0,Moderately Old,1017.0,0,0,0,0,0,0,49,"28.4750° N, 76.9715° E",28.475,76.9715
1859,flat,smart world orchard,sector 61,1.55,13478.0,2,2,1,3.0,Under Construction,1041.0,1,0,0,0,0,0,43,"28.4050° N, 77.0963° E",28.405,77.0963
1860,flat,hsiidc sidco aravali,manesar,0.86,3323.0,3,3,3+,3.0,Moderately Old,1900.0,0,1,0,0,0,0,81,"28.3515° N, 76.9428° E",28.3515,76.9428
1861,house,international city by sobha phase 1,sector 109,5.85,26423.0,4,5,3+,2.0,Moderately Old,2214.0,0,1,0,0,0,1,85,"28.5073° N, 77.0089° E",28.5073,77.0089
1862,house,independent,sector 26,18.9,41833.0,6,8,2,3.0,Moderately Old,4518.0,1,1,1,1,0,1,120,"28.4757° N, 77.1032° E",28.4757,77.1032
1863,house,huda housing board colony,sector 31,4.6,31507.0,2,4,3+,3.0,Old Property,1460.0,0,0,0,0,1,0,8,"28.4528° N, 77.0498° E",28.4528,77.0498
1864,house,vatika independent floors,sector 82,1.4,8235.0,3,3,2,3.0,New Property,1700.0,0,0,0,1,0,0,61,"28.3935° N, 76.9600° E",28.3935,76.96
1865,flat,central park resorts,sector 48,5.15,20901.0,3,3,3+,8.0,Moderately Old,2364.0,0,1,0,0,0,2,53,"28.4177° N, 77.0359° E",28.4177,77.0359
1866,flat,shapoorji pallonji joyville gurugram,sector 102,1.42,10380.0,2,2,3,14.0,Moderately Old,1368.0,0,0,0,0,0,0,0,"28.4750° N, 76.9715° E",28.475,76.9715
1867,flat,shree vardhman victoria,sector 70,1.75,8204.0,3,5,3,7.0,New Property,1527.0,0,1,0,1,0,0,37,"28.3968° N, 77.0233° E",28.3968,77.0233
1868,flat,ss the leaf,sector 85,1.04,5974.0,2,3,3+,4.0,Moderately Old,1576.0,0,0,1,0,0,0,113,"28.4042° N, 76.9513° E",28.4042,76.9513
1869,house,unitech uniworld resorts,sector 33,8.0,11429.0,4,4,3+,2.0,Old Property,7000.0,1,1,1,1,0,0,77,"28.4420° N, 77.0207° E",28.442,77.0207
1870,flat,signature global city 92,sector 92,0.78,11143.0,2,2,3,2.0,Moderately Old,846.0,0,0,0,0,1,0,24,"28.4079° N, 76.9153° E",28.4079,76.9153
1871,flat,birla navya,sector 63a,2.2,17488.0,2,3,3+,4.0,Moderately Old,997.0,0,0,0,0,0,0,60,"28.3923° N, 77.0888° E",28.3923,77.0888
1872,flat,sbtl caladium,sector 109,1.26,6542.0,3,2,3,8.0,Moderately Old,1701.0,0,0,0,0,0,0,103,"28.5073° N, 77.0089° E",28.5073,77.0089
1873,flat,ardee city,sector 52,1.55,7381.0,4,4,3,1.0,Moderately Old,2100.0,0,0,0,0,0,0,0,"28.4379° N, 77.0785° E",28.4379,77.0785
1874,house,independent,sector 7,0.53,5889.0,2,2,0,1.0,Old Property,900.0,0,0,0,0,0,0,0,"28.4644° N, 77.0143° E",28.4644,77.0143
1875,flat,experion windchants,sector 112,4.75,12623.0,3,5,3+,4.0,Moderately Old,3405.0,0,1,0,0,0,1,42,"28.5189° N, 77.0183° E",28.5189,77.0183
1876,flat,dlf the ultima,sector 81,2.45,11492.0,3,3,2,9.0,Moderately Old,1800.0,0,1,0,0,0,1,174,"28.3867° N, 76.9485° E",28.3867,76.9485
1877,flat,experion windchants,sector 112,5.6,11551.0,4,6,3+,8.0,Moderately Old,3655.35,0,1,0,0,0,1,168,"28.5189° N, 77.0183° E",28.5189,77.0183
1878,house,independent,sector 46,3.6,24845.0,5,5,3+,3.0,Old Property,1449.0,0,1,0,0,0,1,75,"28.4374° N, 77.0586° E",28.4374,77.0586
1879,flat,tulip violet,sector 69,1.31,8518.0,3,3,2,12.0,Moderately Old,1392.0,0,0,0,1,0,1,174,"28.3966° N, 77.0341° E",28.3966,77.0341
1880,house,independent,sector 23,2.7,18621.0,5,5,2,3.0,Old Property,1450.0,0,0,0,0,0,1,17,"28.5121° N, 77.0478° E",28.5121,77.0478
1881,house,independent,sector 25,11.0,35530.0,5,5,3+,2.0,Moderately Old,3096.0,1,1,1,1,0,0,29,"28.4844° N, 77.0860° E",28.4844,77.086
1882,flat,emaar palm gardens,sector 83,1.76,9263.0,3,3,3,5.0,Moderately Old,1600.0,0,1,0,0,0,1,174,"28.3986° N, 76.9647° E",28.3986,76.9647
1883,flat,dlf express greens,manesar,1.6,6809.0,4,6,3+,4.0,Moderately Old,2611.0,1,1,0,1,0,0,49,"28.3515° N, 76.9428° E",28.3515,76.9428
1884,flat,ireo the corridors,sector 67a,2.0,11429.0,3,3,3,12.0,New Property,1584.0,1,0,0,0,0,0,38,"28.3960° N, 77.0372° E",28.396,77.0372
1885,flat,alpha corp gurgaonone,sector 84,2.24,6523.0,4,4,3,12.0,Moderately Old,3165.0,0,1,0,0,0,0,20,"28.3979° N, 76.9736° E",28.3979,76.9736
1886,flat,rof ananda,sector 95,0.26,6842.0,1,1,1,8.0,New Property,422.0,0,0,0,0,0,0,49,"28.4172° N, 76.9081° E",28.4172,76.9081
1887,house,dlf pink town house,sector 24,1.9,3786.0,10,9,3+,3.0,Moderately Old,5018.0,0,0,0,0,1,2,29,"28.4939° N, 77.1038° E",28.4939,77.1038
1888,flat,godrej habitat,sector 3,1.1,10407.0,2,2,2,14.0,Under Construction,956.0,0,0,0,0,0,0,60,"28.4909° N, 77.0176° E",28.4909,77.0176
1889,flat,smart world orchard,sector 61,1.85,14800.0,2,2,2,3.0,New Property,1389.0,0,0,0,0,0,0,44,"28.4050° N, 77.0963° E",28.405,77.0963
1890,house,spaze privy,sector 72,3.1,8486.0,5,5,3+,21.0,Moderately Old,3653.0,0,0,0,0,0,0,0,"28.4225° N, 77.0211° E",28.4225,77.0211
1891,flat,raheja vedaanta,sector 108,0.7,4667.0,2,2,1,10.0,Moderately Old,1468.0,0,0,0,0,0,0,0,"28.5134° N, 76.9830° E",28.5134,76.983
1892,flat,ss the leaf,sector 85,1.65,6852.0,3,4,3,9.0,New Property,2179.0,0,0,0,1,0,0,21,"28.4042° N, 76.9513° E",28.4042,76.9513
1893,house,row house,sector 105,0.43,9130.0,3,3,3,2.0,Moderately Old,1050.0,0,0,0,0,0,0,0,"28.4952° N, 77.0114° E",28.4952,77.0114
1894,flat,pivotal devaan,sector 84,0.36,7595.0,2,2,1,9.0,Moderately Old,531.0,0,0,1,0,0,2,80,"28.3979° N, 76.9736° E",28.3979,76.9736
1895,house,independent,sector 7,0.69,9103.0,1,1,1,2.0,Old Property,758.0,0,0,0,0,0,0,0,"28.4644° N, 77.0143° E",28.4644,77.0143
1896,flat,sare green parc 2,sector 92,1.07,5245.0,4,3,3,10.0,Under Construction,2040.0,1,1,0,0,0,0,86,"28.4079° N, 76.9153° E",28.4079,76.9153
1897,flat,ansal housing highland park,sector 103,0.8,5878.0,2,2,3,3.0,New Property,1089.0,0,0,0,1,0,0,174,"28.4949° N, 76.9845° E",28.4949,76.9845
1898,flat,sare crescent parc,sector 92,0.66,4977.0,3,2,2,15.0,Moderately Old,1473.0,0,0,0,0,0,2,44,"28.4079° N, 76.9153° E",28.4079,76.9153
1899,flat,tulip violet,sector 69,1.55,9823.0,3,3,2,9.0,Moderately Old,1428.0,0,0,0,1,0,1,165,"28.3966° N, 77.0341° E",28.3966,77.0341
1900,flat,ss the coralwood,sector 84,1.1,4857.0,3,3,2,9.0,Moderately Old,1584.0,0,0,0,0,0,0,75,"28.3979° N, 76.9736° E",28.3979,76.9736
1901,flat,tulip yellow,sector 69,1.8,10563.0,3,3,3,14.0,Moderately Old,1893.0,0,0,0,0,0,0,49,"28.3966° N, 77.0341° E",28.3966,77.0341
1902,flat,emaar digihomes,sector 62,2.1,13926.0,2,2,3,12.0,New Property,1500.0,0,0,0,0,1,1,49,"28.4139° N, 77.0886° E",28.4139,77.0886
1903,flat,ss the leaf,sector 85,1.93,8075.0,3,4,3,7.0,Moderately Old,2400.0,0,1,0,0,0,0,174,"28.4042° N, 76.9513° E",28.4042,76.9513
1904,flat,gls avenue 51,sector 92,0.45,7614.0,2,2,1,10.0,New Property,646.0,1,0,0,0,0,1,20,"28.4079° N, 76.9153° E",28.4079,76.9153
1905,house,sushant lok 1 builder floors,sector 43,6.25,30728.0,7,7,3+,3.0,Old Property,2034.0,1,1,1,0,0,0,46,"28.4629° N, 77.0772° E",28.4629,77.0772
1906,flat,dlf new town heights,sector 90,1.25,6504.0,3,3,3+,5.0,Moderately Old,1929.0,0,1,0,1,0,0,127,"28.4085° N, 76.9369° E",28.4085,76.9369
1907,flat,shapoorji pallonji joyville gurugram,sector 102,2.5,13998.0,3,3,3,15.0,Moderately Old,1653.0,0,0,0,0,0,0,151,"28.4750° N, 76.9715° E",28.475,76.9715
1908,flat,pyramid urban,sector 67a,0.6,8571.0,2,2,2,14.0,New Property,633.0,0,0,0,0,0,0,15,"28.3960° N, 77.0372° E",28.396,77.0372
1909,flat,chd avenue,sector 71,1.16,6655.0,3,3,3,5.0,Moderately Old,1577.0,0,1,0,0,0,1,73,"28.4104° N, 77.0281° E",28.4104,77.0281
1910,house,independent,sector 7,1.0,8818.0,2,2,0,0.0,Old Property,126.0,1,0,0,0,0,0,7,"28.4644° N, 77.0143° E",28.4644,77.0143
1911,flat,dlf regal gardens,sector 90,1.15,6326.0,3,3,3+,18.0,Moderately Old,1645.0,0,0,0,1,0,1,130,"28.4085° N, 76.9369° E",28.4085,76.9369
1912,flat,godrej,sector 79,1.47,16261.0,2,2,3,9.0,New Property,93.0,1,0,0,0,0,0,99,"28.3624° N, 76.9787° E",28.3624,76.9787
1913,flat,ramprastha the edge towers,sector 37d,0.8,8889.0,2,2,3,10.0,Moderately Old,1310.0,0,0,0,0,1,0,166,"28.4478° N, 76.9703° E",28.4478,76.9703
1914,flat,tulip purple,sector 69,1.92,8000.0,4,5,3+,5.0,Moderately Old,2172.0,0,1,0,0,0,1,158,"28.3966° N, 77.0341° E",28.3966,77.0341
1915,flat,signature global city,sector 37d,1.0,8163.0,3,3,3,4.0,Moderately Old,1250.0,0,0,0,0,0,0,49,"28.4478° N, 76.9703° E",28.4478,76.9703
1916,flat,shree vardhman victoria,sector 70,1.65,8462.0,3,5,3,6.0,Moderately Old,1527.0,0,1,0,1,0,0,167,"28.3968° N, 77.0233° E",28.3968,77.0233
1917,flat,suncity vatsal valley,gwal pahari,1.45,10140.0,3,3,3,4.0,Under Construction,1430.0,0,0,0,0,0,0,49,"28.4484° N, 77.0210° E",28.4484,77.021
1918,house,international city by sobha phase 2,sector 109,12.5,26670.0,5,6,3,3.0,Moderately Old,4500.0,1,1,1,1,0,0,63,"28.5073° N, 77.0089° E",28.5073,77.0089
1919,flat,bestech park view residency,sector 2,1.5,7825.0,3,4,3+,10.0,Moderately Old,1738.0,0,1,0,0,0,0,93,"28.5095° N, 77.0320° E",28.5095,77.032
1920,flat,tata primanti,sector 72,3.5,11427.0,4,5,3+,16.0,Moderately Old,2625.0,0,1,0,0,1,0,31,"28.4225° N, 77.0211° E",28.4225,77.0211
1921,flat,godrej oasis,sector 88a,1.5,8108.0,3,3,2,3.0,Moderately Old,2056.0,0,0,0,0,0,0,47,"28.4347° N, 76.9557° E",28.4347,76.9557
1922,house,independent,sector 26,4.5,33333.0,3,3,2,2.0,Old Property,1350.0,0,0,0,1,0,1,58,"28.4757° N, 77.1032° E",28.4757,77.1032
1923,flat,alpha corp gurgaonone,sector 84,1.2,9449.0,2,2,1,6.0,Moderately Old,1149.0,0,0,0,0,0,0,13,"28.3979° N, 76.9736° E",28.3979,76.9736
1924,flat,godrej frontier,sector 80,1.1,5705.0,3,3,3,8.0,Moderately Old,1580.0,0,1,0,0,0,0,111,"28.3659° N, 76.9557° E",28.3659,76.9557
1925,flat,unitech heritage city,sector 14,4.26,13108.0,4,4,0,9.0,Old Property,3250.0,0,0,0,0,0,0,0,"28.4711° N, 77.0454° E",28.4711,77.0454
1926,flat,dlf new town heights,sector 90,1.9,5684.0,4,4,3+,7.0,Moderately Old,2468.0,0,1,0,1,0,0,88,"28.4085° N, 76.9369° E",28.4085,76.9369
1927,flat,godrej nature plus,sector 33,1.08,13123.0,2,2,3,8.0,Moderately Old,85.0,0,0,0,0,0,0,56,"28.4420° N, 77.0207° E",28.442,77.0207
1928,flat,m3m skywalk,sector 74,1.57,11002.0,2,2,3+,10.0,Moderately Old,1300.0,0,0,0,0,1,0,137,"28.4158° N, 77.0118° E",28.4158,77.0118
1929,flat,signature andour heights,sector 71,0.37,8222.0,1,1,2,2.0,Moderately Old,450.0,0,0,0,0,0,0,65,"28.4104° N, 77.0281° E",28.4104,77.0281
1930,flat,mapsko royale ville,sector 82,0.97,5419.0,3,4,2,16.0,Moderately Old,1620.0,0,1,0,0,0,0,95,"28.3935° N, 76.9600° E",28.3935,76.96
1931,flat,madhur jeevan apartments,sector 56,1.59,8595.0,4,3,3+,3.0,Old Property,1900.0,0,0,0,0,1,1,33,"28.4245° N, 77.0991° E",28.4245,77.0991
1932,flat,m3m sierra 68,sector 68,1.05,8537.0,2,2,2,11.0,New Property,1200.0,0,0,0,0,0,1,127,"28.3853° N, 77.0484° E",28.3853,77.0484
1933,flat,sare green parc phase 3,sector 92,1.1,6875.0,4,3,2,12.0,New Property,1778.0,0,0,0,0,0,0,15,"28.4079° N, 76.9153° E",28.4079,76.9153
1934,flat,ild grand,sector 37c,1.2,6593.0,3,3,3,7.0,Moderately Old,1647.0,0,0,0,0,0,0,24,"28.4515° N, 76.9882° E",28.4515,76.9882
1935,flat,emaar mgf emerald floors premier,sector 65,2.79,14127.0,4,4,3+,2.0,Moderately Old,2194.0,1,1,0,0,0,2,174,"28.4030° N, 77.0690° E",28.403,77.069
1936,flat,m3m soulitude,sector 89,1.0,9066.0,2,2,2,2.0,New Property,1226.0,1,0,0,0,0,0,49,"28.4253° N, 76.9439° E",28.4253,76.9439
1937,house,independent,sector 26,13.5,29880.0,5,5,3+,2.0,Moderately Old,4518.0,1,1,0,1,1,2,49,"28.4757° N, 77.1032° E",28.4757,77.1032
1938,flat,umang winter hills,sector 77,0.75,5589.0,2,2,2,8.0,Moderately Old,1140.0,0,0,1,0,0,1,102,"28.3801° N, 76.9845° E",28.3801,76.9845
1939,flat,la vida by tata housing,sector 113,2.35,13352.0,3,4,3,3.0,Moderately Old,1930.0,0,1,0,0,0,0,174,"28.5287° N, 77.0233° E",28.5287,77.0233
1940,house,nul,sector 25,6.25,34722.0,5,5,3,2.0,Old Property,1800.0,0,1,0,1,0,1,112,"28.4844° N, 77.0860° E",28.4844,77.086
1941,house,independent,sector 23,5.5,13095.0,9,9,3+,3.0,Old Property,4200.0,0,1,0,0,1,1,0,"28.5121° N, 77.0478° E",28.5121,77.0478
1942,flat,m3m soulitude,sector 89,1.3,8701.0,3,3,2,1.0,New Property,1179.0,0,0,0,0,1,0,45,"28.4253° N, 76.9439° E",28.4253,76.9439
1943,house,independent,sector 26,23.0,25556.0,4,4,3+,2.0,Moderately Old,9000.0,1,1,1,1,0,1,145,"28.4757° N, 77.1032° E",28.4757,77.1032
1944,flat,ats tourmaline,sector 109,1.4,8000.0,3,3,3+,9.0,Moderately Old,1584.0,0,0,0,0,0,0,95,"28.5073° N, 77.0089° E",28.5073,77.0089
1945,flat,godrej oasis,sector 88a,1.29,7799.0,3,3,3,5.0,New Property,1642.0,1,0,0,0,1,0,65,"28.4347° N, 76.9557° E",28.4347,76.9557
1946,flat,pyramid elite,sector 86,0.45,7745.0,2,2,1,4.0,Moderately Old,646.0,0,0,0,0,0,0,66,"28.3986° N, 76.9384° E",28.3986,76.9384
1947,flat,la vida by tata housing,sector 113,2.85,12855.0,3,3,3+,10.0,New Property,2006.0,0,1,0,0,0,0,72,"28.5287° N, 77.0233° E",28.5287,77.0233
1948,house,ansal florence super,sector 57,3.75,23148.0,3,4,3,2.0,Old Property,333.0,1,1,1,0,0,1,38,"28.4232° N, 77.0752° E",28.4232,77.0752
1949,flat,the close north,sector 50,2.75,12500.0,3,3,3,3.0,Moderately Old,2400.0,0,1,0,0,0,0,110,"28.4178° N, 77.0628° E",28.4178,77.0628
1950,flat,chd avenue,sector 71,0.98,6049.0,3,3,3,0.0,Moderately Old,1466.0,1,0,0,0,0,0,65,"28.4104° N, 77.0281° E",28.4104,77.0281
1951,house,independent,sector 3,0.9,8929.0,3,3,0,2.0,Old Property,112.0,0,0,0,0,0,0,0,"28.4909° N, 77.0176° E",28.4909,77.0176
1952,flat,jmd gardens,sector 33,3.25,7509.0,4,4,3+,17.0,Old Property,4809.0,0,1,0,0,0,1,130,"28.4420° N, 77.0207° E",28.442,77.0207
1953,flat,raheja navodaya,sector 92,0.62,4806.0,2,2,2,5.0,New Property,1498.0,0,0,0,0,0,0,0,"28.4079° N, 76.9153° E",28.4079,76.9153
1954,flat,ambience lagoon,sector 24,5.8,12500.0,3,4,3+,9.0,Old Property,3700.0,1,1,0,1,1,2,68,"28.4939° N, 77.1038° E",28.4939,77.1038
1955,flat,dlf the skycourt,sector 86,1.5,7895.0,3,3,1,16.0,Moderately Old,1719.0,0,0,0,0,1,0,49,"28.3986° N, 76.9384° E",28.3986,76.9384
1956,flat,signature global park 4,sector 36,0.82,7586.0,3,2,3,2.0,New Property,1201.0,0,0,0,0,0,0,24,"28.4160° N, 76.9914° E",28.416,76.9914
1957,flat,paras dews,sector 106,1.14,6000.0,3,4,3,8.0,Moderately Old,1305.0,1,1,0,0,0,0,49,"28.5007° N, 77.0003° E",28.5007,77.0003
1958,flat,smart world orchard,sector 61,2.5,16139.0,3,3,1,1.0,Moderately Old,1549.0,0,0,0,0,0,0,61,"28.4050° N, 77.0963° E",28.405,77.0963
1959,flat,ireo the grand arch,sector 58,2.2,16000.0,2,2,2,6.0,Moderately Old,1244.0,0,0,0,0,0,0,42,"28.4200° N, 77.1105° E",28.42,77.1105
1960,flat,shree vardhman flora,sector 90,1.0,5128.0,3,4,3,8.0,New Property,1765.0,0,1,0,0,0,0,95,"28.4085° N, 76.9369° E",28.4085,76.9369
1961,flat,pioneer park,sector 61,3.6,12627.0,4,4,3,3.0,Moderately Old,2580.0,0,1,0,0,0,1,121,"28.4050° N, 77.0963° E",28.405,77.0963
1962,flat,ireo victory valley,sector 67,3.65,13529.0,3,4,3+,18.0,Moderately Old,2490.0,0,1,0,1,0,1,61,"28.3859° N, 77.0608° E",28.3859,77.0608
1963,flat,the castle society,sector 56,2.0,8696.0,4,4,2,4.0,Under Construction,2081.0,0,0,0,0,0,0,0,"28.4245° N, 77.0991° E",28.4245,77.0991
1964,flat,godrej nature plus,sector 33,1.75,8768.0,3,3,0,2.0,Moderately Old,1996.0,0,0,0,0,0,0,56,"28.4420° N, 77.0207° E",28.442,77.0207
1965,flat,hero homes,sector 104,1.75,10361.0,3,3,3,2.0,Moderately Old,1529.0,0,0,0,0,0,0,30,"28.4788° N, 76.9960° E",28.4788,76.996
1966,flat,chd avenue,sector 71,1.1,6104.0,3,4,3,3.0,Moderately Old,1631.0,0,1,0,0,0,0,26,"28.4104° N, 77.0281° E",28.4104,77.0281
1967,flat,signature global city 81,sector 81,0.96,9766.0,2,2,2,1.0,Moderately Old,1194.0,0,0,0,0,0,0,49,"28.3867° N, 76.9485° E",28.3867,76.9485
1968,flat,dlf carlton estate,sector 43,2.0,14215.0,3,3,2,5.0,Moderately Old,1273.0,0,0,0,0,0,0,65,"28.4629° N, 77.0772° E",28.4629,77.0772
1969,flat,m3m woodshire,sector 107,1.35,5718.0,3,4,3+,8.0,Moderately Old,1950.0,0,1,0,0,0,1,74,"28.5052° N, 76.9729° E",28.5052,76.9729
1970,flat,ild greens,sector 37c,0.78,5714.0,2,2,3,1.0,Moderately Old,1068.1,0,0,0,0,0,1,103,"28.4515° N, 76.9882° E",28.4515,76.9882
1971,house,independent,sector 25,10.0,37037.0,5,6,3,3.0,Old Property,2700.0,0,1,1,0,0,1,64,"28.4844° N, 77.0860° E",28.4844,77.086
1972,flat,emaar digihomes,sector 62,4.25,26562.0,3,3,3,8.0,Under Construction,1778.0,1,0,0,0,0,0,16,"28.4139° N, 77.0886° E",28.4139,77.0886
1973,flat,dlf new town heights,sector 86,1.3,6736.0,3,3,3,12.0,Moderately Old,1747.0,0,1,0,1,0,0,106,"28.3986° N, 76.9384° E",28.3986,76.9384
1974,flat,dhoot time residency,sector 63,2.2,12813.0,3,4,3+,8.0,New Property,1554.0,1,0,0,0,0,1,61,"28.3971° N, 77.0867° E",28.3971,77.0867
1975,flat,orchid petals,sector 49,4.21,11836.0,5,6,3+,14.0,Moderately Old,3219.0,0,1,0,1,0,0,35,"28.4121° N, 77.0480° E",28.4121,77.048
1976,flat,m3m heights,sector 65,3.67,17990.0,3,3,2,27.0,Moderately Old,1846.0,0,1,0,0,0,0,43,"28.4030° N, 77.0690° E",28.403,77.069
1977,flat,dlf the ultima,sector 81,2.3,10994.0,3,4,3+,6.0,New Property,1893.0,0,1,0,0,0,2,167,"28.3867° N, 76.9485° E",28.3867,76.9485
1978,flat,sare crescent parc,sector 92,0.49,4910.0,2,2,2,2.0,Moderately Old,1109.0,0,0,0,0,0,0,96,"28.4079° N, 76.9153° E",28.4079,76.9153
1979,flat,vatika lifestyle homes,sector 83,1.3,4545.0,3,3,1,6.0,Moderately Old,2588.0,0,0,0,0,0,0,79,"28.3986° N, 76.9647° E",28.3986,76.9647
1980,flat,indiabulls enigma,sector 110,3.4,10000.0,4,5,3,10.0,Moderately Old,3000.0,0,1,0,0,0,0,152,"28.5145° N, 77.0197° E",28.5145,77.0197
1981,flat,ireo skyon,sector 60,2.5,16129.0,2,3,2,4.0,Moderately Old,1403.0,1,0,0,0,0,0,100,"28.4003° N, 77.0975° E",28.4003,77.0975
1982,flat,godrej nature plus,sector 33,1.65,14335.0,2,2,3,1.0,Under Construction,1279.0,0,0,0,0,0,0,38,"28.4420° N, 77.0207° E",28.442,77.0207
1983,flat,umang winter hills,sector 77,1.4,6341.0,3,3,3,10.0,Moderately Old,1735.0,0,0,0,0,0,0,28,"28.3801° N, 76.9845° E",28.3801,76.9845
1984,flat,shapoorji pallonji joyville gurugram,sector 102,2.12,16960.0,3,3,3,9.0,Moderately Old,1852.0,0,0,0,0,0,0,72,"28.4750° N, 76.9715° E",28.475,76.9715
1985,flat,antriksh heights,sector 84,0.88,4822.0,3,3,3,16.0,Moderately Old,1652.0,0,0,0,1,0,0,67,"28.3979° N, 76.9736° E",28.3979,76.9736
1986,house,independent,sector 25,10.5,29022.0,5,5,3,3.0,Old Property,3618.0,1,1,0,1,0,0,42,"28.4844° N, 77.0860° E",28.4844,77.086
1987,house,independent,sector 67,1.5,8641.0,5,3,2,2.0,New Property,200.0,0,0,0,0,0,0,0,"28.3859° N, 77.0608° E",28.3859,77.0608
1988,flat,dlf the skycourt,sector 86,1.55,8035.0,3,3,3+,12.0,Moderately Old,1500.0,0,0,0,0,1,2,166,"28.3986° N, 76.9384° E",28.3986,76.9384
1989,flat,smart world orchard,sector 61,2.45,15796.0,3,3,3,3.0,New Property,1223.0,1,1,0,0,0,0,119,"28.4050° N, 77.0963° E",28.405,77.0963
1990,flat,antriksh heights,sector 84,0.9,4932.0,3,3,3,11.0,Moderately Old,1652.0,0,0,0,0,0,0,87,"28.3979° N, 76.9736° E",28.3979,76.9736
1991,house,independent,sector 3,0.37,7923.0,1,1,1,1.0,Moderately Old,480.0,0,0,0,0,0,0,0,"28.4909° N, 77.0176° E",28.4909,77.0176
1992,flat,vatika lifestyle homes,sector 83,1.15,8214.0,3,3,1,7.0,Moderately Old,1607.0,0,0,0,0,0,1,95,"28.3986° N, 76.9647° E",28.3986,76.9647
1993,flat,vipul world floors,sector 48,4.3,13871.0,4,5,3+,4.0,New Property,3444.0,1,1,0,1,0,0,88,"28.4177° N, 77.0359° E",28.4177,77.0359
1994,house,independent,sector 26,19.0,42222.0,6,8,3+,3.0,Old Property,4500.0,1,1,1,1,0,1,103,"28.4757° N, 77.1032° E",28.4757,77.1032
1995,flat,vatika india next,sector 82,0.8,6426.0,2,2,3,9.0,Moderately Old,1383.0,0,0,0,0,0,0,0,"28.3935° N, 76.9600° E",28.3935,76.96
1996,flat,umang winter hills,sector 77,1.1,5296.0,3,4,3+,9.0,Moderately Old,1829.0,0,1,0,0,0,0,49,"28.3801° N, 76.9845° E",28.3801,76.9845
1997,flat,smart world gems,sector 89,0.95,8597.0,2,2,2,4.0,New Property,1226.0,1,1,0,0,0,0,38,"28.4253° N, 76.9439° E",28.4253,76.9439
1998,flat,ss the leaf,sector 85,1.85,6579.0,4,5,3+,1.0,Moderately Old,2545.0,0,0,0,0,0,0,95,"28.4042° N, 76.9513° E",28.4042,76.9513
1999,house,independent,sector 55,5.0,44444.0,2,9,3+,5.0,New Property,115.0,0,0,0,0,1,1,44,"28.4281° N, 77.1100° E",28.4281,77.11
2000,flat,tulip violet,sector 69,1.4,9103.0,3,3,1,12.0,Moderately Old,1392.0,0,0,0,0,0,1,157,"28.3966° N, 77.0341° E",28.3966,77.0341
2001,flat,indiabulls enigma,sector 110,3.49,10265.0,4,5,3,7.0,Moderately Old,3077.0,0,1,0,0,0,0,165,"28.5145° N, 77.0197° E",28.5145,77.0197
2002,flat,the close north,sector 50,2.92,11209.0,3,3,3,10.0,Moderately Old,2600.0,0,1,0,0,0,1,174,"28.4178° N, 77.0628° E",28.4178,77.0628
2003,flat,smart world orchard,sector 61,1.5,12500.0,2,2,2,2.0,Under Construction,1333.0,1,0,0,0,0,0,49,"28.4050° N, 77.0963° E",28.405,77.0963
2004,flat,godrej aria,sector 79,1.45,9062.0,2,2,3+,9.0,Moderately Old,1494.0,1,0,0,0,0,0,113,"28.3624° N, 76.9787° E",28.3624,76.9787
2005,flat,prasha apartments,manesar,0.75,3308.0,3,3,3+,3.0,Moderately Old,1914.0,0,1,0,0,0,0,31,"28.3515° N, 76.9428° E",28.3515,76.9428
2006,house,unitech uniworld resorts,sector 33,8.0,17778.0,6,5,3+,4.0,Moderately Old,500.0,0,0,0,0,0,0,0,"28.4420° N, 77.0207° E",28.442,77.0207
2007,flat,ss the leaf,sector 85,1.58,7715.0,3,4,3,8.0,Moderately Old,2227.0,0,1,0,0,0,0,159,"28.4042° N, 76.9513° E",28.4042,76.9513
2008,flat,umang monsoon breeze,sector 78,0.75,6053.0,2,2,1,5.0,Moderately Old,1239.0,0,0,0,0,0,0,0,"28.3733° N, 76.9729° E",28.3733,76.9729
2009,flat,zara aavaas,sector 104,0.22,7309.0,1,2,2,2.0,New Property,335.0,0,0,0,0,0,0,60,"28.4788° N, 76.9960° E",28.4788,76.996
2010,flat,shree vardhman flora,sector 90,0.7,5178.0,2,3,2,7.0,Moderately Old,1502.0,1,0,0,0,0,1,49,"28.4085° N, 76.9369° E",28.4085,76.9369
2011,flat,assotech blith,sector 99,0.82,6007.0,2,2,3,0.0,New Property,1365.0,0,0,0,0,0,0,51,"28.4640° N, 76.9614° E",28.464,76.9614
2012,flat,signature andour heights,sector 71,0.55,8607.0,2,2,1,7.0,Moderately Old,600.0,0,0,0,0,0,1,24,"28.4104° N, 77.0281° E",28.4104,77.0281
2013,flat,signature global city 81,sector 81,0.89,8279.0,2,2,2,3.0,Moderately Old,1194.0,0,0,0,0,1,0,20,"28.3867° N, 76.9485° E",28.3867,76.9485
2014,flat,sare homes,sector 92,0.8,5253.0,3,3,3,7.0,Moderately Old,1692.0,1,0,0,0,0,1,80,"28.4079° N, 76.9153° E",28.4079,76.9153
2015,house,independent,sector 14,3.5,18088.0,6,4,2,2.0,Old Property,214.0,0,0,0,0,1,1,27,"28.4711° N, 77.0454° E",28.4711,77.0454
2016,house,satya the legend,sector 57,9.25,16577.0,5,5,3+,4.0,Moderately Old,630.0,1,1,1,1,0,1,160,"28.4232° N, 77.0752° E",28.4232,77.0752
2017,flat,signature global park 4,sector 36,0.85,11333.0,3,2,3,1.0,New Property,833.0,0,0,0,0,0,0,33,"28.4160° N, 76.9914° E",28.416,76.9914
2018,flat,paras dews,sector 106,1.42,6030.0,4,6,3+,11.0,Moderately Old,2131.0,0,1,0,0,0,0,143,"28.5007° N, 77.0003° E",28.5007,77.0003
2019,flat,emaar mgf the palm drive,sector 66,4.6,18400.0,3,3,3,11.0,Moderately Old,2882.0,1,1,1,1,0,0,131,"28.3925° N, 77.0541° E",28.3925,77.0541
2020,flat,bestech park view grand spa,sector 81,4.5,10714.0,4,6,3+,17.0,Moderately Old,3801.0,0,1,0,0,0,1,44,"28.3867° N, 76.9485° E",28.3867,76.9485
2021,flat,zara aavaas,sector 104,0.2,6645.0,1,1,1,3.0,Moderately Old,301.0,0,0,0,0,0,0,67,"28.4788° N, 76.9960° E",28.4788,76.996
2022,flat,smart world gems,sector 89,1.0,9033.0,2,2,2,1.0,Under Construction,1230.0,1,0,0,0,0,0,38,"28.4253° N, 76.9439° E",28.4253,76.9439
2023,flat,dlf express greens,manesar,1.2,6504.0,3,4,2,5.0,Moderately Old,1670.0,0,1,0,0,1,0,43,"28.3515° N, 76.9428° E",28.3515,76.9428
2024,flat,dlf new town heights,sector 90,1.42,4865.0,4,4,3+,8.0,Moderately Old,2139.0,0,1,1,0,0,0,31,"28.4085° N, 76.9369° E",28.4085,76.9369
2025,flat,sare crescent parc,sector 92,0.65,4597.0,3,3,3,3.0,Moderately Old,1571.0,0,0,0,0,0,0,44,"28.4079° N, 76.9153° E",28.4079,76.9153
2026,flat,puri emerald bay,sector 104,1.59,10905.0,2,2,2,12.0,Moderately Old,1403.0,0,0,0,0,0,0,121,"28.4788° N, 76.9960° E",28.4788,76.996
2027,flat,green court,sector 90,0.5,8333.0,2,2,1,8.0,New Property,650.0,0,0,0,0,0,0,42,"28.4085° N, 76.9369° E",28.4085,76.9369
2028,flat,ramprastha the edge towers,sector 37d,0.98,5537.0,3,3,3+,5.0,Moderately Old,1675.0,0,0,0,1,0,0,174,"28.4478° N, 76.9703° E",28.4478,76.9703
2029,flat,shapoorji pallonji joyville,sector 102,1.1,12022.0,2,2,1,7.0,Moderately Old,915.0,0,0,0,0,0,0,0,"28.4750° N, 76.9715° E",28.475,76.9715
2030,house,ansal sushant lok plots,sector 43,7.0,25926.0,5,5,3+,3.0,Moderately Old,2700.0,1,1,0,1,0,1,41,"28.4629° N, 77.0772° E",28.4629,77.0772
2031,flat,sagar apartment,sector 56,1.45,7250.0,3,3,3+,7.0,Old Property,1900.0,1,1,0,1,1,0,166,"28.4245° N, 77.0991° E",28.4245,77.0991
2032,flat,godrej summit,sector 104,0.85,5878.0,2,2,3+,10.0,Moderately Old,1269.0,1,0,0,0,0,0,79,"28.4788° N, 76.9960° E",28.4788,76.996
2033,flat,adani aangan arcade,sector 88a,0.45,7200.0,2,2,1,3.0,New Property,694.0,0,0,0,0,0,0,14,"28.4347° N, 76.9557° E",28.4347,76.9557
2034,flat,experion the heartsong,sector 108,1.6,7988.0,3,4,3+,3.0,Moderately Old,1500.29,0,1,0,0,0,1,60,"28.5134° N, 76.9830° E",28.5134,76.983
2035,house,independent,sector 28,10.5,32407.0,5,6,3+,3.0,New Property,3240.0,1,1,0,1,0,1,153,"28.4728° N, 77.0865° E",28.4728,77.0865
2036,house,independent,sector 4,0.55,4074.0,3,3,2,2.0,Moderately Old,1350.0,0,0,0,0,1,0,7,"28.4738° N, 77.0107° E",28.4738,77.0107
2037,flat,mapsko casa bella,sector 82,1.38,5444.0,4,5,3+,20.0,Moderately Old,2294.0,0,1,0,0,0,0,79,"28.3935° N, 76.9600° E",28.3935,76.96
2038,flat,raheja atharva,sector 109,1.6,5319.0,4,1,0,0.0,New Property,3008.0,0,0,0,0,0,0,0,"28.5073° N, 77.0089° E",28.5073,77.0089
2039,flat,unitech vistas,sector 70,0.53,4801.0,2,2,2,9.0,Moderately Old,991.0,0,0,0,0,1,0,24,"28.3968° N, 77.0233° E",28.3968,77.0233
2040,flat,shapoorji pallonji joyville gurugram,sector 102,2.0,10799.0,3,3,3,9.0,Moderately Old,1676.0,0,0,0,0,0,0,49,"28.4750° N, 76.9715° E",28.475,76.9715
2041,house,smart world gems,sector 89,1.25,8784.0,3,3,2,1.0,Under Construction,1423.0,1,0,0,0,1,0,45,"28.4253° N, 76.9439° E",28.4253,76.9439
2042,flat,bestech park view residency,sector 2,0.98,6262.0,2,2,3,14.0,Moderately Old,1416.0,1,0,0,0,0,0,92,"28.5095° N, 77.0320° E",28.5095,77.032
2043,flat,m3m golfestate,sector 65,6.15,18287.0,3,3,3,23.0,Moderately Old,3027.0,1,1,0,0,0,1,60,"28.4030° N, 77.0690° E",28.403,77.069
2044,flat,mapsko mount ville,sector 79,1.3,8025.0,3,3,2,6.0,Moderately Old,1215.0,1,0,0,1,0,0,151,"28.3624° N, 76.9787° E",28.3624,76.9787
2045,flat,dlf the ultima,sector 81,2.5,11726.0,3,3,2,20.0,Moderately Old,1700.0,0,1,0,0,0,2,174,"28.3867° N, 76.9485° E",28.3867,76.9485
2046,flat,godrej nature plus,sector 33,1.35,8671.0,3,2,3+,17.0,New Property,1409.0,0,0,0,0,0,0,38,"28.4420° N, 77.0207° E",28.442,77.0207
2047,house,independent,sector 47,5.15,26615.0,3,9,3+,3.0,Moderately Old,1935.0,0,0,1,0,0,1,75,"28.4276° N, 77.0492° E",28.4276,77.0492
2048,house,ansal sushant lok 2,sector 56,3.4,22222.0,6,6,3+,2.0,Old Property,1530.0,0,0,0,0,0,1,29,"28.4245° N, 77.0991° E",28.4245,77.0991
2049,house,independent,sector 9,0.35,9722.0,2,2,1,2.0,Old Property,360.0,0,0,0,0,0,0,0,"28.4603° N, 77.0000° E",28.4603,77.0
2050,flat,mapsko mount ville,sector 79,1.1,12731.0,3,3,3,22.0,Moderately Old,1154.0,1,0,0,1,0,0,135,"28.3624° N, 76.9787° E",28.3624,76.9787
2051,house,independent,sector 49,4.45,15451.0,6,6,3,3.0,Old Property,2880.0,1,1,1,1,0,2,152,"28.4121° N, 77.0480° E",28.4121,77.048
2052,flat,m3m woodshire,sector 107,0.88,6442.0,2,2,3+,3.0,Moderately Old,1236.0,0,0,0,0,0,0,99,"28.5052° N, 76.9729° E",28.5052,76.9729
2053,flat,tulip violet,sector 69,3.05,9664.0,4,5,3+,14.0,Moderately Old,2856.0,0,1,0,0,1,0,49,"28.3966° N, 77.0341° E",28.3966,77.0341
2054,house,independent,sector 26,4.5,33333.0,5,5,3+,2.0,Old Property,1350.0,0,0,0,0,0,0,7,"28.4757° N, 77.1032° E",28.4757,77.1032
2055,flat,ss the leaf,sector 85,2.0,11869.0,3,4,3,5.0,Moderately Old,2026.0,0,1,0,0,0,0,156,"28.4042° N, 76.9513° E",28.4042,76.9513
2056,flat,ansal api esencia,sector 67,1.0,6435.0,3,3,3+,2.0,Moderately Old,1406.0,0,0,0,0,0,0,9,"28.3859° N, 77.0608° E",28.3859,77.0608
2057,flat,smart world orchard,sector 61,1.6,13913.0,2,2,2,3.0,New Property,1278.0,1,0,0,0,0,0,122,"28.4050° N, 77.0963° E",28.405,77.0963
2058,house,independent,sector 12,1.0,8230.0,3,7,3+,3.0,Old Property,3750.0,0,0,1,1,0,0,7,"28.4723° N, 77.0320° E",28.4723,77.032
2059,flat,vatika independent floors,sector 82,0.67,5826.0,2,2,3,2.0,Moderately Old,1150.0,0,0,0,0,0,0,53,"28.3935° N, 76.9600° E",28.3935,76.96
2060,house,independent,sector 3,0.6,6000.0,1,1,0,1.0,Old Property,1000.0,0,0,0,0,0,0,0,"28.4909° N, 77.0176° E",28.4909,77.0176
2061,flat,mapsko royale ville,sector 82,1.12,6257.0,3,3,2,12.0,Moderately Old,1588.0,0,0,0,1,0,0,49,"28.3935° N, 76.9600° E",28.3935,76.96
2062,flat,supertech hues,sector 68,0.93,8611.0,2,2,2,11.0,New Property,1200.0,0,0,0,0,0,0,0,"28.3853° N, 77.0484° E",28.3853,77.0484
2063,flat,m3m skywalk,sector 74,1.48,12333.0,2,2,3,13.0,Moderately Old,1300.0,0,0,1,0,0,0,158,"28.4158° N, 77.0118° E",28.4158,77.0118
2064,flat,smart world gems,sector 89,1.3,9136.0,3,3,2,2.0,New Property,1581.0,1,0,0,0,0,0,44,"28.4253° N, 76.9439° E",28.4253,76.9439
2065,flat,m3m woodshire,sector 107,1.3,10815.0,3,3,3,7.0,Moderately Old,1547.0,0,0,0,1,0,0,89,"28.5052° N, 76.9729° E",28.5052,76.9729
2066,flat,ansal heights 86,sector 86,0.82,6029.0,2,2,1,12.0,New Property,1300.0,0,0,0,0,0,0,49,"28.3986° N, 76.9384° E",28.3986,76.9384
2067,house,suncity essel towers,sector 28,6.0,22222.0,4,4,3+,3.0,Old Property,2700.0,1,0,0,0,0,1,89,"28.4728° N, 77.0865° E",28.4728,77.0865
2068,flat,sare homes,sector 92,1.1,5348.0,4,4,3,4.0,Moderately Old,2286.0,0,1,0,0,0,0,108,"28.4079° N, 76.9153° E",28.4079,76.9153
2069,flat,m3m woodshire,sector 107,1.02,6649.0,2,2,3,6.0,Moderately Old,1388.0,1,0,0,0,0,0,112,"28.5052° N, 76.9729° E",28.5052,76.9729
2070,house,independent,sector 13,0.45,4808.0,1,1,0,1.0,Old Property,936.0,0,0,0,0,0,0,0,"28.4757° N, 77.0392° E",28.4757,77.0392
2071,house,independent,sector 2,2.5,16057.0,4,4,2,4.0,Old Property,1557.0,0,0,0,0,0,0,17,"28.5095° N, 77.0320° E",28.5095,77.032
2072,flat,adani m2k oyster grande,sector 102,2.5,7817.0,4,5,3+,5.0,Moderately Old,2894.0,0,1,0,0,0,0,76,"28.4750° N, 76.9715° E",28.475,76.9715
2073,house,independent,sector 28,1.39,11583.0,2,2,1,3.0,Old Property,1450.0,0,0,1,0,0,0,37,"28.4728° N, 77.0865° E",28.4728,77.0865
2074,flat,puri diplomatic greens,sector 111,3.9,13000.0,4,5,3+,6.0,Moderately Old,2996.0,0,1,0,0,0,2,160,"28.5238° N, 77.0320° E",28.5238,77.032
2075,flat,bestech park view grand spa,sector 81,2.3,8647.0,3,4,3+,7.0,Moderately Old,2280.0,0,1,0,0,0,1,49,"28.3867° N, 76.9485° E",28.3867,76.9485
2076,flat,m3m merlin,sector 67,3.0,14656.0,3,3,3+,4.0,Moderately Old,1900.0,0,0,1,0,0,1,174,"28.3859° N, 77.0608° E",28.3859,77.0608
2077,flat,emaar mgf palm hills,sector 77,1.25,8621.0,3,4,3,3.0,Moderately Old,1310.0,1,1,0,0,0,0,49,"28.3801° N, 76.9845° E",28.3801,76.9845
2078,flat,signature the roselia,sector 95,0.48,7164.0,2,2,2,6.0,Moderately Old,744.0,0,0,0,0,0,0,16,"28.4172° N, 76.9081° E",28.4172,76.9081
2079,flat,sare crescent parc royal greens phase 1,sector 92,1.0,3713.0,4,4,3,15.0,New Property,1828.0,0,0,0,0,0,0,31,"28.4079° N, 76.9153° E",28.4079,76.9153
2080,flat,bestech park view city,sector 49,2.7,12506.0,3,4,3+,6.0,Moderately Old,1954.0,0,0,0,0,0,0,0,"28.4121° N, 77.0480° E",28.4121,77.048
2081,flat,ambience creacions,sector 22,1.99,15547.0,2,2,2,9.0,New Property,1285.0,0,0,0,0,0,0,49,"28.5072° N, 77.0640° E",28.5072,77.064
2082,flat,umang winter hills,sector 77,0.99,7857.0,2,2,2,1.0,Moderately Old,1126.0,0,0,0,0,0,0,97,"28.3801° N, 76.9845° E",28.3801,76.9845
2083,flat,godrej air,sector 85,1.83,10005.0,3,3,3+,18.0,Moderately Old,2032.0,0,0,0,0,0,0,110,"28.4042° N, 76.9513° E",28.4042,76.9513
2084,flat,dlf the ultima,sector 81,2.2,10476.0,3,4,3+,17.0,Moderately Old,1900.0,0,1,0,0,0,2,49,"28.3867° N, 76.9485° E",28.3867,76.9485
2085,flat,dlf regency park,sector 28,1.91,16609.0,2,2,2,11.0,New Property,1278.0,0,0,0,0,0,2,98,"28.4728° N, 77.0865° E",28.4728,77.0865
2086,flat,sare petioles,sector 92,1.3,6373.0,4,4,0,7.0,Moderately Old,2040.0,0,0,0,0,0,0,0,"28.4079° N, 76.9153° E",28.4079,76.9153
2087,flat,vatika city,sector 49,2.1,10417.0,3,3,3,9.0,Moderately Old,1604.25,0,0,0,1,0,1,132,"28.4121° N, 77.0480° E",28.4121,77.048
2088,flat,adani m2k oyster grande,sector 102,4.55,10000.0,4,4,3+,11.0,Moderately Old,4630.0,0,0,0,0,0,1,60,"28.4750° N, 76.9715° E",28.475,76.9715
2089,flat,raheja atharva,sector 109,0.79,7932.0,3,2,2,3.0,Moderately Old,1213.0,0,0,0,0,0,1,44,"28.5073° N, 77.0089° E",28.5073,77.0089
2090,flat,m3m skywalk,sector 74,1.47,10954.0,2,2,3,26.0,New Property,1281.0,0,0,0,0,0,1,31,"28.4158° N, 77.0118° E",28.4158,77.0118
2091,house,independent,sector 14,5.5,16975.0,5,4,2,2.0,Old Property,355.0,1,0,0,0,0,0,27,"28.4711° N, 77.0454° E",28.4711,77.0454
2092,flat,signature global synera,sector 81,0.45,7525.0,2,2,2,6.0,Moderately Old,664.0,0,0,1,0,0,1,39,"28.3867° N, 76.9485° E",28.3867,76.9485
2093,flat,tulip violet,sector 69,1.3,8447.0,3,3,1,12.0,Moderately Old,1392.0,0,0,0,1,0,1,94,"28.3966° N, 77.0341° E",28.3966,77.0341
2094,flat,pyramid urban homes 2,sector 86,0.41,6902.0,2,2,1,3.0,Moderately Old,668.0,0,0,0,0,0,0,63,"28.3986° N, 76.9384° E",28.3986,76.9384
2095,flat,paras dews,sector 106,1.35,7297.0,4,4,3+,18.0,Moderately Old,2100.0,0,1,0,1,0,1,174,"28.5007° N, 77.0003° E",28.5007,77.0003
2096,house,independent,sector 38,2.1,23333.0,2,7,3+,3.0,Moderately Old,900.0,1,0,1,1,0,0,27,"28.4347° N, 77.0430° E",28.4347,77.043
2097,flat,shree vardhman victoria,sector 70,1.9,9744.0,3,3,3,10.0,New Property,1765.0,0,1,1,1,1,0,36,"28.3968° N, 77.0233° E",28.3968,77.0233
2098,house,eros rosewood city,sector 49,1.6,3500.0,4,4,3,4.0,New Property,60.0,0,0,0,0,0,1,27,"28.4121° N, 77.0480° E",28.4121,77.048
2099,flat,emaar mgf the palm drive,sector 66,3.5,15909.0,3,3,3,7.0,Moderately Old,2125.0,0,1,1,0,0,1,149,"28.3925° N, 77.0541° E",28.3925,77.0541
2100,flat,ashiana apartment,sector 23,0.16,2051.0,2,2,2,1.0,Moderately Old,706.0,0,0,0,0,0,0,0,"28.5121° N, 77.0478° E",28.5121,77.0478
2101,flat,m3m antalya hills,sector 79,1.15,7497.0,3,3,3+,1.0,Moderately Old,1200.0,1,0,0,0,0,0,51,"28.3624° N, 76.9787° E",28.3624,76.9787
2102,house,independent,sector 4,0.47,8007.0,2,1,1,1.0,Old Property,624.0,0,0,1,0,0,0,0,"28.4738° N, 77.0107° E",28.4738,77.0107
2103,flat,godrej oasis,sector 88a,1.5,8108.0,3,3,3+,11.0,New Property,1674.0,0,0,0,0,0,0,39,"28.4347° N, 76.9557° E",28.4347,76.9557
2104,flat,supertech hues,sector 68,0.82,6949.0,2,2,3+,21.0,Under Construction,1068.0,0,0,0,0,1,0,72,"28.3853° N, 77.0484° E",28.3853,77.0484
2105,flat,orchid petals,sector 49,2.23,10969.0,3,3,3,14.0,Moderately Old,1840.0,0,0,0,0,1,0,40,"28.4121° N, 77.0480° E",28.4121,77.048
2106,flat,pioneer araya,sector 62,8.35,19514.0,4,6,3,16.0,Moderately Old,3872.0,0,1,0,1,0,0,153,"28.4139° N, 77.0886° E",28.4139,77.0886
2107,house,emaar mgf marbella,sector 66,12.0,38095.0,5,6,3+,3.0,Moderately Old,3150.0,0,1,1,0,0,1,153,"28.3925° N, 77.0541° E",28.3925,77.0541
2108,house,independent,sector 38,3.9,21242.0,6,6,3+,3.0,Moderately Old,1836.0,1,1,0,1,0,0,32,"28.4347° N, 77.0430° E",28.4347,77.043
2109,flat,sonata group housing gh 24,manesar,1.65,5893.0,4,3,3,8.0,New Property,3111.0,0,1,0,0,0,0,20,"28.3515° N, 76.9428° E",28.3515,76.9428
2110,house,vipul tatvam villa,sector 48,8.25,38194.0,4,4,3+,3.0,Moderately Old,300.0,0,1,1,0,0,1,160,"28.4177° N, 77.0359° E",28.4177,77.0359
2111,flat,sapphire eighty three,sector 83,0.4,8547.0,1,1,1,6.0,Moderately Old,520.0,0,0,0,0,0,2,52,"28.3986° N, 76.9647° E",28.3986,76.9647
2112,flat,orris carnation residency,sector 85,0.9,6429.0,3,3,2,12.0,Moderately Old,1402.0,0,0,0,0,0,0,120,"28.4042° N, 76.9513° E",28.4042,76.9513
2113,flat,indiabulls centrum park,sector 103,2.36,9183.0,4,6,3+,8.0,Moderately Old,2729.0,0,1,0,0,0,1,159,"28.4949° N, 76.9845° E",28.4949,76.9845
2114,flat,conscient heritage max,sector 102,2.65,10376.0,4,5,3+,17.0,Moderately Old,2311.0,0,1,0,0,0,0,125,"28.4750° N, 76.9715° E",28.475,76.9715
2115,flat,bptp terra,sector 37d,1.5,8255.0,3,3,3,12.0,Moderately Old,1686.0,0,0,0,0,1,0,49,"28.4478° N, 76.9703° E",28.4478,76.9703
2116,flat,ss the coralwood,sector 84,1.01,5771.0,3,3,2,18.0,Moderately Old,1475.0,0,0,0,0,0,0,40,"28.3979° N, 76.9736° E",28.3979,76.9736
2117,flat,vipul belmonte,sector 53,6.5,21922.0,3,4,3+,0.0,Old Property,2683.0,1,0,0,0,1,0,72,"28.4433° N, 77.0948° E",28.4433,77.0948
2118,flat,signature global city,sector 37d,1.1,8494.0,3,3,2,2.0,Moderately Old,1439.0,0,0,0,0,0,0,36,"28.4478° N, 76.9703° E",28.4478,76.9703
2119,flat,sare crescent parc royal greens phase 1,sector 92,1.25,5833.0,4,4,3,20.0,Moderately Old,1939.0,0,1,0,0,0,0,60,"28.4079° N, 76.9153° E",28.4079,76.9153
2120,flat,mahindra luminare,sector 59,5.5,18182.0,3,3,1,26.0,Under Construction,2738.0,0,1,0,0,0,0,24,"28.4051° N, 77.1097° E",28.4051,77.1097
2121,house,independent,sector 5,3.5,14787.0,5,4,2,2.0,Old Property,2367.0,0,0,0,1,1,0,36,"28.4794° N, 77.0176° E",28.4794,77.0176
2122,flat,central park flower valley,sector 33,2.2,10476.0,3,3,3,12.0,New Property,1900.0,0,1,0,0,0,1,49,"28.4420° N, 77.0207° E",28.442,77.0207
2123,flat,la vida by tata housing,sector 113,2.7,16364.0,3,4,3+,4.0,Moderately Old,2217.0,0,1,0,0,0,1,49,"28.5287° N, 77.0233° E",28.5287,77.0233
2124,house,dlf city plots phase 2,sector 25,7.5,31686.0,9,9,3+,4.0,Moderately Old,2300.5,1,1,0,1,0,1,160,"28.4844° N, 77.0860° E",28.4844,77.086
2125,flat,smart world gems,sector 89,0.85,7706.0,2,2,2,2.0,Moderately Old,1226.0,1,0,0,0,0,0,45,"28.4253° N, 76.9439° E",28.4253,76.9439
2126,flat,dlf the primus,sector 82a,1.59,10338.0,3,3,3+,5.0,Moderately Old,1668.0,0,0,0,0,1,2,167,"28.3858° N, 76.9686° E",28.3858,76.9686
2127,flat,sobha city,sector 108,3.95,16859.0,4,5,3,25.0,Moderately Old,2343.0,0,0,0,0,0,0,59,"28.5134° N, 76.9830° E",28.5134,76.983
2128,house,independent,sector 2,1.0,8230.0,3,7,3+,3.0,Old Property,1215.0,0,0,0,1,0,0,0,"28.5095° N, 77.0320° E",28.5095,77.032
2129,house,international city by sobha phase 2,sector 109,6.2,25514.0,5,5,2,2.0,Moderately Old,2430.0,0,1,0,0,0,0,135,"28.5073° N, 77.0089° E",28.5073,77.0089
2130,flat,experion windchants,sector 112,3.0,11538.0,3,3,2,2.0,Moderately Old,2600.0,0,0,0,0,1,1,49,"28.5189° N, 77.0183° E",28.5189,77.0183
2131,flat,dlf new town heights,sector 90,1.2,6218.0,3,3,3+,15.0,Moderately Old,1747.0,0,0,0,0,0,0,37,"28.4085° N, 76.9369° E",28.4085,76.9369
2132,house,malibu towne,sector 47,8.81,27191.0,8,6,3+,3.0,Moderately Old,3240.0,1,1,0,0,1,1,27,"28.4276° N, 77.0492° E",28.4276,77.0492
2133,flat,valley view estate,gwal pahari,0.38,6090.0,1,1,1,11.0,New Property,565.0,0,0,0,0,0,0,42,"28.4484° N, 77.0210° E",28.4484,77.021
2134,house,independent,sector 3,0.55,6707.0,2,2,1,2.0,Old Property,810.0,0,0,0,0,0,0,0,"28.4909° N, 77.0176° E",28.4909,77.0176
2135,flat,ats kocoon,sector 109,2.22,10597.0,3,3,3,20.0,Moderately Old,1896.0,0,1,0,0,1,0,79,"28.5073° N, 77.0089° E",28.5073,77.0089
2136,flat,ss the leaf,sector 85,1.18,10727.0,2,2,3,9.0,Moderately Old,1700.0,1,0,0,0,0,1,150,"28.4042° N, 76.9513° E",28.4042,76.9513
2137,flat,ss the leaf,sector 85,2.0,8306.0,3,4,3,6.0,Moderately Old,2300.0,0,1,0,0,0,0,49,"28.4042° N, 76.9513° E",28.4042,76.9513
2138,flat,umang winter hills,sector 77,0.8,5961.0,2,2,2,10.0,Moderately Old,1163.0,0,0,0,0,0,1,49,"28.3801° N, 76.9845° E",28.3801,76.9845
2139,flat,tulip violet,sector 69,1.8,8955.0,4,4,2,9.0,Moderately Old,1819.0,0,0,0,1,0,1,165,"28.3966° N, 77.0341° E",28.3966,77.0341
2140,flat,ambience creacions,sector 22,4.8,19200.0,4,6,3+,10.0,New Property,2778.0,0,1,0,1,0,2,49,"28.5072° N, 77.0640° E",28.5072,77.064
2141,flat,ss the coralwood,sector 84,1.1,5820.0,3,3,3+,12.0,Moderately Old,1710.0,0,0,0,0,0,1,104,"28.3979° N, 76.9736° E",28.3979,76.9736
2142,flat,emaar palm gardens,sector 83,1.6,8649.0,3,3,3+,6.0,Moderately Old,1674.0,1,1,1,1,0,1,167,"28.3986° N, 76.9647° E",28.3986,76.9647
2143,flat,spaze privvy the address,sector 93,1.45,8033.0,3,4,2,12.0,Moderately Old,1350.0,0,0,0,0,0,1,96,"28.4153° N, 76.9326° E",28.4153,76.9326
2144,flat,ramsons kshitij,sector 95,0.17,544.0,1,1,1,12.0,Moderately Old,3569.0,0,0,0,0,0,0,56,"28.4172° N, 76.9081° E",28.4172,76.9081
2145,flat,milan cghs 9,sector 39,2.0,8333.0,3,3,3+,0.0,Old Property,2400.0,0,0,0,0,0,0,0,"28.4434° N, 77.0515° E",28.4434,77.0515
2146,flat,shree vardhman victoria,sector 70,1.15,8519.0,2,2,2,6.0,Moderately Old,1500.0,1,0,0,0,0,0,85,"28.3968° N, 77.0233° E",28.3968,77.0233
2147,flat,microtek greenburg,sector 86,1.3,8754.0,2,2,3,10.0,Moderately Old,1339.0,1,0,0,0,0,0,38,"28.3986° N, 76.9384° E",28.3986,76.9384
2148,flat,pioneer araya,sector 62,10.75,19499.0,5,7,3,10.0,Moderately Old,4990.0,0,1,0,0,0,1,153,"28.4139° N, 77.0886° E",28.4139,77.0886
2149,house,independent,sector 4,1.1,6111.0,4,4,3+,2.0,Old Property,1800.0,0,0,0,0,0,0,7,"28.4738° N, 77.0107° E",28.4738,77.0107
2150,flat,ramprastha the edge towers,sector 37d,1.0,5650.0,3,3,3+,13.0,Moderately Old,1602.0,0,0,0,0,0,0,38,"28.4478° N, 76.9703° E",28.4478,76.9703
2151,flat,pivotal devaan,sector 84,0.3,6667.0,1,1,1,14.0,New Property,500.0,0,0,0,0,0,1,22,"28.3979° N, 76.9736° E",28.3979,76.9736
2152,flat,sidhartha ncr one phase,sector 95,0.55,4867.0,2,2,2,14.0,New Property,1256.0,1,0,0,0,0,0,90,"28.4172° N, 76.9081° E",28.4172,76.9081
2153,flat,tata primanti,sector 72,4.1,13726.0,3,3,3,8.0,Moderately Old,2308.0,0,1,0,0,0,0,38,"28.4225° N, 77.0211° E",28.4225,77.0211
2154,house,independent,sector 13,0.62,3588.0,6,6,0,3.0,Old Property,192.0,0,0,0,0,0,0,0,"28.4757° N, 77.0392° E",28.4757,77.0392
2155,flat,emaar mgf emerald floors premier,sector 65,2.9,14684.0,4,4,0,0.0,Moderately Old,2194.0,0,0,1,0,0,0,50,"28.4030° N, 77.0690° E",28.403,77.069
2156,flat,ansal heights 86,sector 86,1.05,5541.0,3,3,3,9.0,Under Construction,1715.0,0,1,0,0,0,0,0,"28.3986° N, 76.9384° E",28.3986,76.9384
2157,house,independent,sector 26,15.0,33201.0,5,6,3+,3.0,Old Property,4518.0,1,1,1,1,0,1,78,"28.4757° N, 77.1032° E",28.4757,77.1032
2158,flat,shapoorji pallonji joyville gurugram,sector 102,0.97,16441.0,2,2,2,10.0,Moderately Old,742.0,0,0,0,0,0,0,151,"28.4750° N, 76.9715° E",28.475,76.9715
2159,flat,bptp terra,sector 37d,1.67,7622.0,4,4,3,11.0,Moderately Old,2091.0,0,0,0,0,0,1,149,"28.4478° N, 76.9703° E",28.4478,76.9703
2160,flat,tata primanti,sector 72,4.0,13769.0,4,5,3+,9.0,Moderately Old,2800.0,0,1,0,0,0,1,165,"28.4225° N, 77.0211° E",28.4225,77.0211
2161,flat,ss the leaf,sector 85,2.03,7229.0,4,4,3+,3.0,Moderately Old,2225.0,0,0,0,0,1,0,49,"28.4042° N, 76.9513° E",28.4042,76.9513
2162,flat,m3m golfestate,sector 65,5.2,17456.0,3,3,3,18.0,Moderately Old,2696.0,1,1,0,0,0,1,76,"28.4030° N, 77.0690° E",28.403,77.069
2163,flat,tata primanti,sector 72,3.25,10545.0,3,3,3,2.0,Moderately Old,2986.0,0,1,0,0,0,0,94,"28.4225° N, 77.0211° E",28.4225,77.0211
2164,flat,tarc maceo,sector 91,1.8,7759.0,3,3,3+,0.0,Moderately Old,2578.0,0,0,0,1,0,2,45,"28.4014° N, 76.9225° E",28.4014,76.9225
2165,flat,ansal sushant lok ci,sector 43,2.0,15152.0,3,3,2,1.0,Old Property,1467.0,0,1,0,0,0,2,15,"28.4629° N, 77.0772° E",28.4629,77.0772
2166,flat,central park flower valley,sector 33,2.5,13270.0,3,3,2,1.0,Moderately Old,2093.0,0,0,0,0,0,0,66,"28.4420° N, 77.0207° E",28.442,77.0207
2167,flat,ss almeria,sector 84,1.48,7400.0,3,3,2,1.0,New Property,1624.0,0,1,1,0,0,1,139,"28.3979° N, 76.9736° E",28.3979,76.9736
2168,house,independent,sector 50,10.55,32562.0,5,5,3,2.0,Old Property,3240.0,1,1,0,0,0,0,42,"28.4178° N, 77.0628° E",28.4178,77.0628
2169,flat,bestech park view spa next,sector 67,2.32,11990.0,3,4,3+,14.0,Moderately Old,1764.0,0,1,0,0,0,1,59,"28.3859° N, 77.0608° E",28.3859,77.0608
2170,flat,godrej nature plus,sector 33,1.07,7726.0,2,2,2,14.0,Moderately Old,1253.0,0,0,0,0,0,0,68,"28.4420° N, 77.0207° E",28.442,77.0207
2171,flat,godrej,sector 79,1.28,8505.0,3,3,3,7.0,Moderately Old,1362.0,0,0,0,0,0,0,158,"28.3624° N, 76.9787° E",28.3624,76.9787
2172,flat,ss the leaf,sector 85,1.17,6720.0,2,3,3,10.0,Moderately Old,1550.0,0,0,0,0,1,0,49,"28.4042° N, 76.9513° E",28.4042,76.9513
2173,flat,shree vardhman flora,sector 90,0.92,4907.0,3,4,3,4.0,Moderately Old,1493.0,0,1,0,0,0,0,116,"28.4085° N, 76.9369° E",28.4085,76.9369
2174,flat,ats triumph,sector 104,2.5,7937.0,4,4,3+,14.0,New Property,2851.0,0,1,0,0,0,0,21,"28.4788° N, 76.9960° E",28.4788,76.996
2175,flat,ss the leaf,sector 85,1.3,7927.0,2,2,2,17.0,New Property,1484.0,0,0,0,0,0,0,90,"28.4042° N, 76.9513° E",28.4042,76.9513
2176,flat,tulip violet,sector 69,1.7,8458.0,4,4,2,1.0,Moderately Old,1819.0,0,0,0,0,0,0,126,"28.3966° N, 77.0341° E",28.3966,77.0341
2177,flat,imperia the esfera,sector 37c,1.1,5405.0,3,4,3,9.0,Moderately Old,1899.0,1,1,0,0,0,0,49,"28.4515° N, 76.9882° E",28.4515,76.9882
2178,flat,signature global park 4,sector 36,0.82,7586.0,3,2,2,2.0,New Property,850.0,0,0,0,0,0,0,8,"28.4160° N, 76.9914° E",28.416,76.9914
2179,flat,experion windchants,sector 112,3.4,12134.0,3,3,2,14.0,Moderately Old,2225.56,0,0,0,0,0,1,159,"28.5189° N, 77.0183° E",28.5189,77.0183
2180,flat,pivotal devaan,sector 84,0.35,6003.0,2,2,1,4.0,Moderately Old,528.0,0,0,0,0,0,0,37,"28.3979° N, 76.9736° E",28.3979,76.9736
2181,flat,bestech park view spa next,sector 67,2.72,11574.0,4,4,3+,0.0,Moderately Old,2250.0,0,1,0,1,0,1,128,"28.3859° N, 77.0608° E",28.3859,77.0608
2182,flat,supertech araville,sector 79,1.1,5641.0,3,3,3,1.0,Moderately Old,2167.0,0,0,0,0,0,1,106,"28.3624° N, 76.9787° E",28.3624,76.9787
2183,flat,indiabulls centrum park,sector 103,1.15,8679.0,2,2,3,10.0,Moderately Old,1080.0,1,0,0,0,0,1,174,"28.4949° N, 76.9845° E",28.4949,76.9845
2184,flat,shree vardhman flora,sector 90,0.96,5120.0,3,4,3,3.0,New Property,1697.0,0,1,0,0,0,0,106,"28.4085° N, 76.9369° E",28.4085,76.9369
2185,flat,ats tourmaline,sector 109,1.75,10000.0,3,3,3,4.0,New Property,1466.0,0,0,0,0,0,0,31,"28.5073° N, 77.0089° E",28.5073,77.0089
2186,flat,suncity avenue 76,sector 76,0.55,7422.0,2,2,2,9.0,Under Construction,823.0,0,0,0,0,0,0,26,"28.3935° N, 76.9888° E",28.3935,76.9888
2187,house,uppal southend,sector 49,3.75,25562.0,2,6,3+,3.0,Old Property,163.0,1,0,0,0,0,1,26,"28.4121° N, 77.0480° E",28.4121,77.048
2188,flat,greenopolis,sector 89,0.8,4819.0,2,3,3,8.0,Under Construction,1502.0,1,0,0,0,1,0,60,"28.4253° N, 76.9439° E",28.4253,76.9439
2189,flat,orris aster court premier,sector 85,1.2,5660.0,3,4,2,6.0,Moderately Old,1650.0,0,1,0,0,0,0,28,"28.4042° N, 76.9513° E",28.4042,76.9513
2190,flat,suncity avenue 76,sector 76,0.75,10204.0,2,2,2,11.0,Under Construction,665.0,0,0,0,0,0,0,57,"28.3935° N, 76.9888° E",28.3935,76.9888
2191,flat,vatika the seven lamps,sector 82,0.86,6022.0,2,2,2,12.0,Moderately Old,1294.0,1,0,0,0,0,1,135,"28.3935° N, 76.9600° E",28.3935,76.96
2192,flat,central park flower valley,sector 33,1.35,10385.0,3,2,2,3.0,New Property,1444.0,0,0,0,0,0,0,87,"28.4420° N, 77.0207° E",28.442,77.0207
2193,flat,godrej summit,sector 104,1.75,7530.0,4,5,3+,1.0,New Property,2582.0,0,1,0,0,0,0,60,"28.4788° N, 76.9960° E",28.4788,76.996
2194,flat,satya the hermitage,sector 103,0.8,5517.0,2,2,0,10.0,Moderately Old,1450.0,0,0,0,0,0,0,61,"28.4949° N, 76.9845° E",28.4949,76.9845
2195,flat,ss the leaf,sector 85,1.05,6402.0,2,2,3,6.0,Moderately Old,1484.0,0,0,0,0,1,0,49,"28.4042° N, 76.9513° E",28.4042,76.9513
2196,flat,m3m skywalk,sector 74,1.55,13790.0,2,2,3+,18.0,Moderately Old,1300.0,0,0,0,0,1,0,137,"28.4158° N, 77.0118° E",28.4158,77.0118
2197,flat,experion the heartsong,sector 108,0.87,11853.0,2,3,3,2.0,Moderately Old,978.23,0,1,0,0,0,1,123,"28.5134° N, 76.9830° E",28.5134,76.983
2198,flat,tulip violet,sector 69,2.05,9951.0,4,4,2,0.0,Moderately Old,1889.0,0,0,0,0,0,0,157,"28.3966° N, 77.0341° E",28.3966,77.0341
2199,flat,smart world orchard,sector 61,2.55,15644.0,3,3,2,4.0,New Property,1811.0,0,0,0,0,1,0,30,"28.4050° N, 77.0963° E",28.405,77.0963
2200,house,independent,sector 24,1.45,2984.0,3,3,1,0.2,Old Property,540.0,0,0,0,0,0,0,9,"28.4939° N, 77.1038° E",28.4939,77.1038
2201,flat,bestech park view grand spa,sector 81,2.35,8835.0,3,4,3+,10.0,Moderately Old,2511.0,0,1,0,0,0,0,109,"28.3867° N, 76.9485° E",28.3867,76.9485
2202,flat,emaar mgf emerald estate,sector 65,1.7,21014.0,3,3,3,7.0,Moderately Old,1081.0,1,0,0,0,0,1,116,"28.4030° N, 77.0690° E",28.403,77.069
2203,flat,shapoorji pallonji joyville gurugram,sector 102,2.15,12707.0,3,3,3,10.0,Moderately Old,1690.0,0,0,0,0,0,1,49,"28.4750° N, 76.9715° E",28.475,76.9715
2204,flat,dlf the ultima,sector 81,3.46,12047.0,4,4,3+,10.0,New Property,2599.0,0,1,0,0,0,2,161,"28.3867° N, 76.9485° E",28.3867,76.9485
2205,flat,milan cghs 9,sector 39,2.0,8333.0,3,3,3+,0.0,Old Property,2400.0,0,0,0,0,0,0,0,"28.4434° N, 77.0515° E",28.4434,77.0515
2206,flat,bestech park view spa next,sector 67,3.32,12600.0,4,5,3+,12.0,Moderately Old,2385.0,0,1,0,0,0,1,174,"28.3859° N, 77.0608° E",28.3859,77.0608
2207,flat,malibu towers,sector 47,2.45,10699.0,3,4,2,1.0,Old Property,2544.0,1,0,0,0,0,1,42,"28.4276° N, 77.0492° E",28.4276,77.0492
2208,flat,la vida by tata housing,sector 113,3.35,16750.0,3,4,3+,12.0,New Property,2200.0,1,1,0,0,0,0,174,"28.5287° N, 77.0233° E",28.5287,77.0233
2209,flat,vatika city homes,sector 83,0.75,5660.0,2,2,2,3.0,Moderately Old,1199.0,0,0,0,0,0,1,49,"28.3986° N, 76.9647° E",28.3986,76.9647
2210,flat,rof ananda,sector 95,0.31,5647.0,2,2,1,5.0,Moderately Old,610.0,0,0,0,1,0,1,74,"28.4172° N, 76.9081° E",28.4172,76.9081
2211,flat,puri emerald bay,sector 104,2.25,10465.0,3,4,3+,4.0,Moderately Old,2303.0,0,1,0,0,0,1,159,"28.4788° N, 76.9960° E",28.4788,76.996
2212,flat,m3m merlin,sector 67,3.4,14419.0,3,4,3+,16.0,Moderately Old,2134.0,0,1,0,0,0,1,158,"28.3859° N, 77.0608° E",28.3859,77.0608
2213,flat,ansal api celebrity suites,sector 2,0.6,8163.0,1,1,1,5.0,Moderately Old,665.0,0,0,0,0,0,1,67,"28.5095° N, 77.0320° E",28.5095,77.032
2214,flat,tulip violet,sector 69,1.2,10909.0,2,3,0,0.0,Moderately Old,1100.0,0,0,0,0,0,0,54,"28.3966° N, 77.0341° E",28.3966,77.0341
2215,flat,m3m golf hills phase 1,sector 79,1.7,10828.0,3,2,3,10.0,Moderately Old,1570.0,0,0,0,0,0,0,0,"28.3624° N, 76.9787° E",28.3624,76.9787
2216,flat,shree vardhman flora,sector 90,0.85,4404.0,3,4,3,3.0,Moderately Old,1679.0,0,1,1,0,0,0,110,"28.4085° N, 76.9369° E",28.4085,76.9369
2217,flat,bestech park view sanskruti,sector 92,1.5,7812.0,3,3,3,3.0,Moderately Old,1738.0,0,0,0,0,1,0,49,"28.4079° N, 76.9153° E",28.4079,76.9153
2218,flat,m3m sierra 68,sector 68,1.1,8987.0,2,2,3,1.0,Moderately Old,1150.0,0,0,0,0,0,1,127,"28.3853° N, 77.0484° E",28.3853,77.0484
2219,flat,emaar mgf emerald floors premier,sector 65,2.36,14303.0,3,3,3,2.0,Moderately Old,1524.0,1,1,0,0,0,1,136,"28.4030° N, 77.0690° E",28.403,77.069
2220,flat,supertech araville,sector 79,1.0,6536.0,2,2,3,4.0,Moderately Old,1700.0,1,0,0,0,0,0,24,"28.3624° N, 76.9787° E",28.3624,76.9787
2221,house,independent,sector 49,4.5,15625.0,8,8,3,3.0,Old Property,2880.0,1,1,1,1,0,2,151,"28.4121° N, 77.0480° E",28.4121,77.048
2222,flat,ss the leaf,sector 85,1.09,6663.0,2,2,3,5.0,Moderately Old,1475.0,0,0,0,0,0,0,49,"28.4042° N, 76.9513° E",28.4042,76.9513
2223,flat,indiabulls centrum park,sector 103,1.34,7882.0,3,3,3+,12.0,Moderately Old,1725.0,1,1,1,1,0,1,38,"28.4949° N, 76.9845° E",28.4949,76.9845
2224,flat,imperia the esfera,sector 37c,0.99,5455.0,3,5,3+,5.0,Moderately Old,1400.0,0,1,0,0,0,0,49,"28.4515° N, 76.9882° E",28.4515,76.9882
2225,flat,emaar mgf emerald floors premier,sector 65,2.25,13636.0,3,3,3,3.0,Moderately Old,1600.0,1,1,0,0,0,1,49,"28.4030° N, 77.0690° E",28.403,77.069
2226,flat,emaar mgf the enclave,sector 66,2.1,12353.0,3,4,2,12.0,Moderately Old,1800.0,0,1,0,0,0,1,156,"28.3925° N, 77.0541° E",28.3925,77.0541
2227,flat,ireo victory valley,sector 67,3.15,12847.0,3,4,3+,15.0,Moderately Old,2219.0,0,1,0,1,0,1,149,"28.3859° N, 77.0608° E",28.3859,77.0608
2228,flat,alpha corp gurgaonone,sector 84,0.85,6693.0,2,2,3,6.0,Moderately Old,1158.0,0,0,0,0,0,1,28,"28.3979° N, 76.9736° E",28.3979,76.9736
2229,flat,bestech park view city,sector 48,1.78,10023.0,3,4,2,5.0,Moderately Old,1526.0,1,0,0,1,0,0,53,"28.4177° N, 77.0359° E",28.4177,77.0359
2230,flat,vipul world floors,sector 48,4.3,13871.0,4,5,3+,4.0,New Property,3444.0,1,1,0,1,0,0,88,"28.4177° N, 77.0359° E",28.4177,77.0359
2231,flat,tulip violet,sector 69,1.68,8358.0,4,4,2,2.0,Moderately Old,1819.0,0,0,0,1,0,0,112,"28.3966° N, 77.0341° E",28.3966,77.0341
2232,flat,signature global solera,sector 107,0.25,7862.0,1,1,0,0.0,Moderately Old,318.0,0,0,0,0,0,0,55,"28.5052° N, 76.9729° E",28.5052,76.9729
2233,flat,dlf the ultima,sector 81,2.28,10842.0,3,3,3+,14.0,Moderately Old,1750.0,0,1,0,0,0,2,49,"28.3867° N, 76.9485° E",28.3867,76.9485
2234,flat,signature global the millennia,sector 37d,0.6,9231.0,2,2,3,7.0,New Property,625.0,0,0,0,0,0,0,35,"28.4478° N, 76.9703° E",28.4478,76.9703
2235,flat,signature global solera,sector 107,0.28,5833.0,2,2,2,11.0,Moderately Old,543.0,0,0,0,0,0,0,45,"28.5052° N, 76.9729° E",28.5052,76.9729
2236,house,independent,sector 41,7.0,28283.0,7,7,3+,3.0,Old Property,2475.0,1,1,1,1,0,2,151,"28.4557° N, 77.0632° E",28.4557,77.0632
2237,flat,raheja revanta,sector 78,0.99,6100.0,2,2,3,14.0,Under Construction,1467.0,0,0,0,0,1,0,39,"28.3733° N, 76.9729° E",28.3733,76.9729
2238,flat,vatika gurgaon,sector 83,0.95,6574.0,2,2,3,5.0,Moderately Old,1300.0,0,0,0,0,0,1,96,"28.3986° N, 76.9647° E",28.3986,76.9647
2239,house,eldeco mansionz,sector 48,6.0,22222.0,4,4,3+,2.0,Old Property,2700.0,0,1,0,0,0,0,69,"28.4177° N, 77.0359° E",28.4177,77.0359
2240,flat,shapoorji pallonji joyville gurugram,sector 102,1.35,14754.0,2,2,2,10.0,Moderately Old,828.0,0,0,0,0,0,0,22,"28.4750° N, 76.9715° E",28.475,76.9715
2241,house,ansals palam vihar,sector 2,2.68,17213.0,4,3,2,3.0,Old Property,1557.0,0,0,1,0,0,1,74,"28.5095° N, 77.0320° E",28.5095,77.032
2242,flat,signature global solera,sector 107,0.36,6569.0,2,2,1,9.0,Moderately Old,496.0,0,0,0,0,0,0,28,"28.5052° N, 76.9729° E",28.5052,76.9729
2243,flat,vatika the seven lamps,sector 82,1.6,6598.0,4,5,3+,8.0,Moderately Old,2195.0,0,1,0,0,0,0,133,"28.3935° N, 76.9600° E",28.3935,76.96
2244,flat,signature global synera,sector 81,0.49,6667.0,2,2,3,5.0,Moderately Old,700.0,0,0,0,0,0,0,117,"28.3867° N, 76.9485° E",28.3867,76.9485
2245,flat,emaar palm heights,sector 77,2.25,11250.0,3,3,3,22.0,New Property,1810.0,0,1,0,0,0,1,42,"28.3801° N, 76.9845° E",28.3801,76.9845
2246,flat,smart world gems,sector 89,1.01,9157.0,2,2,2,4.0,Moderately Old,1226.0,1,0,0,0,0,0,38,"28.4253° N, 76.9439° E",28.4253,76.9439
2247,flat,pivotal devaan,sector 84,0.41,7033.0,2,2,2,10.0,New Property,565.0,0,0,0,0,0,1,23,"28.3979° N, 76.9736° E",28.3979,76.9736
2248,house,international city by sobha phase 1,sector 109,12.0,20000.0,5,6,3,2.0,Moderately Old,7000.0,1,1,0,0,0,1,154,"28.5073° N, 77.0089° E",28.5073,77.0089
2249,house,independent,sector 105,1.2,13333.0,4,4,1,2.0,Old Property,900.0,0,0,0,0,1,0,14,"28.4952° N, 77.0114° E",28.4952,77.0114
2250,flat,imperia the esfera,sector 37c,0.9,6272.0,3,3,3,9.0,Moderately Old,1435.0,0,0,0,0,0,0,66,"28.4515° N, 76.9882° E",28.4515,76.9882
2251,house,uppal southend,sector 49,3.75,25562.0,2,6,3,3.0,Old Property,1467.0,0,0,0,0,1,0,49,"28.4121° N, 77.0480° E",28.4121,77.048
2252,house,independent,sector 105,1.35,3857.0,5,3,3,3.0,Old Property,3500.0,0,0,0,0,0,0,0,"28.4952° N, 77.0114° E",28.4952,77.0114
2253,flat,paras dews,sector 106,0.88,6354.0,2,2,3+,3.0,Moderately Old,1120.0,0,0,0,0,0,0,49,"28.5007° N, 77.0003° E",28.5007,77.0003
2254,flat,ramprastha the edge towers,sector 37d,0.8,5797.0,2,2,3,2.0,Moderately Old,1300.0,0,0,0,0,0,0,78,"28.4478° N, 76.9703° E",28.4478,76.9703
2255,flat,shapoorji pallonji joyville gurugram,sector 102,1.41,10307.0,2,2,3,0.0,Moderately Old,1238.0,0,0,0,0,1,0,49,"28.4750° N, 76.9715° E",28.475,76.9715
2256,house,independent,sector 39,0.34,7556.0,1,1,1,1.0,Moderately Old,450.0,0,0,0,0,0,0,0,"28.4434° N, 77.0515° E",28.4434,77.0515
2257,flat,ss,sector 85,1.2,7151.0,2,2,3,15.0,Moderately Old,1660.0,0,0,0,0,0,0,49,"28.4042° N, 76.9513° E",28.4042,76.9513
2258,flat,m3m ikonic,sector 68,1.8,9231.0,3,3,3+,18.0,Moderately Old,1845.0,0,0,0,0,0,1,126,"28.3853° N, 77.0484° E",28.3853,77.0484
2259,house,vipul tatvam villa,sector 48,6.4,24691.0,3,4,3,2.0,Moderately Old,240.0,1,1,1,0,0,1,148,"28.4177° N, 77.0359° E",28.4177,77.0359
2260,flat,la vida by tata housing,sector 113,1.85,11716.0,3,2,2,7.0,New Property,1429.0,0,0,0,0,0,0,13,"28.5287° N, 77.0233° E",28.5287,77.0233
2261,flat,ats tourmaline,sector 109,2.95,9365.0,4,5,3+,10.0,Moderately Old,2851.0,0,1,0,0,0,0,101,"28.5073° N, 77.0089° E",28.5073,77.0089
2262,flat,today callidora,sector 73,1.0,7692.0,2,2,2,13.0,New Property,1444.0,0,0,0,0,0,0,0,"28.4072° N, 77.0118° E",28.4072,77.0118
2263,flat,smart world gems,sector 89,1.16,8152.0,3,3,2,3.0,Moderately Old,1581.0,1,0,0,0,0,0,68,"28.4253° N, 76.9439° E",28.4253,76.9439
2264,flat,sobha city,sector 108,4.1,23402.0,4,5,3,25.0,New Property,2343.0,1,1,0,0,0,2,97,"28.5134° N, 76.9830° E",28.5134,76.983
2265,house,international city by sobha phase 1,sector 109,6.15,27333.0,5,5,3+,3.0,Moderately Old,270.0,0,1,1,1,0,1,130,"28.5073° N, 77.0089° E",28.5073,77.0089
2266,flat,signature global city,sector 37d,0.68,11724.0,2,2,3,9.0,New Property,644.0,0,0,0,0,1,0,58,"28.4478° N, 76.9703° E",28.4478,76.9703
2267,flat,essel towers,sector 14,2.2,12500.0,3,4,3+,3.0,Old Property,1956.0,0,0,0,0,0,0,0,"28.4711° N, 77.0454° E",28.4711,77.0454
2268,flat,tulip violet,sector 69,1.78,8856.0,4,4,2,10.0,Moderately Old,1819.0,0,0,0,1,0,1,156,"28.3966° N, 77.0341° E",28.3966,77.0341
2269,house,independent,sector 46,4.35,23693.0,3,8,2,3.0,Moderately Old,1836.0,1,0,0,1,0,1,19,"28.4374° N, 77.0586° E",28.4374,77.0586
2270,house,independent,sector 26,18.0,39841.0,5,4,3+,4.0,Old Property,4518.0,1,1,1,1,0,1,113,"28.4757° N, 77.1032° E",28.4757,77.1032
2271,house,independent,sector 45,10.0,30864.0,6,6,3+,4.0,Old Property,3240.0,1,1,1,1,0,1,70,"28.4466° N, 77.0660° E",28.4466,77.066
2272,house,independent,sector 9,3.4,12938.0,9,9,3,3.0,Old Property,2628.0,0,0,0,0,0,1,61,"28.4603° N, 77.0000° E",28.4603,77.0
2273,flat,m3m sky lofts,sector 71,0.9,13177.0,1,1,0,6.0,New Property,683.0,0,0,0,0,0,0,77,"28.4104° N, 77.0281° E",28.4104,77.0281
2274,flat,alpha corp gurgaonone,sector 84,2.2,6407.0,4,4,3+,15.0,Moderately Old,3108.0,0,1,0,0,0,0,97,"28.3979° N, 76.9736° E",28.3979,76.9736
2275,house,nirvana country,sector 50,10.0,14286.0,5,7,2,4.0,Old Property,7000.0,0,1,0,0,0,2,0,"28.4178° N, 77.0628° E",28.4178,77.0628
2276,flat,ansal heights 86,sector 86,0.78,5735.0,2,2,1,8.0,New Property,1231.0,0,0,0,0,0,0,67,"28.3986° N, 76.9384° E",28.3986,76.9384
2277,flat,birla navya,sector 63a,2.1,16667.0,2,2,2,2.0,Moderately Old,1400.0,0,0,0,0,0,0,38,"28.3923° N, 77.0888° E",28.3923,77.0888
2278,house,housing board colony,sector 28,5.5,30556.0,4,3,3,2.0,Old Property,1800.0,0,0,0,1,1,1,22,"28.4728° N, 77.0865° E",28.4728,77.0865
2279,flat,ambience creacions,sector 22,2.79,15000.0,3,3,3,13.0,New Property,1564.0,0,0,0,0,0,2,158,"28.5072° N, 77.0640° E",28.5072,77.064
2280,flat,vatika gurgaon,sector 83,0.87,6988.0,2,2,2,3.0,Moderately Old,1127.0,0,0,0,0,0,0,35,"28.3986° N, 76.9647° E",28.3986,76.9647
2281,flat,antriksh heights,sector 84,0.49,4356.0,2,2,2,16.0,Moderately Old,1018.0,0,0,0,0,0,0,66,"28.3979° N, 76.9736° E",28.3979,76.9736
2282,flat,emaar gurgaon greens,sector 102,1.5,9091.0,3,3,3,7.0,Moderately Old,1315.0,0,0,0,1,0,1,174,"28.4750° N, 76.9715° E",28.475,76.9715
2283,flat,bestech park view ananda,sector 81,1.35,7542.0,3,3,3+,10.0,Moderately Old,1438.0,0,0,1,0,0,1,72,"28.3867° N, 76.9485° E",28.3867,76.9485
2284,flat,kiran residency,sector 56,1.55,7750.0,3,3,3+,5.0,Old Property,1800.0,0,1,0,1,1,0,166,"28.4245° N, 77.0991° E",28.4245,77.0991
2285,flat,umang monsoon breeze,sector 78,0.7,5719.0,2,2,2,5.0,Moderately Old,1224.0,0,0,0,0,0,0,0,"28.3733° N, 76.9729° E",28.3733,76.9729
2286,flat,shree vardhman victoria,sector 70,1.66,14249.0,3,5,3,8.0,Moderately Old,1527.0,0,1,0,0,0,0,108,"28.3968° N, 77.0233° E",28.3968,77.0233
2287,house,huda ashok vihar phase,sector 4,0.7,10234.0,3,2,1,2.0,New Property,684.0,1,0,0,0,0,0,7,"28.4738° N, 77.0107° E",28.4738,77.0107
2288,flat,shree vardhman victoria,sector 70,1.8,9231.0,3,5,3,0.0,New Property,2167.0,0,0,0,0,0,0,72,"28.3968° N, 77.0233° E",28.3968,77.0233
2289,flat,professors enclave cghs,sector 56,1.55,7750.0,3,3,3+,6.0,Old Property,1810.0,0,1,0,0,0,1,49,"28.4245° N, 77.0991° E",28.4245,77.0991
2290,flat,conscient elevate,sector 59,3.9,16993.0,3,1,0,0.0,Under Construction,2295.0,0,0,0,0,0,0,0,"28.4051° N, 77.1097° E",28.4051,77.1097
2291,flat,ss the leaf,sector 85,2.2,5641.0,4,6,3,10.0,Moderately Old,3920.0,0,1,0,0,0,0,174,"28.4042° N, 76.9513° E",28.4042,76.9513
2292,house,international city by sobha phase 2,sector 109,9.5,26389.0,5,5,3+,2.0,Moderately Old,3600.0,1,1,1,1,0,0,133,"28.5073° N, 77.0089° E",28.5073,77.0089
2293,flat,microtek greenburg,sector 86,1.93,8446.0,3,4,3,12.0,Moderately Old,2068.0,0,1,0,0,0,0,72,"28.3986° N, 76.9384° E",28.3986,76.9384
2294,flat,paras dews,sector 106,1.28,7273.0,3,4,3+,24.0,Moderately Old,1186.0,0,1,0,0,0,0,49,"28.5007° N, 77.0003° E",28.5007,77.0003
2295,flat,smart world orchard,sector 61,2.2,13497.0,3,3,2,1.0,Moderately Old,1778.0,0,0,0,0,0,0,49,"28.4050° N, 77.0963° E",28.405,77.0963
2296,flat,alpha corp gurgaonone,sector 84,1.52,7904.0,3,4,3,15.0,Moderately Old,1703.0,0,1,0,0,0,0,92,"28.3979° N, 76.9736° E",28.3979,76.9736
2297,flat,dlf new town heights,sector 90,1.54,6514.0,4,4,3+,12.0,Moderately Old,2200.0,0,1,0,1,0,1,111,"28.4085° N, 76.9369° E",28.4085,76.9369
2298,house,anshul,sector 6,0.85,7727.0,2,2,0,4.0,Old Property,1222.0,0,0,0,0,0,0,0,"28.4745° N, 77.0262° E",28.4745,77.0262
2299,house,independent,sector 105,1.3,11556.0,3,3,1,2.0,Old Property,1125.0,0,0,0,0,0,0,16,"28.4952° N, 77.0114° E",28.4952,77.0114
2300,flat,experion windchants,sector 112,3.29,11742.0,3,3,3+,2.0,Moderately Old,2225.56,0,1,0,0,0,1,152,"28.5189° N, 77.0183° E",28.5189,77.0183
2301,flat,greenopolis,sector 89,0.8,6168.0,2,2,2,6.0,Under Construction,1441.0,0,0,0,0,0,0,44,"28.4253° N, 76.9439° E",28.4253,76.9439
2302,flat,signature the roselia,sector 95,0.41,7295.0,2,2,2,12.0,New Property,670.0,0,0,0,0,0,1,93,"28.4172° N, 76.9081° E",28.4172,76.9081
2303,house,independent,sector 43,5.25,27132.0,4,4,2,2.0,Old Property,1935.0,1,1,0,0,0,1,80,"28.4629° N, 77.0772° E",28.4629,77.0772
2304,house,independent,sector 46,4.25,23148.0,5,4,2,3.0,Old Property,1836.0,0,0,1,0,0,1,57,"28.4374° N, 77.0586° E",28.4374,77.0586
2305,flat,pyramid urban,sector 67a,0.56,7932.0,2,2,2,0.0,Moderately Old,778.0,0,0,0,0,1,0,49,"28.3960° N, 77.0372° E",28.396,77.0372
2306,flat,dlf park place,sector 54,4.85,25867.0,3,4,3+,25.0,Moderately Old,1697.0,0,1,0,0,0,1,26,"28.4348° N, 77.1089° E",28.4348,77.1089
2307,flat,tulip violet,sector 69,1.55,9639.0,3,3,2,2.0,Moderately Old,1455.0,0,0,0,1,0,1,86,"28.3966° N, 77.0341° E",28.3966,77.0341
2308,flat,surya vihar rwa,sector 21,1.3,6500.0,5,5,2,2.0,Old Property,2400.0,1,1,1,0,0,1,42,"28.5134° N, 77.0723° E",28.5134,77.0723
2309,flat,vatika the seven lamps,sector 82,1.0,5924.0,2,2,2,11.0,Moderately Old,1299.0,1,0,0,0,0,1,90,"28.3935° N, 76.9600° E",28.3935,76.96
2310,flat,central park flower valley aqua front towers,sector 33,2.1,11738.0,3,3,2,6.0,Under Construction,1619.0,0,0,0,0,0,0,24,"28.4420° N, 77.0207° E",28.442,77.0207
2311,flat,corona optus,sector 37c,1.25,8929.0,3,3,3,2.0,Moderately Old,1563.0,1,0,0,0,0,0,49,"28.4515° N, 76.9882° E",28.4515,76.9882
2312,flat,dlf regal gardens,sector 90,1.29,7104.0,3,3,3+,12.0,Moderately Old,1817.0,0,1,0,0,0,0,152,"28.4085° N, 76.9369° E",28.4085,76.9369
2313,flat,sbtl caladium,sector 109,1.7,6680.0,3,3,3+,9.0,Moderately Old,2303.0,0,1,0,0,0,0,159,"28.5073° N, 77.0089° E",28.5073,77.0089
2314,flat,pareena laxmi apartments,sector 99a,0.32,5517.0,2,2,1,2.0,New Property,577.0,0,0,0,0,0,0,43,"28.4561° N, 76.9542° E",28.4561,76.9542
2315,flat,conscient heritage max,sector 102,2.2,10237.0,3,4,3+,9.0,Moderately Old,1945.0,1,1,0,0,0,0,125,"28.4750° N, 76.9715° E",28.475,76.9715
2316,flat,signature global orchard avenue,sector 93,0.85,14238.0,2,2,0,10.0,Moderately Old,597.0,0,0,0,0,0,0,0,"28.4153° N, 76.9326° E",28.4153,76.9326
2317,flat,ansal housing highland park,sector 103,0.88,6428.0,2,2,3,3.0,New Property,1232.0,0,0,0,0,0,0,52,"28.4949° N, 76.9845° E",28.4949,76.9845
2318,flat,tarc maceo,sector 91,0.95,5952.0,2,2,2,10.0,Moderately Old,1186.0,0,0,0,0,0,0,77,"28.4014° N, 76.9225° E",28.4014,76.9225
2319,flat,pivotal devaan,sector 84,0.27,7965.0,1,1,1,13.0,Moderately Old,387.0,0,0,0,0,0,2,45,"28.3979° N, 76.9736° E",28.3979,76.9736
2320,flat,experion the heartsong,sector 108,2.28,8204.0,4,5,3+,8.0,Moderately Old,2515.0,0,0,0,0,0,0,101,"28.5134° N, 76.9830° E",28.5134,76.983
2321,flat,mapsko casa bella,sector 82,3.0,6134.0,4,6,3+,25.0,Moderately Old,4425.0,0,1,0,1,0,1,119,"28.3935° N, 76.9600° E",28.3935,76.96
2322,flat,hsiidc sidco shivalik apartments,manesar,0.48,3840.0,2,2,3,7.0,Moderately Old,993.0,0,0,0,0,0,0,88,"28.3515° N, 76.9428° E",28.3515,76.9428
2323,flat,"new colony, gurgaon",sector 7,0.8,8097.0,3,2,1,4.0,Moderately Old,1100.0,0,0,0,0,0,1,69,"28.4644° N, 77.0143° E",28.4644,77.0143
2324,flat,m3m heights,sector 65,2.15,15003.0,2,2,3+,28.0,Moderately Old,1433.0,0,0,0,0,0,0,48,"28.4030° N, 77.0690° E",28.403,77.069
2325,flat,puri emerald bay,sector 104,2.45,10000.0,3,4,3+,14.0,Moderately Old,2131.0,0,1,0,0,0,1,56,"28.4788° N, 76.9960° E",28.4788,76.996
2326,flat,m3m woodshire,sector 107,1.7,6142.0,4,5,3+,9.0,Moderately Old,2505.0,0,1,0,0,0,0,79,"28.5052° N, 76.9729° E",28.5052,76.9729
2327,flat,m3m merlin,sector 67,2.9,14167.0,3,3,3,0.0,Moderately Old,1852.0,0,0,0,0,1,1,49,"28.3859° N, 77.0608° E",28.3859,77.0608
2328,flat,adani aangan arcade,sector 88a,0.45,7188.0,2,2,1,8.0,New Property,695.0,0,0,0,0,0,0,14,"28.4347° N, 76.9557° E",28.4347,76.9557
2329,flat,tulip violet,sector 69,1.38,8973.0,3,3,1,12.0,Moderately Old,1392.0,0,0,0,0,0,0,157,"28.3966° N, 77.0341° E",28.3966,77.0341
2330,house,independent,sector 12,6.0,35088.0,4,6,2,2.0,Old Property,1778.0,0,0,0,0,0,0,0,"28.4723° N, 77.0320° E",28.4723,77.032
2331,house,palam vihar extension west zone rwa,sector 2,0.65,5778.0,2,2,1,1.0,Old Property,1125.0,0,0,1,0,0,0,23,"28.5095° N, 77.0320° E",28.5095,77.032
2332,flat,ramprastha the edge towers,sector 37d,1.1,5528.0,3,3,3,9.0,Moderately Old,1990.0,0,0,0,0,0,0,63,"28.4478° N, 76.9703° E",28.4478,76.9703
2333,flat,smart world orchard,sector 61,2.2,13497.0,3,3,2,3.0,Moderately Old,1811.0,0,0,0,0,0,0,16,"28.4050° N, 77.0963° E",28.405,77.0963
2334,flat,ild grand,sector 37c,0.66,5038.0,2,2,3+,14.0,Moderately Old,1310.0,0,0,0,0,0,0,60,"28.4515° N, 76.9882° E",28.4515,76.9882
2335,flat,m3m the marina,sector 68,2.22,14323.0,3,2,3,4.0,Moderately Old,1403.0,0,0,0,0,0,0,44,"28.3853° N, 77.0484° E",28.3853,77.0484
2336,flat,sukhshanti apartment,sector 56,1.65,7006.0,3,3,3+,5.0,Old Property,2131.0,1,0,0,0,0,1,134,"28.4245° N, 77.0991° E",28.4245,77.0991
2337,house,suncity township,sector 54,2.0,3440.0,9,9,3,11.0,Moderately Old,60.0,0,1,0,0,0,2,7,"28.4348° N, 77.1089° E",28.4348,77.1089
2338,flat,orchid petals,sector 49,4.52,10984.0,5,5,3+,14.0,Moderately Old,3724.0,1,1,0,1,0,0,49,"28.4121° N, 77.0480° E",28.4121,77.048
2339,flat,godrej oasis,sector 88a,0.95,7269.0,2,2,2,6.0,Moderately Old,1452.0,0,0,0,0,0,0,79,"28.4347° N, 76.9557° E",28.4347,76.9557
2340,flat,paras quartier,gwal pahari,7.5,14019.0,4,4,3+,20.0,New Property,4842.0,0,1,0,1,1,1,49,"28.4484° N, 77.0210° E",28.4484,77.021
2341,flat,sidhartha ncr one phase,sector 95,0.9,4500.0,3,3,1,15.0,Moderately Old,2000.0,0,0,0,0,0,0,60,"28.4172° N, 76.9081° E",28.4172,76.9081
2342,flat,belgravia resort residences,sector 48,3.45,18459.0,3,3,3,14.0,Moderately Old,1869.0,0,0,0,0,0,0,0,"28.4177° N, 77.0359° E",28.4177,77.0359
2343,flat,apna enclave,sector 3,0.5,7692.0,2,2,1,1.0,Old Property,722.0,0,0,0,0,0,1,37,"28.4909° N, 77.0176° E",28.4909,77.0176
2344,flat,dlf the belaire,sector 54,10.0,24558.0,4,5,3+,17.0,Moderately Old,3000.0,0,1,0,0,0,2,167,"28.4348° N, 77.1089° E",28.4348,77.1089
2345,flat,ss the leaf,sector 85,1.2,12371.0,2,2,2,4.0,Moderately Old,1190.0,0,1,1,0,0,0,81,"28.4042° N, 76.9513° E",28.4042,76.9513
2346,flat,ats tourmaline,sector 109,1.5,6977.0,3,4,3+,4.0,Moderately Old,1797.0,0,1,0,0,0,0,39,"28.5073° N, 77.0089° E",28.5073,77.0089
2347,flat,alpha corp gurgaonone,sector 84,1.15,7497.0,2,2,3,14.0,Moderately Old,1394.0,1,0,0,0,0,0,28,"28.3979° N, 76.9736° E",28.3979,76.9736
2348,flat,la vida by tata housing,sector 113,3.72,13985.0,5,4,3+,0.0,New Property,2956.0,0,0,0,1,0,2,44,"28.5287° N, 77.0233° E",28.5287,77.0233
2349,flat,sobha city,sector 108,3.25,15685.0,3,3,3,12.0,Moderately Old,1875.0,0,0,0,0,0,0,99,"28.5134° N, 76.9830° E",28.5134,76.983
2350,flat,conscient habitat,sector 99a,0.35,6422.0,2,2,1,3.0,Moderately Old,606.0,0,0,0,0,0,0,62,"28.4561° N, 76.9542° E",28.4561,76.9542
2351,house,independent,sector 12,3.71,19818.0,3,3,1,4.0,Old Property,1872.0,0,0,0,1,0,0,0,"28.4723° N, 77.0320° E",28.4723,77.032
2352,flat,whiteland blissville,sector 76,1.92,11497.0,3,3,2,2.0,Moderately Old,1672.0,0,0,0,0,0,0,61,"28.3935° N, 76.9888° E",28.3935,76.9888
2353,flat,ss the leaf,sector 85,1.93,8075.0,3,4,3,7.0,Moderately Old,2400.0,0,1,0,0,0,0,174,"28.4042° N, 76.9513° E",28.4042,76.9513
2354,flat,shree vardhman flora,sector 90,1.25,4854.0,4,4,3,10.0,Moderately Old,2861.0,1,0,0,1,0,0,174,"28.4085° N, 76.9369° E",28.4085,76.9369
2355,flat,imperia the esfera,sector 37c,0.98,5399.0,3,4,3,9.0,Moderately Old,1660.0,0,1,0,0,1,0,49,"28.4515° N, 76.9882° E",28.4515,76.9882
2356,flat,ansal housing highland park,sector 103,1.25,6443.0,3,3,3+,2.0,New Property,1464.0,0,0,0,1,0,0,105,"28.4949° N, 76.9845° E",28.4949,76.9845
2357,flat,dlf royalton tower,sector 43,6.5,22109.0,4,5,2,8.0,Moderately Old,2661.0,0,1,0,0,0,0,15,"28.4629° N, 77.0772° E",28.4629,77.0772
2358,flat,signature global city 63a,sector 63a,2.0,12804.0,3,3,2,1.0,Moderately Old,1540.0,0,0,0,0,0,0,36,"28.3923° N, 77.0888° E",28.3923,77.0888
2359,house,iffco nagar and 17b rwa,sector 17,3.5,24306.0,2,5,3,3.0,Old Property,1440.0,0,0,0,0,0,0,44,"28.4791° N, 77.0608° E",28.4791,77.0608
2360,flat,ireo the corridors,sector 67a,2.08,12044.0,3,3,2,6.0,Under Construction,1563.0,0,0,0,0,1,0,55,"28.3960° N, 77.0372° E",28.396,77.0372
2361,flat,bestech park view city,sector 48,1.76,9910.0,3,3,3+,9.0,Moderately Old,1576.0,0,1,0,1,0,1,158,"28.4177° N, 77.0359° E",28.4177,77.0359
2362,house,dlf city phase 1,sector 26,5.5,30556.0,4,4,3+,2.0,Old Property,1800.0,0,0,1,1,0,0,49,"28.4757° N, 77.1032° E",28.4757,77.1032
2363,flat,dlf the ultima,sector 81,2.4,11412.0,3,4,3+,19.0,Moderately Old,1903.0,0,1,0,0,0,2,174,"28.3867° N, 76.9485° E",28.3867,76.9485
2364,flat,tulip lemon,sector 69,0.6,11407.0,2,1,1,11.0,Moderately Old,584.0,0,0,0,0,0,0,0,"28.3966° N, 77.0341° E",28.3966,77.0341
2365,flat,bestech park view grand spa,sector 81,4.2,10000.0,4,4,3+,25.0,Moderately Old,3512.0,0,1,0,0,0,1,90,"28.3867° N, 76.9485° E",28.3867,76.9485
2366,flat,indiabulls centrum park,sector 103,1.01,8080.0,2,2,3,5.0,Moderately Old,1338.0,0,0,1,0,0,1,165,"28.4949° N, 76.9845° E",28.4949,76.9845
2367,flat,.,gwal pahari,7.0,10999.0,4,4,3+,6.0,Moderately Old,5430.0,0,1,0,0,0,0,52,"28.4484° N, 77.0210° E",28.4484,77.021
2368,flat,central park 2 bellevue,sector 48,5.0,11628.0,3,4,3,14.0,Moderately Old,4778.0,0,0,0,0,0,0,82,"28.4177° N, 77.0359° E",28.4177,77.0359
2369,flat,pioneer urban presidia,sector 62,6.5,14987.0,4,4,3+,3.0,Moderately Old,3925.0,1,0,0,0,0,0,86,"28.4139° N, 77.0886° E",28.4139,77.0886
2370,flat,the serenas,sector 36,0.42,7910.0,2,2,1,3.0,New Property,590.0,0,0,0,0,0,0,0,"28.4160° N, 76.9914° E",28.416,76.9914
2371,flat,emaar palm gardens,sector 83,1.75,9211.0,3,3,3,6.0,Moderately Old,1600.0,0,1,0,0,0,1,150,"28.3986° N, 76.9647° E",28.3986,76.9647
2372,flat,bhawna cghs,sector 43,3.25,10156.0,4,4,3+,12.0,Moderately Old,3115.0,0,0,0,1,0,1,119,"28.4629° N, 77.0772° E",28.4629,77.0772
2373,flat,m3m woodshire,sector 107,1.29,8836.0,3,3,3+,1.0,Moderately Old,1690.0,0,0,0,1,0,1,174,"28.5052° N, 76.9729° E",28.5052,76.9729
2374,flat,mapsko casa bella,sector 82,1.25,6378.0,3,4,3+,8.0,Under Construction,1774.0,0,0,0,0,0,0,54,"28.3935° N, 76.9600° E",28.3935,76.96
2375,flat,unitech uniworld gardens,sector 47,1.05,10532.0,2,2,2,3.0,Moderately Old,1108.0,0,0,0,0,0,1,34,"28.4276° N, 77.0492° E",28.4276,77.0492
2376,flat,paras dews,sector 106,2.1,8917.0,4,6,3+,6.0,Moderately Old,2131.0,0,1,0,0,1,0,60,"28.5007° N, 77.0003° E",28.5007,77.0003
2377,flat,puri diplomatic greens,sector 111,2.65,13590.0,3,4,2,7.0,Moderately Old,2086.0,0,1,0,0,0,1,159,"28.5238° N, 77.0320° E",28.5238,77.032
2378,flat,ss the leaf,sector 85,2.15,7646.0,4,5,3+,1.0,Moderately Old,2545.0,0,1,0,0,0,0,165,"28.4042° N, 76.9513° E",28.4042,76.9513
2379,flat,sare homes,sector 92,1.12,5359.0,4,4,2,12.0,Moderately Old,2322.0,0,1,0,0,0,0,85,"28.4079° N, 76.9153° E",28.4079,76.9153
2380,flat,ambience creacions,sector 22,4.3,13916.0,3,4,3+,6.0,Moderately Old,2600.0,0,1,0,0,1,2,120,"28.5072° N, 77.0640° E",28.5072,77.064
2381,house,independent,sector 39,1.8,21871.0,1,1,2,3.0,Moderately Old,800.0,0,0,0,0,0,0,0,"28.4434° N, 77.0515° E",28.4434,77.0515
2382,flat,ansal heights 86,sector 86,0.87,5367.0,2,2,1,12.0,New Property,1231.0,0,0,0,0,1,1,45,"28.3986° N, 76.9384° E",28.3986,76.9384
2383,flat,la vida by tata housing,sector 113,1.55,11654.0,2,2,3,2.0,New Property,1276.0,0,0,0,0,0,0,174,"28.5287° N, 77.0233° E",28.5287,77.0233
2384,flat,m3m soulitude,sector 89,1.33,16986.0,3,3,3,4.0,Moderately Old,1423.0,1,0,0,0,0,0,125,"28.4253° N, 76.9439° E",28.4253,76.9439
2385,flat,central park resorts,sector 48,3.65,15240.0,3,3,3+,9.0,Moderately Old,1869.0,0,0,0,0,1,1,157,"28.4177° N, 77.0359° E",28.4177,77.0359
2386,flat,experion windchants,sector 112,2.6,10651.0,2,2,3,8.0,Moderately Old,1939.03,0,0,0,0,0,0,168,"28.5189° N, 77.0183° E",28.5189,77.0183
2387,house,independent,sector 41,11.0,33951.0,4,4,2,3.0,New Property,3240.0,1,1,0,1,0,0,35,"28.4557° N, 77.0632° E",28.4557,77.0632
2388,flat,pareena coban residences,sector 99a,1.13,5658.0,3,5,3,5.0,Moderately Old,1790.0,0,1,0,0,1,0,49,"28.4561° N, 76.9542° E",28.4561,76.9542
2389,flat,tulip violet,sector 69,1.4,8872.0,3,3,2,11.0,Moderately Old,1428.0,0,0,0,1,0,0,126,"28.3966° N, 77.0341° E",28.3966,77.0341
2390,flat,pareena mi casa,sector 68,1.1,8835.0,2,2,3,11.0,New Property,1127.0,0,0,0,0,0,0,95,"28.3853° N, 77.0484° E",28.3853,77.0484
2391,flat,ireo skyon,sector 60,2.65,13125.0,3,4,3+,7.0,Moderately Old,2037.0,0,1,0,0,0,1,152,"28.4003° N, 77.0975° E",28.4003,77.0975
2392,flat,ramson kshitij sec-95 gurugram,sector 95,0.27,2700.0,2,2,0,1.0,New Property,758.0,0,0,0,0,0,0,0,"28.4172° N, 76.9081° E",28.4172,76.9081
2393,house,independent,sector 11,2.1,17284.0,2,6,3+,3.0,Moderately Old,1215.0,0,0,0,0,0,0,14,"28.4531° N, 77.0202° E",28.4531,77.0202
2394,flat,emaar digihomes,sector 62,2.15,14257.0,2,2,3,31.0,Under Construction,1676.0,0,0,0,0,0,0,101,"28.4139° N, 77.0886° E",28.4139,77.0886
2395,house,independent,sector 105,0.6,13333.0,3,3,0,3.0,Old Property,450.0,0,0,0,0,0,0,0,"28.4952° N, 77.0114° E",28.4952,77.0114
2396,flat,hero homes,sector 104,1.35,9568.0,3,2,2,18.0,New Property,1094.0,0,0,0,0,0,0,49,"28.4788° N, 76.9960° E",28.4788,76.996
2397,flat,project krishna colony,sector 7,0.36,5143.0,2,2,1,0.0,Moderately Old,700.0,0,0,0,0,0,0,0,"28.4644° N, 77.0143° E",28.4644,77.0143
2398,flat,shapoorji pallonji joyville gurugram,sector 102,1.75,15514.0,3,3,3+,1.0,Moderately Old,1465.0,0,0,0,0,0,0,49,"28.4750° N, 76.9715° E",28.475,76.9715
2399,flat,m3m woodshire,sector 107,0.9,5867.0,2,2,3,8.0,Moderately Old,1281.0,1,0,0,0,0,1,74,"28.5052° N, 76.9729° E",28.5052,76.9729
2400,flat,mapsko royale ville,sector 82,1.22,7176.0,3,5,3+,10.0,Moderately Old,2000.0,0,1,0,1,0,1,76,"28.3935° N, 76.9600° E",28.3935,76.96
2401,house,independent,sector 23,5.0,16244.0,4,4,2,2.0,Old Property,3078.0,0,0,0,0,0,0,7,"28.5121° N, 77.0478° E",28.5121,77.0478
2402,flat,ss almeria,sector 84,1.48,7400.0,3,3,2,1.0,New Property,1624.0,0,1,1,0,0,1,139,"28.3979° N, 76.9736° E",28.3979,76.9736
2403,flat,smart world orchard,sector 61,1.58,13739.0,2,2,2,3.0,New Property,1278.0,1,0,0,0,0,0,15,"28.4050° N, 77.0963° E",28.405,77.0963
2404,flat,tulip violet,sector 69,1.76,8756.0,4,4,2,6.0,Moderately Old,1819.0,0,0,0,0,0,0,108,"28.3966° N, 77.0341° E",28.3966,77.0341
2405,flat,orchid petals,sector 49,2.35,11559.0,3,3,3,15.0,Moderately Old,2030.0,0,0,0,0,1,0,49,"28.4121° N, 77.0480° E",28.4121,77.048
2406,house,independent,sector 25,4.35,32222.0,5,4,3,3.0,Old Property,1350.0,0,1,0,0,0,0,49,"28.4844° N, 77.0860° E",28.4844,77.086
2407,house,independent,sector 50,6.5,21667.0,5,6,0,1.0,Old Property,3000.0,0,0,0,0,0,0,0,"28.4178° N, 77.0628° E",28.4178,77.0628
2408,flat,paras dews,sector 106,0.95,6859.0,2,2,3+,2.0,Moderately Old,940.0,0,0,0,0,0,0,49,"28.5007° N, 77.0003° E",28.5007,77.0003
2409,house,dlf city phase 1,sector 26,3.25,3681.0,3,3,3,2.0,Old Property,981.0,1,0,0,0,0,0,79,"28.4757° N, 77.1032° E",28.4757,77.1032
2410,flat,pyramid urban,sector 67a,0.62,11855.0,2,2,2,2.0,Moderately Old,581.0,0,0,0,0,0,0,64,"28.3960° N, 77.0372° E",28.396,77.0372
2411,house,dlf city plots phase 2,sector 25,10.75,29861.0,9,9,3+,3.0,Old Property,3600.0,0,1,1,1,0,0,73,"28.4844° N, 77.0860° E",28.4844,77.086
2412,flat,orris carnation residency,sector 85,0.72,4881.0,3,3,2,9.0,Moderately Old,1350.0,0,0,0,0,1,0,49,"28.4042° N, 76.9513° E",28.4042,76.9513
2413,flat,godrej nature plus,sector 92,1.4,9333.0,2,2,3,14.0,Under Construction,1448.0,0,0,0,0,0,0,67,"28.4079° N, 76.9153° E",28.4079,76.9153
2414,flat,krrish florence estate,sector 70,1.25,6702.0,3,3,3,18.0,Under Construction,1688.0,0,0,0,0,0,0,51,"28.3968° N, 77.0233° E",28.3968,77.0233
2415,house,independent,sector 50,12.5,40611.0,6,5,3,4.0,Old Property,3078.0,1,1,0,1,0,1,23,"28.4178° N, 77.0628° E",28.4178,77.0628
2416,flat,ats triumph,sector 104,1.95,8515.0,3,3,3+,3.0,New Property,2544.0,0,1,0,0,0,0,69,"28.4788° N, 76.9960° E",28.4788,76.996
2417,flat,tulip violet,sector 69,1.38,8967.0,3,3,1,12.0,Moderately Old,1392.0,0,0,0,1,0,0,86,"28.3966° N, 77.0341° E",28.3966,77.0341
2418,flat,vatika gurgaon,sector 83,1.25,6313.0,3,3,2,2.0,Moderately Old,1792.0,0,1,0,0,0,0,119,"28.3986° N, 76.9647° E",28.3986,76.9647
2419,flat,shree vardhman flora,sector 90,0.8,5926.0,2,3,2,0.0,Moderately Old,1350.0,0,0,0,0,0,0,60,"28.4085° N, 76.9369° E",28.4085,76.9369
2420,flat,smart world gems,sector 89,0.86,7797.0,2,3,3,4.0,Under Construction,998.0,0,0,0,0,0,0,45,"28.4253° N, 76.9439° E",28.4253,76.9439
2421,flat,experion the heartsong,sector 108,2.08,9905.0,4,4,3+,3.0,Moderately Old,2631.0,0,1,0,0,0,0,126,"28.5134° N, 76.9830° E",28.5134,76.983
2422,flat,shree vardhman flora,sector 90,0.65,4962.0,2,2,3,11.0,Moderately Old,1225.0,1,0,0,0,0,1,49,"28.4085° N, 76.9369° E",28.4085,76.9369
2423,flat,godrej nature plus,sector 33,1.4,15119.0,3,2,3+,20.0,New Property,113.0,0,0,0,0,0,0,70,"28.4420° N, 77.0207° E",28.442,77.0207
2424,flat,bestech park view city,sector 48,1.8,10251.0,3,4,3,3.0,Moderately Old,1951.0,1,0,0,0,0,1,76,"28.4177° N, 77.0359° E",28.4177,77.0359
2425,house,independent,sector 25,7.6,38756.0,2,9,3,4.0,Moderately Old,1935.0,1,0,1,1,0,1,84,"28.4844° N, 77.0860° E",28.4844,77.086
2426,flat,apex our homes,sector 37c,0.38,4108.0,2,2,1,9.0,Moderately Old,925.0,0,0,0,0,0,0,65,"28.4515° N, 76.9882° E",28.4515,76.9882
2427,flat,spaze privy at,sector 84,1.35,9643.0,3,3,3,7.0,Moderately Old,1750.0,0,0,0,1,0,0,90,"28.3979° N, 76.9736° E",28.3979,76.9736
2428,flat,tulip violet,sector 69,1.76,9514.0,3,4,2,0.0,Moderately Old,1674.0,0,0,0,0,0,0,157,"28.3966° N, 77.0341° E",28.3966,77.0341
2429,house,independent,sector 109,1.55,6568.0,3,2,0,1.0,Moderately Old,2360.0,0,0,0,0,0,0,0,"28.5073° N, 77.0089° E",28.5073,77.0089
2430,house,international city by sobha phase 2,sector 109,11.3,25111.0,7,5,3+,4.0,Moderately Old,480.0,1,1,0,1,1,0,49,"28.5073° N, 77.0089° E",28.5073,77.0089
2431,flat,dlf the primus,sector 82a,1.8,13846.0,3,3,3+,10.0,Moderately Old,1545.0,0,1,0,0,0,2,174,"28.3858° N, 76.9686° E",28.3858,76.9686
2432,house,emaar mgf marbella,sector 66,9.0,21251.0,4,4,3+,0.2,Moderately Old,5200.0,0,1,1,1,0,1,114,"28.3925° N, 77.0541° E",28.3925,77.0541
2433,flat,pgr shree kripaluji apartment,sector 52,1.4,6087.0,3,3,3+,8.0,Moderately Old,2556.0,0,0,0,0,0,1,80,"28.4379° N, 77.0785° E",28.4379,77.0785
2434,flat,ss the leaf,sector 85,1.06,6344.0,2,2,2,12.0,Moderately Old,1512.0,0,0,0,0,0,0,44,"28.4042° N, 76.9513° E",28.4042,76.9513
2435,house,unitech nirvana birch court,sector 50,7.1,31430.0,3,3,3,1.0,Old Property,240.0,0,1,0,0,0,0,49,"28.4178° N, 77.0628° E",28.4178,77.0628
2436,flat,shree vardhman victoria,sector 70,1.07,7926.0,2,2,3,8.0,Moderately Old,1222.0,1,0,0,0,0,0,108,"28.3968° N, 77.0233° E",28.3968,77.0233
2437,flat,smart world gems,sector 89,0.88,7964.0,2,2,3,2.0,New Property,1228.0,1,0,0,0,0,0,44,"28.4253° N, 76.9439° E",28.4253,76.9439
2438,flat,signature global synera,sector 81,0.31,7434.0,1,1,1,13.0,Moderately Old,366.0,0,0,0,0,0,2,123,"28.3867° N, 76.9485° E",28.3867,76.9485
2439,house,not applicable,sector 4,0.4,9259.0,1,1,1,1.0,Old Property,432.0,0,0,0,0,0,0,0,"28.4738° N, 77.0107° E",28.4738,77.0107
2440,flat,chintels paradiso,sector 109,1.8,8867.0,3,3,2,0.0,Moderately Old,1910.0,0,1,0,0,0,0,83,"28.5073° N, 77.0089° E",28.5073,77.0089
2441,flat,ats tourmaline,sector 109,2.25,8704.0,3,4,3,14.0,Moderately Old,2339.0,0,1,0,0,0,0,101,"28.5073° N, 77.0089° E",28.5073,77.0089
2442,flat,emaar mgf emerald floors premier,sector 65,2.65,16061.0,3,3,3,5.0,Moderately Old,1833.0,1,1,0,0,0,0,37,"28.4030° N, 77.0690° E",28.403,77.069
2443,flat,shree vardhman victoria,sector 70,1.15,8519.0,2,2,3,8.0,Moderately Old,1222.0,1,0,0,0,1,0,49,"28.3968° N, 77.0233° E",28.3968,77.0233
2444,flat,m3m sierra 68,sector 68,1.08,8675.0,2,2,3,1.0,Moderately Old,1130.0,0,0,0,0,0,1,149,"28.3853° N, 77.0484° E",28.3853,77.0484
2445,flat,godrej nature plus,sector 33,1.9,9850.0,3,3,3+,14.0,New Property,2143.0,0,1,0,0,0,0,96,"28.4420° N, 77.0207° E",28.442,77.0207
2446,house,independent,sector 40,5.0,21124.0,9,9,3+,3.0,Old Property,2367.0,0,1,1,0,0,1,83,"28.4498° N, 77.0567° E",28.4498,77.0567
2447,house,independent,sector 43,5.3,27390.0,3,9,3+,3.0,Old Property,1935.0,0,1,0,0,0,1,71,"28.4629° N, 77.0772° E",28.4629,77.0772
2448,flat,dlf regency park,sector 90,2.3,11819.0,3,3,3,7.0,Moderately Old,1777.0,0,1,0,0,0,0,117,"28.4085° N, 76.9369° E",28.4085,76.9369
2449,flat,ambience creacions,sector 22,2.0,14493.0,2,2,2,9.0,Moderately Old,1533.0,0,0,0,0,0,0,49,"28.5072° N, 77.0640° E",28.5072,77.064
2450,flat,suncity heights,sector 54,3.85,16446.0,3,3,3+,8.0,Old Property,2119.0,0,1,0,0,0,0,67,"28.4348° N, 77.1089° E",28.4348,77.1089
2451,house,independent,sector 108,1.34,5000.0,1,1,0,1.0,Moderately Old,2680.0,0,0,0,0,0,0,0,"28.5134° N, 76.9830° E",28.5134,76.983
2452,house,independent,sector 4,0.85,7522.0,3,3,0,1.0,Old Property,1130.0,0,0,0,0,0,0,0,"28.4738° N, 77.0107° E",28.4738,77.0107
2453,flat,ats triumph,sector 104,2.62,8317.0,4,4,3+,14.0,Moderately Old,2851.0,0,1,0,0,0,0,174,"28.4788° N, 76.9960° E",28.4788,76.996
2454,flat,the penthouses at the hibiscus,sector 50,8.0,8888.0,4,3,3,7.0,Moderately Old,10000.0,0,1,0,0,0,0,35,"28.4178° N, 77.0628° E",28.4178,77.0628
2455,flat,ats kocoon,sector 109,1.7,12879.0,3,3,3,22.0,Moderately Old,1550.0,0,0,0,0,0,0,103,"28.5073° N, 77.0089° E",28.5073,77.0089
2456,flat,godrej summit,sector 104,1.3,7893.0,3,3,3,8.0,New Property,1490.0,0,0,0,0,1,0,103,"28.4788° N, 76.9960° E",28.4788,76.996
2457,flat,m3m capital,sector 113,2.57,15576.0,4,5,3+,25.0,Moderately Old,2060.0,1,0,0,0,0,1,79,"28.5287° N, 77.0233° E",28.5287,77.0233
2458,flat,microtek greenburg,sector 86,1.23,8311.0,2,2,3,13.0,Moderately Old,1339.0,1,0,0,0,0,0,6,"28.3986° N, 76.9384° E",28.3986,76.9384
2459,flat,antriksh heights,sector 84,0.54,4459.0,2,2,3+,17.0,Moderately Old,1086.0,0,0,0,0,0,0,81,"28.3979° N, 76.9736° E",28.3979,76.9736
2460,flat,signature global the millennia,sector 37d,0.55,9167.0,2,2,3,3.0,New Property,543.0,0,0,0,0,0,0,53,"28.4478° N, 76.9703° E",28.4478,76.9703
2461,house,dlf south city 1,sector 41,2.65,18929.0,3,3,3,4.0,New Property,1800.0,0,1,0,0,0,1,22,"28.4557° N, 77.0632° E",28.4557,77.0632
2462,flat,indiabulls enigma,sector 110,3.6,10588.0,4,5,3,7.0,Moderately Old,3077.0,0,1,0,0,0,0,165,"28.5145° N, 77.0197° E",28.5145,77.0197
2463,house,independent,sector 8,0.32,7111.0,2,3,1,1.0,Moderately Old,450.0,0,0,0,0,0,0,0,"28.3738° N, 76.8970° E",28.3738,76.897
2464,flat,godrej habitat,sector 76,1.2,8310.0,2,2,3,0.0,Moderately Old,1307.0,0,0,0,0,0,0,60,"28.3935° N, 76.9888° E",28.3935,76.9888
2465,flat,ambience creacions,sector 22,1.75,12700.0,2,2,2,11.0,New Property,1249.0,0,0,0,0,0,0,57,"28.5072° N, 77.0640° E",28.5072,77.064
2466,flat,emaar mgf emerald estate,sector 65,1.75,12545.0,3,3,3,10.0,Moderately Old,1081.0,0,1,0,0,0,1,124,"28.4030° N, 77.0690° E",28.403,77.069
2467,flat,park royal apartment,sector 56,1.71,7600.0,3,3,3+,5.0,Old Property,2251.0,0,1,0,0,0,1,118,"28.4245° N, 77.0991° E",28.4245,77.0991
2468,flat,ild greens,sector 37c,0.95,5067.0,3,3,3+,0.0,New Property,1697.0,0,0,0,0,0,0,51,"28.4515° N, 76.9882° E",28.4515,76.9882
2469,flat,m3m sierra 68,sector 68,1.13,9076.0,2,2,3,9.0,Moderately Old,1130.0,0,0,0,0,0,1,149,"28.3853° N, 77.0484° E",28.3853,77.0484
2470,flat,m3m capital,sector 113,2.37,11499.0,4,4,3+,20.0,Under Construction,2060.0,1,0,0,0,0,0,143,"28.5287° N, 77.0233° E",28.5287,77.0233
2471,house,independent,sector 7,0.66,12000.0,3,1,1,3.0,Moderately Old,550.0,0,0,0,0,1,0,22,"28.4644° N, 77.0143° E",28.4644,77.0143
2472,flat,m3m woodshire,sector 107,0.98,6422.0,2,2,3,7.0,Moderately Old,1281.0,1,0,0,0,0,1,174,"28.5052° N, 76.9729° E",28.5052,76.9729
2473,flat,la vida by tata housing,sector 113,2.35,10600.0,3,3,3,11.0,New Property,2210.0,0,1,0,0,0,0,174,"28.5287° N, 77.0233° E",28.5287,77.0233
2474,flat,raheja vedaanta,sector 108,0.7,4522.0,2,2,3,1.0,Moderately Old,1548.0,0,0,0,0,0,0,0,"28.5134° N, 76.9830° E",28.5134,76.983
2475,house,independent,sector 4,0.67,9795.0,3,3,2,2.0,Moderately Old,76.0,0,0,0,0,1,0,7,"28.4738° N, 77.0107° E",28.4738,77.0107
2476,flat,emaar gurgaon greens,sector 102,1.3,7879.0,3,3,3,4.0,Moderately Old,1315.0,0,1,0,0,0,1,125,"28.4750° N, 76.9715° E",28.475,76.9715
2477,flat,mariners home,sector 56,2.11,8612.0,3,2,3,4.0,Moderately Old,2250.0,0,0,0,0,1,1,126,"28.4245° N, 77.0991° E",28.4245,77.0991
2478,house,independent,sector 27,8.0,26298.0,9,9,3,4.0,Moderately Old,3042.0,1,1,1,1,0,2,110,"28.4658° N, 77.0917° E",28.4658,77.0917
2479,flat,tulip violet,sector 69,1.7,8458.0,4,4,2,10.0,Moderately Old,1804.0,1,1,1,1,0,0,174,"28.3966° N, 77.0341° E",28.3966,77.0341
2480,flat,experion the heartsong,sector 108,0.9,7015.0,2,3,3,2.0,Moderately Old,978.23,0,1,0,0,0,0,94,"28.5134° N, 76.9830° E",28.5134,76.983
2481,flat,smart world orchard,sector 61,1.47,12783.0,2,2,2,4.0,Moderately Old,1278.0,1,0,0,0,0,0,31,"28.4050° N, 77.0963° E",28.405,77.0963
2482,house,independent,sector 26,6.0,33333.0,3,5,3+,3.0,Old Property,1800.0,0,0,0,0,0,1,9,"28.4757° N, 77.1032° E",28.4757,77.1032
2483,flat,signature global orchard avenue,sector 93,0.85,14238.0,2,2,0,10.0,Moderately Old,597.0,0,0,0,0,0,0,0,"28.4153° N, 76.9326° E",28.4153,76.9326
2484,flat,shree arihant apartment,sector 54,1.55,7381.0,3,3,3+,3.0,Moderately Old,2000.0,0,0,0,1,1,1,125,"28.4348° N, 77.1089° E",28.4348,77.1089
2485,flat,raheja vedaanta,sector 108,0.7,4651.0,2,2,2,12.0,Moderately Old,1362.0,0,0,0,0,0,0,72,"28.5134° N, 76.9830° E",28.5134,76.983
2486,flat,tata primanti,sector 72,3.9,13425.0,4,4,3+,39.0,Moderately Old,2509.0,0,1,0,0,1,0,49,"28.4225° N, 77.0211° E",28.4225,77.0211
2487,flat,mapsko mount ville,sector 79,1.3,8025.0,3,3,3+,1.0,Moderately Old,1213.0,0,0,0,0,0,1,140,"28.3624° N, 76.9787° E",28.3624,76.9787
2488,flat,signature global grand iva,sector 103,0.3,8287.0,1,2,2,5.0,New Property,402.0,0,0,0,0,0,0,37,"28.4949° N, 76.9845° E",28.4949,76.9845
2489,house,independent,sector 23,5.1,16569.0,3,2,0,1.0,Old Property,125.0,0,0,0,0,1,0,27,"28.5121° N, 77.0478° E",28.5121,77.0478
2490,flat,m3m skywalk,sector 74,2.25,12500.0,3,3,3,5.0,Moderately Old,1900.0,1,0,0,0,0,0,174,"28.4158° N, 77.0118° E",28.4158,77.0118
2491,house,independent,sector 23,1.2,6231.0,3,2,2,3.0,New Property,1500.0,0,0,0,0,0,1,79,"28.5121° N, 77.0478° E",28.5121,77.0478
2492,flat,assotech blith,sector 99,0.92,6740.0,2,2,3+,22.0,Under Construction,1235.0,0,0,0,0,0,0,56,"28.4640° N, 76.9614° E",28.464,76.9614
2493,house,independent,sector 51,2.25,2778.0,6,3,3+,3.0,Moderately Old,900.0,0,0,0,0,0,0,54,"28.4320° N, 77.0686° E",28.432,77.0686
2494,flat,paras dews,sector 106,1.4,6001.0,3,4,3+,12.0,Under Construction,1593.0,1,1,0,0,1,0,55,"28.5007° N, 77.0003° E",28.5007,77.0003
2495,flat,sbr apartment,manesar,0.68,4456.0,3,3,3,2.0,Moderately Old,1526.0,0,0,0,0,0,0,0,"28.3515° N, 76.9428° E",28.3515,76.9428
2496,flat,bestech park view grand spa,sector 81,4.5,10714.0,4,6,3+,17.0,Moderately Old,3801.0,0,1,0,0,0,1,44,"28.3867° N, 76.9485° E",28.3867,76.9485
2497,flat,emaar mgf the palm drive,sector 66,3.98,18091.0,3,4,3+,2.0,Moderately Old,1991.0,0,1,0,0,0,1,123,"28.3925° N, 77.0541° E",28.3925,77.0541
2498,flat,signature global solera 2,sector 107,0.5,8929.0,2,2,2,13.0,New Property,622.0,0,0,0,0,0,0,8,"28.5052° N, 76.9729° E",28.5052,76.9729
2499,flat,ats tourmaline,sector 109,1.45,6744.0,3,4,3+,4.0,Moderately Old,1797.0,0,1,0,0,0,0,71,"28.5073° N, 77.0089° E",28.5073,77.0089
2500,flat,m3m heights,sector 65,2.78,15200.0,3,3,3,44.0,Moderately Old,1654.0,0,0,0,0,0,0,56,"28.4030° N, 77.0690° E",28.403,77.069
2501,flat,signature global the millennia 3,sector 37d,0.5,7143.0,3,3,2,2.0,Moderately Old,778.0,0,0,0,0,0,0,31,"28.4478° N, 76.9703° E",28.4478,76.9703
2502,flat,ats kocoon,sector 109,2.2,10023.0,3,4,3,8.0,Moderately Old,1860.0,0,1,0,0,0,0,156,"28.5073° N, 77.0089° E",28.5073,77.0089
2503,flat,supertech basera,sector 79,0.36,7643.0,2,2,1,4.0,New Property,546.0,0,0,0,0,0,0,60,"28.3624° N, 76.9787° E",28.3624,76.9787
2504,flat,ild greens,sector 37c,1.0,4724.0,3,3,3,3.0,Under Construction,1629.0,0,0,0,0,0,0,51,"28.4515° N, 76.9882° E",28.4515,76.9882
2505,flat,signature the roselia,sector 95,0.41,6193.0,2,2,2,12.0,New Property,670.0,1,0,0,0,0,1,90,"28.4172° N, 76.9081° E",28.4172,76.9081
2506,flat,m3m golfestate,sector 65,13.2,12000.0,4,4,3,13.0,Moderately Old,12222.0,0,1,0,0,0,0,60,"28.4030° N, 77.0690° E",28.403,77.069
2507,house,ansal sushant lok,sector 43,10.5,27911.0,4,4,2,0.2,Old Property,3762.0,0,1,0,0,0,0,59,"28.4629° N, 77.0772° E",28.4629,77.0772
2508,flat,signature global solera,sector 107,0.51,7907.0,3,2,2,9.0,Moderately Old,717.0,0,0,0,0,1,0,15,"28.5052° N, 76.9729° E",28.5052,76.9729
2509,flat,ats kocoon,sector 109,2.95,10351.0,4,4,3+,7.0,Moderately Old,3150.0,0,1,1,0,0,1,158,"28.5073° N, 77.0089° E",28.5073,77.0089
2510,flat,bptp terra,sector 37d,1.45,8007.0,3,3,3,9.0,Moderately Old,1639.0,0,0,0,0,0,0,107,"28.4478° N, 76.9703° E",28.4478,76.9703
2511,flat,suncity vatsal valley,gwal pahari,1.38,9650.0,3,3,2,1.0,Moderately Old,1294.0,0,0,0,0,0,1,151,"28.4484° N, 77.0210° E",28.4484,77.021
2512,house,independent,sector 14,3.4,15111.0,3,3,3,1.0,Old Property,2250.0,0,0,0,0,0,0,32,"28.4711° N, 77.0454° E",28.4711,77.0454
2513,house,independent,sector 7,2.0,13889.0,2,2,2,2.0,Old Property,1440.0,0,0,0,0,0,0,22,"28.4644° N, 77.0143° E",28.4644,77.0143
2514,flat,tulip violet,sector 69,1.43,8888.0,3,3,2,1.0,Moderately Old,1455.0,0,0,0,1,0,0,86,"28.3966° N, 77.0341° E",28.3966,77.0341
2515,flat,maa bhagwati residency,sector 7,0.45,5000.0,2,2,1,4.0,Moderately Old,1000.0,0,0,0,0,0,0,28,"28.4644° N, 77.0143° E",28.4644,77.0143
2516,house,international city by sobha phase 2,sector 109,8.75,24306.0,5,5,3+,3.0,New Property,3600.0,1,1,1,1,0,1,153,"28.5073° N, 77.0089° E",28.5073,77.0089
2517,flat,bestech park view grand spa,sector 81,2.29,8609.0,3,4,3+,10.0,Moderately Old,2315.0,1,1,0,0,0,2,174,"28.3867° N, 76.9485° E",28.3867,76.9485
2518,house,independent,sector 12,0.38,4222.0,3,3,3,3.0,Moderately Old,900.0,0,0,0,0,0,0,0,"28.4723° N, 77.0320° E",28.4723,77.032
2519,flat,ss the leaf,sector 85,1.14,6951.0,2,2,3,4.0,Moderately Old,1484.0,0,0,0,0,0,0,109,"28.4042° N, 76.9513° E",28.4042,76.9513
2520,flat,vatika the seven lamps,sector 82,1.39,6411.0,3,3,3+,11.0,Moderately Old,1955.0,1,1,0,0,0,1,117,"28.3935° N, 76.9600° E",28.3935,76.96
2521,house,shivaji nagar residential,sector 11,3.08,11407.0,6,4,2,1.0,Old Property,2700.0,0,0,0,0,0,0,0,"28.4531° N, 77.0202° E",28.4531,77.0202
2522,flat,m3m merlin,sector 67,3.5,14843.0,3,4,3+,15.0,Moderately Old,2134.0,0,1,0,0,0,1,158,"28.3859° N, 77.0608° E",28.3859,77.0608
2523,flat,chintels paradiso,sector 109,1.97,7490.0,4,4,2,11.0,Moderately Old,2380.0,0,1,0,1,0,0,49,"28.5073° N, 77.0089° E",28.5073,77.0089
2524,house,ansal api esencia,sector 67,1.85,8222.0,3,3,3,1.0,Moderately Old,278.0,0,0,0,0,0,0,49,"28.3859° N, 77.0608° E",28.3859,77.0608
2525,house,independent,sector 6,1.0,4630.0,6,4,0,3.0,Old Property,240.0,0,0,0,0,0,0,0,"28.4745° N, 77.0262° E",28.4745,77.0262
2526,flat,la vida by tata housing,sector 113,3.05,11338.0,3,4,3,15.0,New Property,2600.0,0,1,0,0,0,0,174,"28.5287° N, 77.0233° E",28.5287,77.0233
2527,flat,emaar gurgaon greens,sector 102,1.55,9394.0,3,4,3,7.0,Moderately Old,1315.0,0,1,0,0,0,1,152,"28.4750° N, 76.9715° E",28.475,76.9715
2528,flat,godrej nature plus,sector 33,1.35,8232.0,3,2,3+,7.0,Moderately Old,1484.0,0,0,0,1,0,0,49,"28.4420° N, 77.0207° E",28.442,77.0207
2529,flat,sukhshanti apartment,sector 56,1.7,7727.0,3,3,3,4.0,Old Property,2200.0,1,0,0,0,0,0,49,"28.4245° N, 77.0991° E",28.4245,77.0991
2530,flat,godrej summit,sector 104,0.85,6894.0,2,2,3,12.0,Moderately Old,1611.0,1,0,0,0,1,0,61,"28.4788° N, 76.9960° E",28.4788,76.996
2531,flat,la vida by tata housing,sector 113,3.05,15561.0,3,4,3,3.0,Moderately Old,2150.0,0,1,0,0,0,0,174,"28.5287° N, 77.0233° E",28.5287,77.0233
2532,house,independent,sector 104,0.6,5128.0,4,3,1,2.0,Moderately Old,1170.0,0,0,0,0,0,0,0,"28.4788° N, 76.9960° E",28.4788,76.996
2533,house,dlf floors phase 3,sector 24,3.51,12342.0,4,4,3,4.0,Under Construction,2844.0,1,1,1,1,0,1,160,"28.4939° N, 77.1038° E",28.4939,77.1038
2534,house,dlf city plots,sector 26,17.3,38737.0,6,7,3+,3.0,New Property,4518.0,1,1,1,1,0,1,124,"28.4757° N, 77.1032° E",28.4757,77.1032
2535,house,independent,sector 57,3.49,20197.0,4,4,2,3.0,Old Property,1728.0,1,1,0,1,0,1,49,"28.4232° N, 77.0752° E",28.4232,77.0752
2536,house,independent,sector 4,0.92,15257.0,1,4,3,4.0,Old Property,603.0,0,0,0,0,1,0,0,"28.4738° N, 77.0107° E",28.4738,77.0107
2537,house,independent,sector 7,0.9,10000.0,2,4,3,3.0,Old Property,900.0,0,1,0,0,1,1,44,"28.4644° N, 77.0143° E",28.4644,77.0143
2538,flat,emaar gurgaon greens,sector 102,1.52,9212.0,3,3,3,7.0,Moderately Old,1315.0,0,1,0,0,0,1,137,"28.4750° N, 76.9715° E",28.475,76.9715
2539,house,independent,sector 39,5.15,14071.0,5,5,0,1.0,Moderately Old,340.0,0,0,0,0,0,0,0,"28.4434° N, 77.0515° E",28.4434,77.0515
2540,flat,dlf new town heights,sector 90,1.88,6894.0,4,4,3+,20.0,Moderately Old,2726.0,0,1,0,1,0,0,145,"28.4085° N, 76.9369° E",28.4085,76.9369
2541,flat,pareena laxmi apartments,sector 99a,0.31,5905.0,2,2,2,6.0,New Property,583.0,0,0,0,0,0,0,74,"28.4561° N, 76.9542° E",28.4561,76.9542
2542,flat,emaar the palm drive,sector 66,3.9,18634.0,3,4,3,2.0,Moderately Old,2200.0,0,0,0,0,0,0,0,"28.3925° N, 77.0541° E",28.3925,77.0541
2543,flat,signature global city 92,sector 92,0.78,7723.0,2,2,3,2.0,Moderately Old,846.0,0,0,0,0,1,0,24,"28.4079° N, 76.9153° E",28.4079,76.9153
2544,flat,godrej aria,sector 79,1.3,9623.0,2,4,2,3.0,Moderately Old,1223.0,0,0,0,0,0,0,53,"28.3624° N, 76.9787° E",28.3624,76.9787
2545,flat,orris carnation residency,sector 85,0.9,4532.0,4,4,3,8.0,Moderately Old,1575.0,0,0,0,0,0,1,40,"28.4042° N, 76.9513° E",28.4042,76.9513
2546,flat,tulip violet,sector 69,2.0,9583.0,4,4,2,0.0,Moderately Old,1889.0,0,0,0,0,0,0,157,"28.3966° N, 77.0341° E",28.3966,77.0341
2547,flat,emaar palm gardens,sector 83,1.4,9675.0,3,3,3,11.0,Moderately Old,1582.0,0,1,0,0,0,2,58,"28.3986° N, 76.9647° E",28.3986,76.9647
2548,flat,emaar mgf palm hills,sector 77,1.25,8621.0,3,4,3,1.0,Moderately Old,1611.0,0,1,0,0,0,1,104,"28.3801° N, 76.9845° E",28.3801,76.9845
2549,flat,ss the leaf,sector 85,1.2,7317.0,2,2,3,12.0,Moderately Old,1484.0,0,0,0,0,0,1,157,"28.4042° N, 76.9513° E",28.4042,76.9513
2550,house,independent,sector 7,3.0,11494.0,7,7,0,3.0,Old Property,2610.0,0,0,0,0,0,0,0,"28.4644° N, 77.0143° E",28.4644,77.0143
2551,flat,signature global city 92,sector 92,0.99,9074.0,3,2,3,1.0,Moderately Old,1091.0,0,0,0,0,0,0,24,"28.4079° N, 76.9153° E",28.4079,76.9153
2552,flat,dlf the skycourt,sector 86,2.2,11500.0,3,3,1,7.0,Moderately Old,1747.0,0,0,0,1,0,2,77,"28.3986° N, 76.9384° E",28.3986,76.9384
2553,flat,paras quartier,gwal pahari,5.9,11028.0,4,4,3+,0.0,New Property,5350.0,0,0,0,0,0,0,63,"28.4484° N, 77.0210° E",28.4484,77.021
2554,flat,kiran residency,sector 56,1.55,6889.0,3,3,3+,5.0,Old Property,1900.0,0,1,0,1,0,1,92,"28.4245° N, 77.0991° E",28.4245,77.0991
2555,flat,ss the leaf,sector 85,1.83,7609.0,3,4,3,9.0,Moderately Old,1925.0,0,0,0,0,0,0,49,"28.4042° N, 76.9513° E",28.4042,76.9513
2556,flat,ansal estella,sector 103,1.5,8671.0,3,3,3+,6.0,Under Construction,1741.0,0,0,0,0,0,0,58,"28.4949° N, 76.9845° E",28.4949,76.9845
2557,house,independent,sector 56,2.95,20233.0,2,2,0,1.0,Old Property,162.0,0,0,0,0,0,0,0,"28.4245° N, 77.0991° E",28.4245,77.0991
2558,flat,dlf the ultima,sector 81,2.3,14375.0,3,4,3+,18.0,Moderately Old,1854.0,0,1,0,0,0,2,174,"28.3867° N, 76.9485° E",28.3867,76.9485
2559,house,independent,sector 6,0.5,8333.0,3,3,2,2.0,Old Property,600.0,0,0,0,1,0,0,0,"28.4745° N, 77.0262° E",28.4745,77.0262
2560,flat,tulip violet,sector 69,1.92,15360.0,4,4,2,0.0,Moderately Old,1389.0,0,0,0,0,0,0,174,"28.3966° N, 77.0341° E",28.3966,77.0341
2561,flat,dlf the ultima,sector 81,2.21,10366.0,3,3,3+,3.0,Moderately Old,1881.0,0,1,0,0,0,2,149,"28.3867° N, 76.9485° E",28.3867,76.9485
2562,house,independent,sector 10a,4.25,17955.0,4,3,2,1.0,New Property,2367.0,0,0,0,0,0,0,0,"28.4469° N, 77.0106° E",28.4469,77.0106
2563,flat,m3m sky lofts,sector 71,1.0,11494.0,1,1,1,9.0,Moderately Old,869.0,0,0,0,0,0,0,77,"28.4104° N, 77.0281° E",28.4104,77.0281
2564,flat,mahindra aura,sector 110,1.8,8815.0,3,3,3+,7.0,Moderately Old,1850.0,0,1,0,0,0,1,136,"28.5145° N, 77.0197° E",28.5145,77.0197
2565,flat,dlf new town heights,sector 86,1.4,5942.0,4,4,3+,20.0,Moderately Old,2132.0,0,1,0,1,0,0,65,"28.3986° N, 76.9384° E",28.3986,76.9384
2566,house,independent,sector 22,4.75,20068.0,7,5,3+,3.0,Old Property,261.0,0,0,0,1,1,1,49,"28.5072° N, 77.0640° E",28.5072,77.064
2567,flat,ansal heights 86,sector 86,1.25,7396.0,3,2,1,2.0,New Property,1529.0,0,0,0,0,0,0,100,"28.3986° N, 76.9384° E",28.3986,76.9384
2568,flat,ats kocoon,sector 109,1.7,9742.0,3,3,3,21.0,Moderately Old,1550.0,0,0,0,0,0,0,49,"28.5073° N, 77.0089° E",28.5073,77.0089
2569,flat,spire woods now ananda by alpha corp,sector 103,1.25,6902.0,3,4,3,11.0,Under Construction,2012.0,1,1,0,0,0,0,105,"28.4949° N, 76.9845° E",28.4949,76.9845
2570,flat,godrej summit,sector 104,0.75,5910.0,2,2,3,6.0,Moderately Old,1148.0,0,0,0,0,1,0,79,"28.4788° N, 76.9960° E",28.4788,76.996
2571,flat,umang monsoon breeze,sector 78,0.95,5491.0,3,3,2,9.0,Moderately Old,1730.0,0,0,0,0,0,1,65,"28.3733° N, 76.9729° E",28.3733,76.9729
2572,flat,ss the leaf,sector 85,1.24,7122.0,2,2,3,10.0,Moderately Old,1730.0,0,0,0,0,0,0,49,"28.4042° N, 76.9513° E",28.4042,76.9513
2573,flat,paras dews,sector 106,0.87,9255.0,2,2,3+,1.0,New Property,1120.0,0,0,0,0,0,0,174,"28.5007° N, 77.0003° E",28.5007,77.0003
2574,house,vipul tatvam villa,sector 48,7.25,22377.0,4,4,3,2.0,Moderately Old,360.0,1,1,1,1,0,1,103,"28.4177° N, 77.0359° E",28.4177,77.0359
2575,flat,puri diplomatic greens,sector 111,2.58,11727.0,3,4,2,9.0,Moderately Old,1991.0,0,1,0,0,0,0,101,"28.5238° N, 77.0320° E",28.5238,77.032
2576,house,independent,sector 43,2.1,4250.0,10,10,3+,5.0,New Property,549.0,0,1,0,0,0,0,20,"28.4629° N, 77.0772° E",28.4629,77.0772
2577,flat,pyramid urban,sector 67a,0.7,11844.0,2,2,1,14.0,New Property,657.0,0,0,0,0,0,0,44,"28.3960° N, 77.0372° E",28.396,77.0372
2578,flat,suposhaa smartworld orchard,sector 61,2.25,14526.0,3,3,2,3.0,Moderately Old,1721.0,0,0,0,0,0,0,0,"28.4050° N, 77.0963° E",28.405,77.0963
2579,flat,sare homes,sector 92,1.18,5207.0,4,4,3,8.0,Moderately Old,2518.0,0,1,0,0,0,0,108,"28.4079° N, 76.9153° E",28.4079,76.9153
2580,flat,ss,sector 85,1.19,7121.0,2,2,3,11.0,Moderately Old,1670.0,0,0,0,0,0,0,49,"28.4042° N, 76.9513° E",28.4042,76.9513
2581,house,international city by sobha phase 1,sector 109,6.1,25103.0,5,6,3+,2.0,Moderately Old,2430.0,0,1,0,0,0,0,30,"28.5073° N, 77.0089° E",28.5073,77.0089
2582,flat,corona optus,sector 37c,1.43,7186.0,3,3,3+,2.0,Moderately Old,1845.0,1,1,0,0,1,0,49,"28.4515° N, 76.9882° E",28.4515,76.9882
2583,flat,ramshanti cooperative society,sector 52,1.76,7243.0,4,4,3+,12.0,New Property,2199.0,0,0,0,0,0,0,0,"28.4379° N, 77.0785° E",28.4379,77.0785
2584,flat,m3m skywalk,sector 74,1.6,11380.0,2,2,2,28.0,New Property,1272.0,0,0,0,0,0,0,15,"28.4158° N, 77.0118° E",28.4158,77.0118
2585,flat,emaar mgf palm hills,sector 77,1.65,8462.0,4,3,3,9.0,Moderately Old,1765.0,0,1,0,0,0,0,100,"28.3801° N, 76.9845° E",28.3801,76.9845
2586,flat,ireo victory valley,sector 67,2.99,11832.0,3,3,3,4.0,Moderately Old,2200.0,0,1,0,0,0,1,37,"28.3859° N, 77.0608° E",28.3859,77.0608
2587,flat,ansal heights 86,sector 86,1.3,4666.0,4,6,2,11.0,New Property,2521.0,0,1,0,0,1,0,86,"28.3986° N, 76.9384° E",28.3986,76.9384
2588,flat,vatika gurgaon,sector 83,1.4,7179.0,4,4,3,10.0,Moderately Old,2167.0,0,1,0,0,0,0,35,"28.3986° N, 76.9647° E",28.3986,76.9647
2589,house,independent,sector 25,13.5,19286.0,9,9,0,1.0,Moderately Old,7000.0,0,0,0,0,0,0,0,"28.4844° N, 77.0860° E",28.4844,77.086
2590,flat,sare crescent parc,sector 92,0.71,4934.0,3,3,2,6.0,Moderately Old,1596.0,0,0,0,0,0,0,37,"28.4079° N, 76.9153° E",28.4079,76.9153
2591,flat,paras dews,sector 106,1.32,5605.0,4,5,3+,11.0,Moderately Old,1535.0,0,1,0,0,0,0,49,"28.5007° N, 77.0003° E",28.5007,77.0003
2592,flat,lotus homz,sector 111,0.6,8451.0,2,2,3,9.0,New Property,789.0,0,0,0,0,0,0,52,"28.5238° N, 77.0320° E",28.5238,77.032
2593,house,greenopolis,sector 89,0.7,5397.0,2,2,2,14.0,Old Property,1297.0,0,0,0,0,0,0,0,"28.4253° N, 76.9439° E",28.4253,76.9439
2594,flat,emaar mgf emerald floors premier,sector 65,2.4,14545.0,3,3,3,3.0,Moderately Old,1600.0,1,1,0,0,0,1,49,"28.4030° N, 77.0690° E",28.403,77.069
2595,flat,vipul world,sector 48,1.38,9485.0,3,3,1,2.0,Moderately Old,1611.0,0,0,0,0,0,0,60,"28.4177° N, 77.0359° E",28.4177,77.0359
2596,flat,shapoorji pallonji joyville gurugram,sector 102,0.95,10383.0,2,2,2,14.0,Moderately Old,915.0,0,0,0,0,0,0,0,"28.4750° N, 76.9715° E",28.475,76.9715
2597,flat,tata primanti,sector 72,3.3,15385.0,3,3,3+,10.0,Moderately Old,2000.0,0,1,0,0,0,1,165,"28.4225° N, 77.0211° E",28.4225,77.0211
2598,flat,bptp terra,sector 37d,1.98,9037.0,3,3,3+,12.0,New Property,1983.0,1,0,0,0,0,1,49,"28.4478° N, 76.9703° E",28.4478,76.9703
2599,flat,ireo the corridors,sector 67a,1.8,14658.0,3,3,3,6.0,New Property,1551.0,0,1,1,0,0,1,150,"28.3960° N, 77.0372° E",28.396,77.0372
2600,house,independent,sector 2,3.0,19268.0,6,4,3+,3.0,Old Property,1557.0,0,0,0,0,0,1,28,"28.5095° N, 77.0320° E",28.5095,77.032
2601,flat,ats kocoon,sector 109,1.75,10029.0,3,3,3,10.0,Moderately Old,1550.0,0,0,0,1,0,1,49,"28.5073° N, 77.0089° E",28.5073,77.0089
2602,flat,unitech the residences,sector 33,1.55,9873.0,3,4,1,1.0,Moderately Old,1421.0,0,1,0,0,0,0,37,"28.4420° N, 77.0207° E",28.442,77.0207
2603,flat,ss,sector 85,2.14,7610.0,4,4,3,6.0,Moderately Old,2300.0,1,1,0,1,0,0,49,"28.4042° N, 76.9513° E",28.4042,76.9513
2604,flat,bptp terra,sector 37d,1.17,8298.0,2,2,2,0.0,Moderately Old,1276.0,0,0,0,0,0,0,107,"28.4478° N, 76.9703° E",28.4478,76.9703
2605,flat,deepak minda,manesar,1.25,4715.0,3,3,3+,6.0,Moderately Old,2944.0,0,1,0,0,0,0,44,"28.3515° N, 76.9428° E",28.3515,76.9428
2606,flat,indiabulls centrum park,sector 103,1.65,8250.0,3,3,3+,15.0,Moderately Old,1683.0,1,0,0,0,0,0,38,"28.4949° N, 76.9845° E",28.4949,76.9845
2607,flat,ss the coralwood,sector 84,1.05,6774.0,3,3,3,6.0,Moderately Old,1610.0,0,0,0,0,1,0,129,"28.3979° N, 76.9736° E",28.3979,76.9736
2608,flat,chd avenue,sector 71,0.95,7917.0,2,2,0,5.0,Moderately Old,1200.0,0,0,0,0,0,0,0,"28.4104° N, 77.0281° E",28.4104,77.0281
2609,flat,signature global city 92,sector 92,0.78,8050.0,2,2,2,2.0,New Property,1083.0,0,0,0,0,0,1,47,"28.4079° N, 76.9153° E",28.4079,76.9153
2610,house,independent,sector 43,7.85,29074.0,9,9,3+,3.0,Moderately Old,2700.0,1,1,0,1,1,2,49,"28.4629° N, 77.0772° E",28.4629,77.0772
2611,house,unitech espace,sector 50,11.0,40741.0,4,4,3+,2.0,Old Property,361.0,0,1,0,0,0,1,88,"28.4178° N, 77.0628° E",28.4178,77.0628
2612,flat,godrej summit,sector 104,1.35,5015.0,4,5,3+,0.0,Moderately Old,2991.0,1,1,1,1,0,0,88,"28.4788° N, 76.9960° E",28.4788,76.996
2613,flat,chd avenue,sector 71,1.0,6734.0,3,3,3+,3.0,Moderately Old,1344.0,0,0,0,0,0,1,7,"28.4104° N, 77.0281° E",28.4104,77.0281
2614,flat,ramsons kshitij,sector 95,0.29,5179.0,2,2,2,14.0,Moderately Old,507.0,0,0,0,0,0,0,50,"28.4172° N, 76.9081° E",28.4172,76.9081
2615,flat,emaar gurgaon greens,sector 110,1.45,8788.0,3,3,3,7.0,Moderately Old,1493.0,0,1,0,0,0,0,159,"28.5145° N, 77.0197° E",28.5145,77.0197
2616,flat,signature global solera,sector 107,0.5,7752.0,3,2,2,6.0,Moderately Old,717.0,0,0,0,0,1,0,49,"28.5052° N, 76.9729° E",28.5052,76.9729
2617,flat,godrej,sector 79,1.93,8532.0,3,4,3+,5.0,Moderately Old,2047.0,0,1,0,0,0,0,158,"28.3624° N, 76.9787° E",28.3624,76.9787
2618,flat,krishna appartment,sector 12,0.35,3500.0,3,3,1,2.0,Old Property,905.0,0,0,0,0,0,0,0,"28.4723° N, 77.0320° E",28.4723,77.032
2619,house,independent,sector 24,3.5,32407.0,2,4,3,3.0,Old Property,1080.0,0,0,0,0,0,0,15,"28.4939° N, 77.1038° E",28.4939,77.1038
2620,flat,guru gram haryana cghs,sector 56,1.39,7228.0,3,3,3,4.0,Old Property,1738.0,1,0,0,0,0,1,134,"28.4245° N, 77.0991° E",28.4245,77.0991
2621,flat,m3m woodshire,sector 107,1.4,5930.0,3,4,3+,6.0,Moderately Old,2137.0,0,1,0,0,0,0,117,"28.5052° N, 76.9729° E",28.5052,76.9729
2622,flat,ramsons kshitij,sector 95,0.4,5839.0,3,2,2,6.0,New Property,761.0,0,0,0,0,0,0,0,"28.4172° N, 76.9081° E",28.4172,76.9081
2623,flat,ansal heights,sector 92,0.72,4500.0,3,3,3,9.0,Moderately Old,1700.0,0,1,0,0,0,0,49,"28.4079° N, 76.9153° E",28.4079,76.9153
2624,flat,breez global heights 88a,sector 88a,0.5,8375.0,3,2,2,2.0,Moderately Old,663.0,0,0,0,0,0,0,15,"28.4347° N, 76.9557° E",28.4347,76.9557
2625,flat,siddhartha apartment,sector 95,1.1,4327.0,4,3,3,9.0,Moderately Old,2824.0,0,1,0,0,1,0,22,"28.4172° N, 76.9081° E",28.4172,76.9081
2626,flat,divya apartments,sector 6,0.6,7595.0,2,2,0,2.0,Moderately Old,790.0,0,0,0,0,0,1,15,"28.4745° N, 77.0262° E",28.4745,77.0262
2627,house,ansal celebrity homes,sector 2,5.2,10000.0,4,5,2,1.0,Old Property,5200.0,0,0,0,0,0,0,0,"28.5095° N, 77.0320° E",28.5095,77.032
2628,flat,emaar mgf emerald floors,sector 65,3.2,10159.0,4,3,2,1.0,Moderately Old,3150.0,0,1,0,0,0,0,0,"28.4030° N, 77.0690° E",28.403,77.069
2629,flat,unitech sunbreeze,sector 69,1.0,5476.0,4,3,0,0.0,Moderately Old,1826.0,0,0,0,0,0,0,0,"28.3966° N, 77.0341° E",28.3966,77.0341
2630,flat,hero homes,sector 104,1.4,15819.0,3,2,2,4.0,Moderately Old,1120.0,0,0,0,0,0,0,49,"28.4788° N, 76.9960° E",28.4788,76.996
2631,flat,shri ram apartments,sector 4,0.46,5111.0,2,2,1,1.0,Moderately Old,1000.0,0,0,0,0,0,1,69,"28.4738° N, 77.0107° E",28.4738,77.0107
2632,flat,birla navya,sector 63a,3.5,25926.0,3,3,3,1.0,Under Construction,1500.0,0,0,0,0,0,0,38,"28.3923° N, 77.0888° E",28.3923,77.0888
2633,flat,la vida by tata housing,sector 113,1.35,13990.0,2,2,3,10.0,New Property,1090.0,0,0,0,0,0,0,174,"28.5287° N, 77.0233° E",28.5287,77.0233
2634,flat,godrej,sector 79,1.34,8524.0,3,3,3,7.0,Moderately Old,1423.0,0,0,0,0,0,0,158,"28.3624° N, 76.9787° E",28.3624,76.9787
2635,flat,emaar mgf palm studios,sector 66,1.7,13503.0,2,2,2,7.0,Moderately Old,1072.0,0,0,0,0,1,0,99,"28.3925° N, 77.0541° E",28.3925,77.0541
2636,house,sare crescent parc royal greens phase 1,sector 92,0.85,4877.0,4,4,3,4.0,Moderately Old,1743.0,0,0,0,0,0,0,0,"28.4079° N, 76.9153° E",28.4079,76.9153
2637,flat,emaar mgf emerald floors premier,sector 65,2.85,14430.0,4,4,3,3.0,Moderately Old,2194.0,1,1,0,0,0,0,28,"28.4030° N, 77.0690° E",28.403,77.069
2638,house,emaar mgf marbella,sector 66,19.0,31667.0,5,6,3+,3.0,Moderately Old,6667.0,0,1,1,1,0,1,110,"28.3925° N, 77.0541° E",28.3925,77.0541
2639,flat,espire south,sector 68,1.32,9047.0,2,2,2,9.0,New Property,1460.0,0,0,0,0,0,0,0,"28.3853° N, 77.0484° E",28.3853,77.0484
2640,house,independent,sector 105,0.65,9028.0,3,2,1,1.0,Moderately Old,720.0,0,0,0,1,1,0,14,"28.4952° N, 77.0114° E",28.4952,77.0114
2641,flat,emaar mgf the palm drive,sector 66,2.8,16471.0,3,4,3,8.0,Moderately Old,1920.0,0,1,0,0,0,1,117,"28.3925° N, 77.0541° E",28.3925,77.0541
2642,house,rwa sector 46,sector 46,4.5,24390.0,6,6,3+,3.0,Old Property,206.0,0,0,1,0,0,1,80,"28.4374° N, 77.0586° E",28.4374,77.0586
2643,flat,dlf royalton tower,sector 43,6.5,20687.0,4,4,3+,9.0,Moderately Old,2712.0,0,1,0,0,0,0,7,"28.4629° N, 77.0772° E",28.4629,77.0772
2644,flat,m3m soulitude,sector 89,1.32,16923.0,3,3,3,1.0,Moderately Old,867.0,0,0,0,0,0,0,45,"28.4253° N, 76.9439° E",28.4253,76.9439
2645,house,independent,sector 11,1.35,3857.0,10,6,3+,3.0,Old Property,3500.0,0,0,0,0,0,0,0,"28.4531° N, 77.0202° E",28.4531,77.0202
2646,flat,ansal api esencia,sector 67,1.2,7407.0,3,3,2,1.0,Moderately Old,200.0,0,0,0,0,0,0,49,"28.3859° N, 77.0608° E",28.3859,77.0608
2647,flat,sobha city,sector 108,2.4,17379.0,2,2,2,14.0,New Property,1250.0,0,0,0,0,0,1,113,"28.5134° N, 76.9830° E",28.5134,76.983
2648,house,independent,sector 25,4.31,31926.0,5,4,3,3.0,Old Property,1350.0,0,0,0,0,0,0,40,"28.4844° N, 77.0860° E",28.4844,77.086
2649,house,independent,sector 55,3.1,20026.0,5,4,3+,2.0,Old Property,1548.0,0,1,1,0,0,1,59,"28.4281° N, 77.1100° E",28.4281,77.11
2650,flat,m3m sierra 68,sector 68,1.2,9002.0,2,2,3,1.0,Moderately Old,982.0,0,0,0,0,0,2,76,"28.3853° N, 77.0484° E",28.3853,77.0484
2651,flat,bptp terra,sector 37d,1.72,9498.0,3,3,3,9.0,Moderately Old,1373.0,1,0,0,0,0,1,24,"28.4478° N, 76.9703° E",28.4478,76.9703
2652,house,independent,sector 57,4.7,21759.0,3,3,2,2.0,Old Property,2160.0,0,1,0,0,1,0,43,"28.4232° N, 77.0752° E",28.4232,77.0752
2653,house,unitech nirvana birch court,sector 50,11.95,36883.0,3,3,2,1.0,Old Property,3240.0,1,1,0,0,0,0,101,"28.4178° N, 77.0628° E",28.4178,77.0628
2654,flat,hsiidc sidco aravali,manesar,0.9,3478.0,3,3,3,2.0,Old Property,1900.0,0,1,0,0,0,2,21,"28.3515° N, 76.9428° E",28.3515,76.9428
2655,flat,palam vihar society,sector 2,3.35,7444.0,4,4,3+,2.0,New Property,5000.0,1,0,0,0,0,0,66,"28.5095° N, 77.0320° E",28.5095,77.032
2656,flat,emaar gurgaon greens,sector 102,1.35,8182.0,3,3,3,5.0,Moderately Old,1315.0,0,1,0,0,0,0,119,"28.4750° N, 76.9715° E",28.475,76.9715
2657,flat,silverglades hightown residences,sector 43,4.2,19765.0,3,4,2,7.0,Moderately Old,1946.0,0,0,0,0,0,0,42,"28.4629° N, 77.0772° E",28.4629,77.0772
2658,flat,godrej nature plus,sector 33,1.15,11558.0,2,2,2,15.0,Moderately Old,103.0,0,0,0,0,0,0,38,"28.4420° N, 77.0207° E",28.442,77.0207
2659,flat,corona optus,sector 37c,1.43,7186.0,3,3,3+,2.0,Moderately Old,1834.0,0,1,0,0,1,0,49,"28.4515° N, 76.9882° E",28.4515,76.9882
2660,flat,bptp mansions park prime,sector 66,3.0,10854.0,4,4,3,3.0,Moderately Old,2700.0,1,1,0,1,1,1,174,"28.3925° N, 77.0541° E",28.3925,77.0541
2661,flat,dlf regal gardens,sector 90,1.25,6460.0,3,3,3,10.0,Moderately Old,1650.0,0,0,0,0,1,1,38,"28.4085° N, 76.9369° E",28.4085,76.9369
2662,flat,raisina residency,sector 59,5.0,13058.0,4,4,3+,13.0,Moderately Old,4254.0,1,1,1,1,0,1,174,"28.4051° N, 77.1097° E",28.4051,77.1097
2663,flat,godrej summit,sector 104,1.16,6388.0,3,4,3+,8.0,Moderately Old,2018.0,0,1,0,0,0,1,96,"28.4788° N, 76.9960° E",28.4788,76.996
2664,flat,the close north,sector 50,2.35,11228.0,3,3,3,8.0,Moderately Old,2000.0,0,0,1,0,0,1,149,"28.4178° N, 77.0628° E",28.4178,77.0628
2665,house,independent,sector 10a,1.7,18889.0,2,1,2,2.0,Old Property,900.0,0,0,0,0,1,0,8,"28.4469° N, 77.0106° E",28.4469,77.0106
2666,flat,emaar mgf emerald floors premier,sector 65,2.75,13924.0,4,4,3,3.0,Moderately Old,1750.0,1,1,0,0,0,1,113,"28.4030° N, 77.0690° E",28.403,77.069
2667,house,independent,sector 25,10.0,37037.0,5,5,3+,3.0,Old Property,9500.0,0,1,0,1,0,2,29,"28.4844° N, 77.0860° E",28.4844,77.086
2668,flat,shree vardhman flora,sector 90,0.86,6255.0,3,4,3,0.0,Moderately Old,1525.0,0,1,0,0,0,1,84,"28.4085° N, 76.9369° E",28.4085,76.9369
2669,house,independent,sector 3,0.55,7333.0,1,1,0,1.0,Old Property,750.0,0,0,0,0,0,0,0,"28.4909° N, 77.0176° E",28.4909,77.0176
2670,flat,signature global grand iva,sector 103,0.5,6667.0,2,2,0,10.0,Moderately Old,750.0,0,0,0,0,0,0,0,"28.4949° N, 76.9845° E",28.4949,76.9845
2671,flat,emaar mgf emerald floors premier,sector 65,2.9,14684.0,4,4,3+,4.0,Moderately Old,1787.0,1,1,0,0,0,1,152,"28.4030° N, 77.0690° E",28.403,77.069
2672,flat,la vida by tata housing,sector 113,1.5,11755.0,2,2,2,13.0,New Property,1418.0,0,0,0,0,0,0,71,"28.5287° N, 77.0233° E",28.5287,77.0233
2673,house,mian wali,sector 12,1.7,9444.0,1,1,1,1.0,Old Property,1800.0,0,1,0,0,0,0,7,"28.4723° N, 77.0320° E",28.4723,77.032
2674,flat,godrej air,sector 85,1.8,13139.0,3,3,3,30.0,Under Construction,141.0,0,0,0,0,0,0,45,"28.4042° N, 76.9513° E",28.4042,76.9513
2675,flat,global hill view,sector 11,0.36,5150.0,2,2,0,15.0,Moderately Old,699.0,0,0,0,0,0,0,0,"28.4531° N, 77.0202° E",28.4531,77.0202
2676,house,independent,sector 7,0.45,5000.0,3,2,0,1.0,Old Property,1000.0,0,0,0,0,0,0,0,"28.4644° N, 77.0143° E",28.4644,77.0143
2677,flat,m3m golfestate,sector 65,5.3,24212.0,3,3,3,38.0,Moderately Old,2506.0,0,1,0,0,0,2,49,"28.4030° N, 77.0690° E",28.403,77.069
2678,flat,vipul lavanya,sector 81,0.65,5263.0,2,2,2,14.0,Moderately Old,985.0,0,0,0,0,0,0,96,"28.3867° N, 76.9485° E",28.3867,76.9485
2679,flat,experion the heartsong,sector 108,0.9,7015.0,2,3,3,7.0,Moderately Old,1161.0,0,1,0,0,1,0,72,"28.5134° N, 76.9830° E",28.5134,76.983
2680,flat,tulip monsella,sector 53,8.25,28004.0,3,4,3,8.0,Moderately Old,2661.0,0,1,0,0,0,2,35,"28.4433° N, 77.0948° E",28.4433,77.0948
2681,flat,chd avenue,sector 71,1.3,5532.0,4,4,3,5.0,Moderately Old,2127.0,0,1,0,0,0,0,126,"28.4104° N, 77.0281° E",28.4104,77.0281
2682,flat,dlf regal gardens,sector 90,1.25,7340.0,3,3,3,28.0,Moderately Old,1541.0,0,1,0,0,0,0,38,"28.4085° N, 76.9369° E",28.4085,76.9369
2683,flat,satya the hermitage,sector 103,0.99,6653.0,3,4,3+,2.0,Moderately Old,1731.0,0,1,0,1,0,0,174,"28.4949° N, 76.9845° E",28.4949,76.9845
2684,house,project mianwali colony,sector 12,1.7,9444.0,1,1,2,1.0,Old Property,2000.0,0,0,0,0,0,0,0,"28.4723° N, 77.0320° E",28.4723,77.032
2685,flat,signature global synera,sector 81,0.48,8451.0,2,2,1,7.0,Moderately Old,613.0,0,0,0,0,0,1,70,"28.3867° N, 76.9485° E",28.3867,76.9485
2686,flat,dlf regal gardens,sector 90,1.8,7223.0,4,4,3+,7.0,Moderately Old,2005.0,0,0,0,0,0,0,38,"28.4085° N, 76.9369° E",28.4085,76.9369
2687,flat,sbtl caladium,sector 109,1.6,6287.0,3,3,3,9.0,Moderately Old,2303.0,0,1,0,0,0,0,75,"28.5073° N, 77.0089° E",28.5073,77.0089
2688,flat,residency grand,sector 52,5.0,9615.0,5,5,3+,2.0,Moderately Old,5200.0,0,0,0,0,0,0,0,"28.4379° N, 77.0785° E",28.4379,77.0785
2689,flat,alpha corp gurgaonone,sector 84,2.2,7586.0,4,4,3,10.0,Moderately Old,3222.0,0,1,0,0,0,0,21,"28.3979° N, 76.9736° E",28.3979,76.9736
2690,flat,sobha city,sector 108,2.9,14478.0,3,4,2,11.0,Moderately Old,1813.0,0,0,0,0,0,0,108,"28.5134° N, 76.9830° E",28.5134,76.983
2691,flat,supertech hilltown,sector 2,0.8,5556.0,3,2,3,8.0,Moderately Old,1440.0,0,0,0,0,0,0,0,"28.5095° N, 77.0320° E",28.5095,77.032
2692,flat,sbtl caladium,sector 109,1.88,6154.0,4,5,3,10.0,Moderately Old,2765.0,0,0,0,0,0,0,110,"28.5073° N, 77.0089° E",28.5073,77.0089
2693,flat,unitech uniworld gardens,sector 47,2.4,11505.0,3,4,3+,10.0,Moderately Old,1916.0,0,1,0,0,0,0,103,"28.4276° N, 77.0492° E",28.4276,77.0492
2694,flat,imperia the esfera,sector 37c,0.87,5513.0,2,3,3+,5.0,Moderately Old,1300.0,1,0,0,0,0,0,109,"28.4515° N, 76.9882° E",28.4515,76.9882
2695,flat,dlf the skycourt,sector 86,1.72,8917.0,3,3,1,8.0,Moderately Old,1746.0,0,0,0,0,1,1,49,"28.3986° N, 76.9384° E",28.3986,76.9384
2696,flat,ss the leaf,sector 85,2.0,8306.0,3,4,3,8.0,Moderately Old,2179.0,0,1,0,0,0,0,21,"28.4042° N, 76.9513° E",28.4042,76.9513
2697,flat,the close south,sector 50,3.1,12445.0,3,4,3+,4.0,Moderately Old,2450.0,0,1,0,0,0,1,165,"28.4178° N, 77.0628° E",28.4178,77.0628
2698,flat,la vida by tata housing,sector 113,3.35,12444.0,4,4,3+,11.0,Moderately Old,2991.0,1,1,0,0,0,0,174,"28.5287° N, 77.0233° E",28.5287,77.0233
2699,flat,supertech hues,sector 68,0.9,7627.0,2,2,2,1.0,New Property,1311.0,0,0,0,0,0,0,44,"28.3853° N, 77.0484° E",28.3853,77.0484
2700,flat,cghs rail vihar,sector 15,1.4,10769.0,4,3,3,3.0,Old Property,1444.0,0,0,0,0,0,1,81,"28.4621° N, 77.0464° E",28.4621,77.0464
2701,flat,dlf regal gardens,sector 90,1.26,7636.0,3,3,2,12.0,Moderately Old,1650.0,0,0,0,0,1,0,8,"28.4085° N, 76.9369° E",28.4085,76.9369
2702,house,independent,sector 7,8.0,22222.0,4,5,3+,1.0,Old Property,3600.0,1,1,0,1,0,0,31,"28.4644° N, 77.0143° E",28.4644,77.0143
2703,flat,shree vardhman victoria,sector 70,1.63,8359.0,3,5,3,12.0,Moderately Old,1527.0,0,1,0,0,0,0,43,"28.3968° N, 77.0233° E",28.3968,77.0233
2704,flat,spaze privvy the address,sector 93,1.25,6898.0,3,4,2,12.0,Moderately Old,1350.0,0,0,0,0,0,1,96,"28.4153° N, 76.9326° E",28.4153,76.9326
2705,flat,experion the heartsong,sector 108,0.98,13351.0,2,3,3,12.0,Moderately Old,978.223232,1,1,1,1,0,0,31,"28.5134° N, 76.9830° E",28.5134,76.983
2706,flat,pioneer park,sector 61,1.6,11594.0,2,2,2,21.0,Moderately Old,1533.0,0,1,0,0,0,0,105,"28.4050° N, 77.0963° E",28.405,77.0963
2707,flat,vatika city homes,sector 83,1.0,5747.0,3,3,2,2.0,Moderately Old,1575.0,0,0,1,0,0,1,174,"28.3986° N, 76.9647° E",28.3986,76.9647
2708,flat,smart world gems,sector 89,1.1,9973.0,2,2,2,3.0,New Property,1226.0,0,0,1,0,0,0,77,"28.4253° N, 76.9439° E",28.4253,76.9439
2709,flat,smart world orchard,sector 61,1.7,15179.0,2,2,2,4.0,Under Construction,1244.0,1,0,0,0,0,0,127,"28.4050° N, 77.0963° E",28.405,77.0963
2710,flat,rof aalayas,sector 102,0.45,8411.0,2,2,1,14.0,Moderately Old,568.0,0,0,0,0,0,2,57,"28.4750° N, 76.9715° E",28.475,76.9715
2711,flat,orchid petals,sector 49,2.38,11498.0,3,4,3,1.0,Moderately Old,2061.0,1,0,0,0,0,0,49,"28.4121° N, 77.0480° E",28.4121,77.048
2712,house,independent,sector 26,5.8,12838.0,4,4,3+,4.0,Old Property,4518.0,0,0,0,0,0,0,38,"28.4757° N, 77.1032° E",28.4757,77.1032
2713,flat,ss the leaf,sector 85,2.1,8721.0,3,4,3+,6.0,Moderately Old,2026.0,0,1,0,0,0,0,156,"28.4042° N, 76.9513° E",28.4042,76.9513
2714,flat,emaar palm gardens,sector 83,1.3,11872.0,3,3,3,16.0,Moderately Old,1387.0,0,1,0,0,0,1,174,"28.3986° N, 76.9647° E",28.3986,76.9647
2715,flat,indiabulls enigma,sector 110,3.45,10147.0,4,4,3,9.0,Moderately Old,3077.0,0,1,0,0,0,1,125,"28.5145° N, 77.0197° E",28.5145,77.0197
2716,house,independent,sector 4,0.67,8557.0,3,2,1,1.0,Old Property,783.0,0,0,0,1,1,0,19,"28.4738° N, 77.0107° E",28.4738,77.0107
2717,flat,ansal housing highland park,sector 103,1.1,6243.0,3,3,3+,7.0,New Property,1500.0,0,0,0,0,0,0,87,"28.4949° N, 76.9845° E",28.4949,76.9845
2718,flat,la vida by tata housing,sector 113,2.45,11051.0,3,3,3+,3.0,Moderately Old,1890.0,1,0,0,0,0,0,174,"28.5287° N, 77.0233° E",28.5287,77.0233
2719,flat,sare crescent parc,sector 92,0.92,4855.0,4,5,3+,14.0,Moderately Old,1895.0,0,0,0,0,0,1,131,"28.4079° N, 76.9153° E",28.4079,76.9153
2720,house,unitech uniworld resorts,sector 33,9.55,19293.0,6,7,3+,2.0,Moderately Old,4950.0,1,1,1,1,0,1,126,"28.4420° N, 77.0207° E",28.442,77.0207
2721,flat,godrej,sector 33,0.95,6859.0,2,2,3+,3.0,Under Construction,1253.0,0,0,0,0,0,0,0,"28.4420° N, 77.0207° E",28.442,77.0207
2722,flat,sare green parc 2,sector 92,0.75,4744.0,3,3,3,2.0,Moderately Old,1415.0,0,0,0,0,1,1,49,"28.4079° N, 76.9153° E",28.4079,76.9153
2723,flat,adani aangan galleria,sector 89,0.42,4941.0,2,2,2,3.0,Moderately Old,769.0,0,0,0,0,0,0,0,"28.4253° N, 76.9439° E",28.4253,76.9439
2724,flat,shri ram apartments,sector 4,0.32,3368.0,2,2,1,4.0,Moderately Old,1056.0,0,0,0,0,0,1,7,"28.4738° N, 77.0107° E",28.4738,77.0107
2725,flat,ramprastha the edge towers,sector 37d,0.75,5319.0,2,2,3,19.0,Moderately Old,1410.0,0,0,0,0,0,0,63,"28.4478° N, 76.9703° E",28.4478,76.9703
2726,flat,m3m skywalk,sector 74,1.78,12500.0,2,2,3+,12.0,Moderately Old,1582.0,0,0,0,0,0,0,63,"28.4158° N, 77.0118° E",28.4158,77.0118
2727,flat,sbr minda sec 1 imt manesar,manesar,0.65,4260.0,3,2,3+,6.0,Moderately Old,1696.0,0,0,0,0,0,0,5,"28.3515° N, 76.9428° E",28.3515,76.9428
2728,flat,paras quartier,gwal pahari,5.9,11028.0,4,4,3+,19.0,New Property,4842.0,1,1,1,1,0,1,160,"28.4484° N, 77.0210° E",28.4484,77.021
2729,flat,imperia the esfera,sector 37c,0.7,4878.0,2,3,3+,12.0,Under Construction,1299.0,1,0,0,0,1,0,58,"28.4515° N, 76.9882° E",28.4515,76.9882
2730,house,independent,sector 28,4.5,13889.0,4,4,0,4.0,Old Property,360.0,0,0,0,0,0,0,0,"28.4728° N, 77.0865° E",28.4728,77.0865
2731,flat,sapphire eighty three,sector 83,0.65,9286.0,1,1,0,6.0,Moderately Old,700.0,0,0,0,0,0,0,0,"28.3986° N, 76.9647° E",28.3986,76.9647
2732,flat,emaar gurgaon greens,sector 102,1.49,9030.0,3,3,3,10.0,Moderately Old,1315.0,0,0,0,0,0,1,159,"28.4750° N, 76.9715° E",28.475,76.9715
2733,flat,vatika city homes,sector 83,1.08,6207.0,3,3,3,6.0,Moderately Old,1537.0,0,0,1,0,0,0,111,"28.3986° N, 76.9647° E",28.3986,76.9647
2734,flat,tulip violet,sector 69,1.37,8676.0,3,3,1,12.0,Moderately Old,1568.0,0,0,0,1,0,0,95,"28.3966° N, 77.0341° E",28.3966,77.0341
2735,flat,vatika lifestyle homes,sector 83,1.05,7500.0,3,2,2,1.0,Moderately Old,1600.0,0,0,0,0,0,1,106,"28.3986° N, 76.9647° E",28.3986,76.9647
2736,house,independent,sector 26,9.0,33333.0,5,5,2,3.0,Old Property,2700.0,1,1,1,1,0,2,110,"28.4757° N, 77.1032° E",28.4757,77.1032
2737,house,spaze privy,sector 72,3.09,6981.0,5,5,3+,14.0,Moderately Old,3653.0,0,1,0,0,0,1,33,"28.4225° N, 77.0211° E",28.4225,77.0211
2738,house,independent,sector 26,5.8,32222.0,5,5,3+,2.0,Old Property,1800.0,1,1,1,1,0,0,53,"28.4757° N, 77.1032° E",28.4757,77.1032
2739,flat,sare petioles,sector 92,1.25,6098.0,3,3,3,18.0,Moderately Old,2278.0,0,1,0,0,0,0,44,"28.4079° N, 76.9153° E",28.4079,76.9153
2740,house,eros rosewood villas,sector 49,2.8,15556.0,3,3,3,2.0,Old Property,1900.0,0,0,0,1,0,0,68,"28.4121° N, 77.0480° E",28.4121,77.048
2741,flat,bestech park view grand spa,sector 81,2.91,9137.0,4,5,2,6.0,Moderately Old,3017.0,0,1,0,0,0,1,101,"28.3867° N, 76.9485° E",28.3867,76.9485
2742,house,dlf city plots phase 2,sector 25,6.5,36111.0,5,5,3+,3.0,Old Property,1800.0,1,1,1,1,0,1,134,"28.4844° N, 77.0860° E",28.4844,77.086
2743,flat,sare homes,sector 92,0.8,4695.0,4,4,3,1.0,Moderately Old,1893.0,0,0,0,0,0,0,77,"28.4079° N, 76.9153° E",28.4079,76.9153
2744,flat,dlf the primus,sector 82a,2.25,10714.0,3,3,3+,29.0,Moderately Old,2333.0,0,1,0,0,0,2,72,"28.3858° N, 76.9686° E",28.3858,76.9686
2745,flat,elan the presidential,sector 106,3.9,15918.0,3,3,0,20.0,Moderately Old,2450.0,0,0,0,0,0,0,66,"28.5007° N, 77.0003° E",28.5007,77.0003
2746,house,sushant lok 1 builder floors,sector 43,1.65,3395.0,4,4,3+,4.0,Old Property,540.0,0,0,0,0,1,2,49,"28.4629° N, 77.0772° E",28.4629,77.0772
2747,flat,signature global solera,sector 107,0.28,5622.0,2,2,2,14.0,Moderately Old,543.0,0,0,0,0,0,0,38,"28.5052° N, 76.9729° E",28.5052,76.9729
2748,flat,conscient habitat,sector 99a,0.35,6422.0,2,2,1,3.0,Moderately Old,606.0,0,0,0,0,0,0,62,"28.4561° N, 76.9542° E",28.4561,76.9542
2749,flat,emaar imperial gardens,sector 102,1.92,9600.0,3,3,3,12.0,Moderately Old,2222.0,1,1,1,1,0,0,95,"28.4750° N, 76.9715° E",28.475,76.9715
2750,house,raj villas,sector 52,8.0,25543.0,6,5,3+,4.0,Old Property,387.0,0,0,0,0,0,0,0,"28.4379° N, 77.0785° E",28.4379,77.0785
2751,house,independent,sector 31,3.5,24155.0,4,3,3,2.0,Old Property,1449.0,0,0,1,0,0,1,81,"28.4528° N, 77.0498° E",28.4528,77.0498
2752,flat,indiabulls enigma,sector 110,4.1,10567.0,5,5,2,10.0,Moderately Old,3500.0,0,1,0,0,0,0,159,"28.5145° N, 77.0197° E",28.5145,77.0197
2753,flat,dlf new town heights,sector 86,1.26,6114.0,3,3,3,5.0,Moderately Old,1747.0,0,1,0,0,1,0,113,"28.3986° N, 76.9384° E",28.3986,76.9384
2754,house,dlf city plots,sector 26,17.0,37627.0,5,6,3,2.0,Old Property,4518.0,0,1,1,1,0,1,87,"28.4757° N, 77.1032° E",28.4757,77.1032
2755,flat,shapoorji pallonji joyville gurugram,sector 102,0.97,10601.0,2,2,2,12.0,Moderately Old,828.0,0,0,0,0,0,0,100,"28.4750° N, 76.9715° E",28.475,76.9715
2756,flat,imperia the esfera,sector 37c,1.4,5385.0,4,5,3,9.0,Moderately Old,2343.0,1,1,0,1,1,0,49,"28.4515° N, 76.9882° E",28.4515,76.9882
2757,flat,ats marigold,sector 89,1.7,9714.0,3,3,3+,8.0,Under Construction,1944.0,1,0,0,0,0,0,65,"28.4253° N, 76.9439° E",28.4253,76.9439
2758,flat,emaar palm gardens,sector 83,1.75,9211.0,3,3,3,6.0,Moderately Old,1600.0,0,1,0,0,0,1,174,"28.3986° N, 76.9647° E",28.3986,76.9647
2759,flat,godrej meridien,sector 106,3.2,16000.0,3,3,3+,6.0,Moderately Old,2224.0,0,1,0,0,0,0,49,"28.5007° N, 77.0003° E",28.5007,77.0003
2760,flat,chd avenue,sector 71,1.32,6019.0,4,4,3,14.0,Moderately Old,1985.0,0,1,0,0,0,0,65,"28.4104° N, 77.0281° E",28.4104,77.0281
2761,flat,bestech park view residency,sector 2,1.51,7869.0,3,4,3+,7.0,Moderately Old,1738.0,0,1,0,0,0,1,84,"28.5095° N, 77.0320° E",28.5095,77.032
2762,house,anamika enclave,sector 12,6.0,14493.0,9,9,3+,3.0,Old Property,9000.0,0,0,0,0,0,0,9,"28.4723° N, 77.0320° E",28.4723,77.032
2763,flat,mapsko mount ville,sector 79,1.25,8389.0,3,3,3+,16.0,Moderately Old,1656.0,0,0,0,0,0,1,49,"28.3624° N, 76.9787° E",28.3624,76.9787
2764,flat,ild greens,sector 37c,0.95,9223.0,2,2,3+,11.0,Moderately Old,1179.0,0,0,1,1,0,1,119,"28.4515° N, 76.9882° E",28.4515,76.9882
2765,flat,rof ananda,sector 95,0.32,5829.0,2,2,1,9.0,Moderately Old,610.0,0,0,0,1,0,1,71,"28.4172° N, 76.9081° E",28.4172,76.9081
2766,flat,m3m woodshire,sector 107,0.9,6589.0,2,2,3+,14.0,New Property,1236.0,0,0,0,0,0,0,67,"28.5052° N, 76.9729° E",28.5052,76.9729
2767,flat,bestech park view ananda,sector 81,0.88,8044.0,2,2,3,8.0,Moderately Old,1223.0,1,0,0,0,0,1,95,"28.3867° N, 76.9485° E",28.3867,76.9485
2768,flat,emaar gurgaon greens,sector 102,1.4,8485.0,3,3,3,3.0,Moderately Old,1315.0,0,1,0,0,0,0,60,"28.4750° N, 76.9715° E",28.475,76.9715
2769,flat,sare homes,sector 92,0.65,4587.0,3,3,2,3.0,Moderately Old,1574.0,0,0,0,0,0,0,6,"28.4079° N, 76.9153° E",28.4079,76.9153
2770,house,independent,sector 17a,1.52,19869.0,2,2,1,1.0,Old Property,105.0,0,0,0,0,0,0,22,"28.4785° N, 77.0600° E",28.4785,77.06
2771,flat,m3m heights,sector 65,2.44,13297.0,3,3,2,7.0,Moderately Old,1654.0,0,0,0,0,0,0,31,"28.4030° N, 77.0690° E",28.403,77.069
2772,flat,meditech apartment,sector 56,2.45,8167.0,4,4,3+,1.0,Moderately Old,2900.0,0,0,0,0,1,1,118,"28.4245° N, 77.0991° E",28.4245,77.0991
2773,flat,vatika city,sector 49,2.65,11773.0,3,4,3,11.0,Moderately Old,1750.75,0,1,0,1,0,1,140,"28.4121° N, 77.0480° E",28.4121,77.048
2774,flat,ats triumph,sector 104,1.85,8079.0,3,3,3+,24.0,Moderately Old,2072.0,0,1,0,0,0,0,174,"28.4788° N, 76.9960° E",28.4788,76.996
2775,flat,godrej nature plus,sector 33,1.62,13978.0,3,4,3+,3.0,New Property,129.42,0,1,0,0,0,0,100,"28.4420° N, 77.0207° E",28.442,77.0207
2776,flat,shapoorji pallonji joyville gurugram,sector 102,1.9,10259.0,3,3,3+,15.0,New Property,1700.0,0,0,0,1,0,0,174,"28.4750° N, 76.9715° E",28.475,76.9715
2777,house,independent,sector 56,4.0,26613.0,4,4,3+,2.0,Moderately Old,1503.0,0,0,0,0,0,1,24,"28.4245° N, 77.0991° E",28.4245,77.0991
2778,flat,dlf the ultima,sector 81,2.25,10755.0,3,4,3+,11.0,Moderately Old,2090.0,0,1,0,0,0,2,174,"28.3867° N, 76.9485° E",28.3867,76.9485
2779,flat,dlf the ultima,sector 81,2.5,11726.0,3,3,2,4.0,Moderately Old,2130.0,0,1,0,0,0,2,82,"28.3867° N, 76.9485° E",28.3867,76.9485
2780,flat,signature signum 95a,sector 95,0.4,7782.0,2,2,2,3.0,New Property,571.0,0,0,0,0,0,0,44,"28.4172° N, 76.9081° E",28.4172,76.9081
2781,flat,ats triumph,sector 104,1.8,7860.0,3,4,3,14.0,New Property,2544.0,0,0,0,0,0,0,60,"28.4788° N, 76.9960° E",28.4788,76.996
2782,flat,m3m woodshire,sector 107,1.2,6176.0,3,3,3,7.0,Moderately Old,1750.0,0,0,0,0,0,1,49,"28.5052° N, 76.9729° E",28.5052,76.9729
2783,flat,pareena laxmi apartments,sector 99a,0.32,5787.0,2,2,2,11.0,New Property,502.0,0,0,0,0,0,0,66,"28.4561° N, 76.9542° E",28.4561,76.9542
2784,flat,uphar lakshya homes,sector 105,0.42,4200.0,3,2,1,1.0,Moderately Old,1111.0,0,0,0,0,0,0,7,"28.4952° N, 77.0114° E",28.4952,77.0114
2785,house,independent,sector 26,4.0,29630.0,4,4,3,2.0,Old Property,1350.0,0,0,1,0,0,0,41,"28.4757° N, 77.1032° E",28.4757,77.1032
2786,flat,ireo victory valley,sector 67,2.95,12110.0,3,3,3+,14.0,Moderately Old,2236.0,0,1,0,1,0,1,165,"28.3859° N, 77.0608° E",28.3859,77.0608
2787,flat,tulip violet,sector 69,1.68,10072.0,3,3,2,0.0,Moderately Old,1510.0,0,0,0,0,0,0,157,"28.3966° N, 77.0341° E",28.3966,77.0341
2788,flat,puri emerald bay,sector 104,2.65,15006.0,3,4,3,15.0,Moderately Old,2090.0,0,1,0,0,0,1,174,"28.4788° N, 76.9960° E",28.4788,76.996
2789,flat,umang monsoon breeze,sector 78,0.62,5004.0,2,2,1,7.0,Moderately Old,1115.0,0,0,1,0,0,0,111,"28.3733° N, 76.9729° E",28.3733,76.9729
2790,flat,bptp terra,sector 37d,1.78,8124.0,4,3,3,10.0,Moderately Old,1983.0,0,1,0,0,0,0,127,"28.4478° N, 76.9703° E",28.4478,76.9703
2791,flat,tulip violet,sector 69,1.43,9039.0,3,3,2,1.0,Moderately Old,1428.0,0,0,0,1,0,0,102,"28.3966° N, 77.0341° E",28.3966,77.0341
2792,flat,signature global solera,sector 107,0.28,5726.0,2,2,2,6.0,Moderately Old,543.0,0,0,0,0,0,0,45,"28.5052° N, 76.9729° E",28.5052,76.9729
2793,flat,antriksh heights,sector 84,0.6,5000.0,2,2,2,14.0,Moderately Old,1086.0,0,0,0,0,0,0,52,"28.3979° N, 76.9736° E",28.3979,76.9736
2794,flat,godrej habitat,sector 3,1.25,8657.0,2,2,3,14.0,Old Property,1161.0,0,0,0,0,0,0,36,"28.4909° N, 77.0176° E",28.4909,77.0176
2795,flat,not applicable,sector 4,0.42,5600.0,2,2,1,3.0,Moderately Old,833.0,0,0,0,0,0,1,26,"28.4738° N, 77.0107° E",28.4738,77.0107
2796,flat,ireo victory valley,sector 67,3.05,16267.0,3,4,2,35.0,Moderately Old,2200.0,1,1,0,0,0,1,165,"28.3859° N, 77.0608° E",28.3859,77.0608
2797,flat,pareena coban residences,sector 99a,1.3,6510.0,3,3,0,16.0,Moderately Old,1997.0,0,0,0,0,0,0,0,"28.4561° N, 76.9542° E",28.4561,76.9542
2798,flat,godrej nature plus,sector 33,1.31,15976.0,2,2,2,4.0,Under Construction,85.0,0,0,0,0,0,0,92,"28.4420° N, 77.0207° E",28.442,77.0207
2799,flat,ats triumph,sector 104,1.75,7642.0,3,4,3+,11.0,Moderately Old,2072.0,0,1,0,0,0,0,110,"28.4788° N, 76.9960° E",28.4788,76.996
2800,flat,ats triumph,sector 104,1.83,7991.0,3,4,3+,10.0,Moderately Old,2000.0,0,1,0,0,0,0,165,"28.4788° N, 76.9960° E",28.4788,76.996
2801,flat,adani m2k oyster grande,sector 102,2.61,10046.0,3,3,3,14.0,Moderately Old,2200.0,1,1,0,0,0,0,21,"28.4750° N, 76.9715° E",28.475,76.9715
2802,house,independent,sector 2,5.0,15385.0,6,6,2,1.0,Old Property,3611.0,0,0,0,0,0,0,0,"28.5095° N, 77.0320° E",28.5095,77.032
2803,house,independent,sector 11,4.0,19753.0,5,4,1,2.0,Old Property,225.0,0,0,0,0,0,0,0,"28.4531° N, 77.0202° E",28.4531,77.0202
2804,house,emaar mgf marbella,sector 66,12.0,37037.0,5,5,3+,3.0,New Property,3240.0,0,1,1,1,0,1,106,"28.3925° N, 77.0541° E",28.3925,77.0541
2805,flat,samadhan shri kamal cghs,sector 1,2.01,11427.0,4,4,3+,10.0,Moderately Old,1956.0,0,0,0,0,0,2,0,"28.3663° N, 76.9456° E",28.3663,76.9456
2806,house,madan puri,sector 7,0.75,12500.0,3,5,3,3.0,Old Property,600.0,0,0,0,0,0,0,0,"28.4644° N, 77.0143° E",28.4644,77.0143
2807,flat,m3m golfestate,sector 65,5.5,16960.0,3,4,3,3.0,Moderately Old,2803.0,0,1,0,0,0,0,49,"28.4030° N, 77.0690° E",28.403,77.069
2808,flat,imperia aashiyara,sector 37c,0.4,5882.0,2,2,3,3.0,Under Construction,756.0,0,0,0,0,0,0,126,"28.4515° N, 76.9882° E",28.4515,76.9882
2809,flat,lotus homz,sector 111,0.36,8889.0,1,1,1,10.0,Moderately Old,450.0,0,0,0,0,0,0,44,"28.5238° N, 77.0320° E",28.5238,77.032
2810,house,independent,sector 4,2.35,16319.0,4,4,2,2.0,Old Property,1440.0,0,0,0,1,0,0,43,"28.4738° N, 77.0107° E",28.4738,77.0107
2811,flat,shapoorji pallonji joyville gurugram,sector 102,1.95,13929.0,3,3,3,6.0,New Property,1616.0,0,0,0,1,0,1,174,"28.4750° N, 76.9715° E",28.475,76.9715
2812,flat,m3m ikonic,sector 68,1.78,9128.0,3,3,3+,27.0,Moderately Old,1845.0,0,0,0,0,0,1,126,"28.3853° N, 77.0484° E",28.3853,77.0484
2813,flat,indiabulls centrum park,sector 103,2.4,8348.0,4,6,3+,15.0,Moderately Old,2456.0,0,1,0,0,0,0,156,"28.4949° N, 76.9845° E",28.4949,76.9845
2814,flat,m3m soulitude,sector 89,1.42,9979.0,3,3,2,3.0,New Property,1581.0,0,0,0,0,0,0,15,"28.4253° N, 76.9439° E",28.4253,76.9439
2815,flat,pyramid urban homes 2,sector 86,0.43,8583.0,2,2,1,6.0,New Property,557.0,0,0,0,0,1,0,72,"28.3986° N, 76.9384° E",28.3986,76.9384
2816,house,huda sector-56 gurgaon,sector 56,3.6,24845.0,5,5,3+,3.0,Old Property,1449.0,0,0,0,0,1,0,47,"28.4245° N, 77.0991° E",28.4245,77.0991
2817,flat,ramprastha the atrium,sector 37d,1.0,7782.0,3,3,2,4.0,Moderately Old,1163.0,0,0,0,0,0,0,13,"28.4478° N, 76.9703° E",28.4478,76.9703
2818,flat,godrej aria,sector 79,1.1,11482.0,2,2,3,9.0,New Property,81.0,0,0,0,0,0,0,62,"28.3624° N, 76.9787° E",28.3624,76.9787
2819,flat,signature global solera,sector 107,0.38,6333.0,2,2,2,3.0,Moderately Old,627.0,0,0,0,0,0,2,23,"28.5052° N, 76.9729° E",28.5052,76.9729
2820,flat,supertech araville,sector 79,0.8,5267.0,2,2,2,12.0,New Property,1688.0,1,0,0,0,0,0,49,"28.3624° N, 76.9787° E",28.3624,76.9787
2821,flat,gls avenue 51,sector 92,0.42,7107.0,2,2,1,4.0,Moderately Old,657.0,1,0,0,1,0,1,42,"28.4079° N, 76.9153° E",28.4079,76.9153
2822,flat,sukhshanti apartment,sector 56,1.7,7727.0,3,3,3,4.0,Old Property,2200.0,1,0,0,0,0,0,49,"28.4245° N, 77.0991° E",28.4245,77.0991
2823,flat,m3m heights,sector 65,1.9,13991.0,2,2,2,40.0,Moderately Old,1358.0,0,0,0,0,0,0,48,"28.4030° N, 77.0690° E",28.403,77.069
2824,flat,sidhartha ncr one phase,sector 95,0.56,4106.0,2,2,2,10.0,Moderately Old,1234.0,0,0,0,0,0,1,60,"28.4172° N, 76.9081° E",28.4172,76.9081
2825,flat,shapoorji pallonji joyville gurugram,sector 102,1.28,10535.0,2,2,3,10.0,Moderately Old,1100.0,0,0,0,0,0,0,49,"28.4750° N, 76.9715° E",28.475,76.9715
2826,flat,experion the heartsong,sector 108,1.55,7738.0,3,3,3+,7.0,Moderately Old,1750.0,0,1,0,1,0,1,174,"28.5134° N, 76.9830° E",28.5134,76.983
2827,flat,m3m skywalk,sector 74,1.52,13345.0,2,2,3,6.0,Moderately Old,1250.0,0,0,1,0,0,0,174,"28.4158° N, 77.0118° E",28.4158,77.0118
2828,flat,chd avenue,sector 71,1.1,6790.0,3,3,3,11.0,Moderately Old,1466.0,0,0,0,0,1,0,72,"28.4104° N, 77.0281° E",28.4104,77.0281
2829,flat,m3m golf hills,sector 79,1.45,10211.0,2,2,3,15.0,Moderately Old,1578.0,0,0,0,0,0,0,67,"28.3624° N, 76.9787° E",28.3624,76.9787
2830,house,tulip yellow,sector 69,2.95,16389.0,4,3,2,3.0,New Property,1800.0,0,0,0,1,1,2,111,"28.3966° N, 77.0341° E",28.3966,77.0341
2831,flat,tulip ivory,sector 70,5.0,10417.0,6,7,3+,0.0,Moderately Old,5333.0,1,1,0,0,0,0,119,"28.3968° N, 77.0233° E",28.3968,77.0233
2832,flat,ireo skyon,sector 60,3.75,13393.0,4,4,3,12.0,Moderately Old,2650.0,0,1,0,0,0,1,49,"28.4003° N, 77.0975° E",28.4003,77.0975
2833,house,sector 38 rwa,sector 38,4.3,28782.0,3,9,3+,3.0,Moderately Old,165.0,0,0,0,1,1,1,41,"28.4347° N, 77.0430° E",28.4347,77.043
2834,flat,emaar mgf emerald floors premier,sector 65,2.8,16970.0,3,3,3+,3.0,Moderately Old,1833.0,1,1,0,0,0,1,38,"28.4030° N, 77.0690° E",28.403,77.069
2835,flat,ansal api celebrity suites,sector 2,0.6,8163.0,1,1,1,5.0,Moderately Old,665.0,0,0,0,0,0,1,88,"28.5095° N, 77.0320° E",28.5095,77.032
2836,flat,dlf garden city floors,sector 92,1.7,8586.0,3,4,2,1.0,Moderately Old,1475.0,0,0,0,0,0,0,63,"28.4079° N, 76.9153° E",28.4079,76.9153
2837,flat,shree vardhman victoria,sector 70,1.5,7692.0,3,5,3,7.0,Moderately Old,1527.0,0,1,0,0,0,1,174,"28.3968° N, 77.0233° E",28.3968,77.0233
2838,house,independent,sector 26,16.0,35556.0,5,6,3,2.0,Old Property,4500.0,0,0,0,0,0,0,0,"28.4757° N, 77.1032° E",28.4757,77.1032
2839,flat,dlf park place,sector 54,4.85,30180.0,3,4,3+,6.0,Moderately Old,1785.0,0,1,0,0,0,2,158,"28.4348° N, 77.1089° E",28.4348,77.1089
2840,house,independent,sector 26,7.0,39260.0,5,5,2,3.0,Moderately Old,1782.72,0,1,0,0,0,0,9,"28.4757° N, 77.1032° E",28.4757,77.1032
2841,flat,central park resort belgravia residences,sector 48,6.25,24300.0,3,5,3+,5.0,Moderately Old,3200.0,0,1,0,0,0,1,49,"28.4177° N, 77.0359° E",28.4177,77.0359
2842,house,independent,sector 25,8.0,8000.0,3,9,2,3.0,New Property,11111.0,0,0,0,0,0,0,0,"28.4844° N, 77.0860° E",28.4844,77.086
2843,flat,proxima tower,sector 37c,0.6,4601.0,2,2,3,5.0,Under Construction,1180.0,1,0,0,1,0,0,55,"28.4515° N, 76.9882° E",28.4515,76.9882
2844,flat,ansal heights 86,sector 86,0.78,5735.0,2,2,2,8.0,New Property,1360.0,0,0,0,0,0,0,72,"28.3986° N, 76.9384° E",28.3986,76.9384
2845,flat,tata primanti,sector 72,3.85,13253.0,4,5,3+,13.0,Moderately Old,2629.0,0,1,0,0,0,1,174,"28.4225° N, 77.0211° E",28.4225,77.0211
2846,flat,vatika xpressions,sector 88b,1.1,8148.0,2,4,3+,2.0,Under Construction,1350.0,1,0,0,0,0,0,58,"28.4446° N, 76.9542° E",28.4446,76.9542
2847,house,independent,sector 26,8.1,35294.0,5,5,2,4.0,Old Property,2295.0,0,0,0,0,0,0,42,"28.4757° N, 77.1032° E",28.4757,77.1032
2848,flat,ireo the grand arch,sector 58,3.83,21577.0,3,4,2,10.0,Moderately Old,2000.0,1,1,0,0,0,1,174,"28.4200° N, 77.1105° E",28.42,77.1105
2849,flat,m3m woodshire,sector 107,0.8,5857.0,2,2,3+,7.0,Moderately Old,1236.0,0,0,0,0,0,1,165,"28.5052° N, 76.9729° E",28.5052,76.9729
2850,house,independent,sector 24,11.0,28902.0,8,11,3+,3.0,Old Property,5000.0,1,1,0,1,1,1,39,"28.4939° N, 77.1038° E",28.4939,77.1038
2851,flat,ats tourmaline,sector 109,1.75,8140.0,3,4,3+,9.0,Moderately Old,1946.0,0,1,0,0,0,0,94,"28.5073° N, 77.0089° E",28.5073,77.0089
2852,house,independent,sector 12,0.7,6034.0,3,3,0,1.0,Moderately Old,1160.0,0,0,0,0,0,0,23,"28.4723° N, 77.0320° E",28.4723,77.032
2853,flat,smart world gems,sector 89,1.2,8433.0,3,3,2,2.0,New Property,1581.0,0,0,0,0,0,0,44,"28.4253° N, 76.9439° E",28.4253,76.9439
2854,flat,dlf the skycourt,sector 86,1.35,6998.0,3,3,1,9.0,Moderately Old,1746.0,0,0,0,0,0,0,119,"28.3986° N, 76.9384° E",28.3986,76.9384
2855,house,independent,sector 26,4.6,12198.0,4,4,3+,0.2,Old Property,3771.0,0,0,0,0,0,0,28,"28.4757° N, 77.1032° E",28.4757,77.1032
2856,flat,signature global synera,sector 81,0.4,6319.0,2,2,1,12.0,Moderately Old,586.0,0,0,0,0,0,0,23,"28.3867° N, 76.9485° E",28.3867,76.9485
2857,house,independent,sector 45,7.35,29697.0,6,4,3+,3.0,Old Property,2475.0,1,1,1,1,0,1,61,"28.4466° N, 77.0660° E",28.4466,77.066
2858,house,ansals florence villa,sector 57,3.3,19820.0,4,3,3+,2.0,Old Property,1665.0,1,1,1,1,0,0,151,"28.4232° N, 77.0752° E",28.4232,77.0752
2859,flat,vatika gurgaon,sector 83,1.12,6455.0,3,3,2,17.0,Moderately Old,1500.0,0,0,0,0,0,1,111,"28.3986° N, 76.9647° E",28.3986,76.9647
2860,flat,tulip violet,sector 69,1.29,8227.0,3,3,1,12.0,Moderately Old,1419.0,0,0,0,1,0,1,86,"28.3966° N, 77.0341° E",28.3966,77.0341
2861,flat,sare crescent parc,sector 92,0.51,4080.0,3,2,2,2.0,Moderately Old,1131.0,0,0,0,0,0,0,72,"28.4079° N, 76.9153° E",28.4079,76.9153
2862,flat,indiabulls centrum park,sector 103,1.2,8433.0,2,2,3,3.0,Moderately Old,1288.0,0,0,0,0,0,0,26,"28.4949° N, 76.9845° E",28.4949,76.9845
2863,house,independent,sector 41,9.0,27778.0,8,5,3+,3.0,Old Property,3240.0,0,1,1,1,0,1,26,"28.4557° N, 77.0632° E",28.4557,77.0632
2864,flat,dlf the belaire,sector 54,7.0,23333.0,4,6,3+,12.0,Moderately Old,2715.0,0,1,1,1,0,1,108,"28.4348° N, 77.1089° E",28.4348,77.1089
2865,flat,laxmi pareena,sector 99a,0.3,6667.0,2,1,0,12.0,Moderately Old,500.0,0,0,0,0,0,0,0,"28.4561° N, 76.9542° E",28.4561,76.9542
2866,flat,unitech harmony,sector 50,2.6,9591.0,3,4,2,15.0,Moderately Old,2700.0,0,1,0,0,1,1,174,"28.4178° N, 77.0628° E",28.4178,77.0628
2867,flat,microtek greenburg,sector 86,1.3,15294.0,2,3,3,5.0,Moderately Old,944.0,1,0,0,0,0,1,45,"28.3986° N, 76.9384° E",28.3986,76.9384
2868,flat,bptp terra,sector 37d,2.08,10000.0,4,4,3,0.0,New Property,2211.0,1,1,0,1,0,0,121,"28.4478° N, 76.9703° E",28.4478,76.9703
2869,flat,umang winter hills,sector 77,1.05,5763.0,3,3,3,7.0,Moderately Old,1600.0,0,0,0,0,0,0,49,"28.3801° N, 76.9845° E",28.3801,76.9845
2870,flat,tulip violet,sector 69,1.75,8706.0,4,4,2,10.0,Moderately Old,1819.0,0,0,0,0,0,1,109,"28.3966° N, 77.0341° E",28.3966,77.0341
2871,flat,signature global synera,sector 81,0.5,7886.0,2,2,1,11.0,New Property,704.0,0,0,0,0,0,2,97,"28.3867° N, 76.9485° E",28.3867,76.9485
2872,flat,dlf new town heights,sector 86,1.3,6736.0,3,3,3,12.0,Moderately Old,1747.0,0,1,0,0,0,1,165,"28.3986° N, 76.9384° E",28.3986,76.9384
2873,flat,bestech park view grand spa,sector 81,2.2,8271.0,3,4,3+,8.0,Moderately Old,2481.0,0,1,0,0,0,1,165,"28.3867° N, 76.9485° E",28.3867,76.9485
2874,flat,tata primanti,sector 72,3.4,15561.0,3,4,3+,9.0,Moderately Old,1977.0,0,1,0,0,0,0,38,"28.4225° N, 77.0211° E",28.4225,77.0211
2875,flat,puri emerald bay,sector 104,1.58,9117.0,2,3,3,11.0,Moderately Old,1538.0,0,1,0,0,0,0,101,"28.4788° N, 76.9960° E",28.4788,76.996
2876,flat,ss the leaf,sector 85,1.1,12472.0,2,2,3,12.0,Moderately Old,1173.0,1,0,0,0,0,0,75,"28.4042° N, 76.9513° E",28.4042,76.9513
2877,flat,m3m merlin,sector 67,2.8,13672.0,3,3,3,2.0,Moderately Old,1853.0,0,0,1,0,0,2,174,"28.3859° N, 77.0608° E",28.3859,77.0608
2878,house,independent,sector 2,4.99,18887.0,4,4,3+,3.0,Old Property,270.0,0,1,1,1,0,0,43,"28.5095° N, 77.0320° E",28.5095,77.032
2879,flat,central park flower valley,sector 33,1.4,21538.0,3,3,3,2.0,Under Construction,588.0,0,0,0,0,0,0,54,"28.4420° N, 77.0207° E",28.442,77.0207
2880,flat,dlf the primus,sector 82a,2.85,10936.0,4,4,3+,2.0,New Property,2179.0,0,1,0,0,0,2,174,"28.3858° N, 76.9686° E",28.3858,76.9686
2881,flat,shri ram apartments,sector 4,0.36,3789.0,2,2,1,4.0,Moderately Old,1056.0,0,0,0,0,0,0,0,"28.4738° N, 77.0107° E",28.4738,77.0107
2882,flat,central park resorts,sector 48,15.0,22388.0,5,6,3+,17.0,Moderately Old,7444.0,1,1,0,1,0,2,45,"28.4177° N, 77.0359° E",28.4177,77.0359
2883,flat,emaar mgf emerald floors premier,sector 65,2.85,14430.0,4,4,3+,0.0,Moderately Old,1787.0,1,1,0,0,0,1,151,"28.4030° N, 77.0690° E",28.403,77.069
2884,flat,shri balaji apartment,sector 12,0.35,4037.0,2,2,1,1.0,Old Property,737.0,0,0,0,0,0,0,23,"28.4723° N, 77.0320° E",28.4723,77.032
2885,house,independent,sector 92,1.8,7627.0,4,5,0,13.0,Moderately Old,2360.0,0,0,0,0,0,0,0,"28.4079° N, 76.9153° E",28.4079,76.9153
2886,house,not applicable,sector 4,0.8,6088.0,5,4,3,3.0,Under Construction,146.0,0,0,0,0,0,0,0,"28.4738° N, 77.0107° E",28.4738,77.0107
2887,flat,smart world gems,sector 89,0.95,8903.0,2,2,2,1.0,Moderately Old,804.0,1,0,0,0,0,0,122,"28.4253° N, 76.9439° E",28.4253,76.9439
2888,flat,zara aavaas,sector 104,0.2,6645.0,1,2,2,3.0,New Property,334.0,0,0,0,0,0,0,67,"28.4788° N, 76.9960° E",28.4788,76.996
2889,flat,puri emerald bay,sector 104,2.49,10163.0,3,3,3+,14.0,Moderately Old,2217.0,0,1,0,0,0,1,129,"28.4788° N, 76.9960° E",28.4788,76.996
2890,flat,dlf new town heights,sector 90,1.21,6244.0,3,3,3+,7.0,Moderately Old,1929.0,0,1,0,1,0,0,127,"28.4085° N, 76.9369° E",28.4085,76.9369
2891,house,independent,sector 56,2.99,20635.0,4,4,2,2.0,Old Property,1449.0,1,1,0,1,0,1,49,"28.4245° N, 77.0991° E",28.4245,77.0991
2892,flat,ss the leaf,sector 85,1.18,10094.0,2,3,3,12.0,Moderately Old,1420.0,0,0,0,1,0,1,150,"28.4042° N, 76.9513° E",28.4042,76.9513
2893,house,independent,sector 7,1.15,8519.0,5,3,2,2.0,Old Property,1350.0,0,0,0,1,0,0,15,"28.4644° N, 77.0143° E",28.4644,77.0143
2894,flat,surendra avenue 69,sector 69,0.75,6818.0,2,2,2,4.0,Moderately Old,1100.0,0,0,0,0,0,0,0,"28.3966° N, 77.0341° E",28.3966,77.0341
2895,flat,smart world orchard,sector 61,2.54,15497.0,3,3,3,2.0,Moderately Old,1822.0,0,0,1,0,0,0,16,"28.4050° N, 77.0963° E",28.405,77.0963
2896,flat,vatika sovereign park,sector 99,3.25,9673.0,4,4,3+,2.0,New Property,3041.0,0,1,0,0,0,0,123,"28.4640° N, 76.9614° E",28.464,76.9614
2897,flat,dlf the primus,sector 82a,3.5,13431.0,5,5,3+,14.0,Moderately Old,2896.0,1,0,0,0,0,2,49,"28.3858° N, 76.9686° E",28.3858,76.9686
2898,flat,siddhartha apartment,sector 95,1.1,4327.0,4,3,3,9.0,Moderately Old,2824.0,0,1,0,0,1,0,22,"28.4172° N, 76.9081° E",28.4172,76.9081
2899,flat,m3m heights,sector 65,2.79,14170.0,3,3,3,26.0,New Property,1654.0,0,0,0,0,0,0,15,"28.4030° N, 77.0690° E",28.403,77.069
2900,flat,bestech park view city,sector 48,4.25,9335.0,4,5,3+,14.0,Moderately Old,4120.0,1,0,0,0,0,1,81,"28.4177° N, 77.0359° E",28.4177,77.0359
2901,flat,ansal height 86,sector 86,0.8,5882.0,2,2,0,1.0,Moderately Old,1360.0,0,0,0,0,0,0,0,"28.3986° N, 76.9384° E",28.3986,76.9384
2902,flat,mapsko mount ville,sector 79,1.65,9091.0,3,3,0,12.0,Moderately Old,1815.0,0,0,0,0,0,0,0,"28.3624° N, 76.9787° E",28.3624,76.9787
2903,flat,indiabulls enigma,sector 110,4.0,9850.0,4,4,3,17.0,New Property,3350.0,0,0,0,0,0,0,59,"28.5145° N, 77.0197° E",28.5145,77.0197
2904,house,independent,sector 8,0.45,9000.0,1,1,1,3.0,Old Property,556.0,0,0,0,0,0,0,0,"28.3738° N, 76.8970° E",28.3738,76.897
2905,flat,paras dews,sector 106,1.05,7581.0,2,2,2,5.0,New Property,1539.0,0,0,0,0,0,0,97,"28.5007° N, 77.0003° E",28.5007,77.0003
2906,flat,raheja sampada,sector 92,0.7,4453.0,3,3,0,7.0,Moderately Old,1572.0,0,0,0,0,0,0,0,"28.4079° N, 76.9153° E",28.4079,76.9153
2907,flat,la lagune,sector 54,6.75,21361.0,4,6,3+,11.0,Moderately Old,2455.0,0,1,0,0,0,1,119,"28.4348° N, 77.1089° E",28.4348,77.1089
2908,flat,mapsko mount ville,sector 79,1.2,8054.0,3,3,3,9.0,Moderately Old,1321.0,1,0,0,0,0,1,104,"28.3624° N, 76.9787° E",28.3624,76.9787
2909,house,international city by sobha phase 1,sector 109,5.75,16429.0,4,4,2,3.0,Moderately Old,4800.0,0,1,0,0,0,0,146,"28.5073° N, 77.0089° E",28.5073,77.0089
2910,house,godrej meridien,sector 106,5.6,14000.0,5,4,3+,33.0,New Property,4000.0,1,1,1,1,0,0,151,"28.5007° N, 77.0003° E",28.5007,77.0003
2911,flat,shree vardhman flora,sector 90,1.25,4854.0,4,5,2,8.0,Moderately Old,2330.0,1,1,0,0,0,0,165,"28.4085° N, 76.9369° E",28.4085,76.9369
2912,flat,tulip violet,sector 69,1.4,8855.0,3,3,2,9.0,Moderately Old,1428.0,0,0,0,1,0,0,120,"28.3966° N, 77.0341° E",28.3966,77.0341
2913,flat,vatika the seven lamps,sector 82,0.89,8847.0,2,2,2,14.0,Moderately Old,1202.0,1,0,0,0,0,1,129,"28.3935° N, 76.9600° E",28.3935,76.96
2914,flat,emaar mgf emerald floors premier,sector 65,2.8,16970.0,4,4,3,2.0,Moderately Old,1800.0,1,0,0,0,0,1,89,"28.4030° N, 77.0690° E",28.403,77.069
2915,flat,tarc maceo,sector 91,0.96,5411.0,2,2,3+,8.0,Moderately Old,1271.0,0,0,0,0,0,0,85,"28.4014° N, 76.9225° E",28.4014,76.9225
2916,flat,shapoorji pallonji joyville,sector 102,1.1,12022.0,2,2,1,7.0,Moderately Old,915.0,0,0,0,0,0,0,0,"28.4750° N, 76.9715° E",28.475,76.9715
2917,flat,the close north,sector 50,2.65,11277.0,3,3,3+,3.0,Moderately Old,2491.0,0,1,0,0,0,0,174,"28.4178° N, 77.0628° E",28.4178,77.0628
2918,flat,dlf the ultima,sector 81,3.25,11805.0,4,4,3+,11.0,Moderately Old,2491.0,0,1,0,0,0,0,28,"28.3867° N, 76.9485° E",28.3867,76.9485
2919,flat,conscient heritage max,sector 102,2.22,13875.0,3,4,3+,15.0,Moderately Old,2000.0,1,1,0,0,0,0,82,"28.4750° N, 76.9715° E",28.475,76.9715
2920,flat,birla navya,sector 63a,3.7,15417.0,3,3,3+,1.0,Under Construction,2667.0,0,0,0,0,0,0,72,"28.3923° N, 77.0888° E",28.3923,77.0888
2921,house,sushant lok 1 builder floors,sector 43,2.45,7756.0,4,4,3+,3.0,Old Property,540.0,1,1,0,1,1,2,123,"28.4629° N, 77.0772° E",28.4629,77.0772
2922,flat,ireo victory valley,sector 67,4.75,13930.0,4,4,3+,0.0,Moderately Old,3200.0,1,1,1,1,0,1,165,"28.3859° N, 77.0608° E",28.3859,77.0608
2923,flat,dlf the grove,sector 43,6.0,25000.0,4,4,2,1.0,Moderately Old,2667.0,0,1,0,0,0,1,49,"28.4629° N, 77.0772° E",28.4629,77.0772
2924,flat,godrej,sector 79,2.0,8453.0,3,4,3+,2.0,Moderately Old,2629.0,0,1,0,0,0,1,156,"28.3624° N, 76.9787° E",28.3624,76.9787
2925,flat,puri diplomatic greens,sector 111,3.65,12373.0,4,5,3+,17.0,Moderately Old,2670.0,0,1,0,0,0,0,132,"28.5238° N, 77.0320° E",28.5238,77.032
2926,flat,mapsko casa bella,sector 82,1.75,6903.0,4,5,3+,1.0,Moderately Old,2535.0,0,0,0,0,0,0,54,"28.3935° N, 76.9600° E",28.3935,76.96
2927,house,independent,sector 25,9.0,33333.0,5,5,3,3.0,Old Property,2700.0,1,1,1,1,0,0,56,"28.4844° N, 77.0860° E",28.4844,77.086
2928,flat,godrej,sector 79,2.01,8495.0,3,4,3+,6.0,Moderately Old,2141.0,0,1,0,0,0,0,158,"28.3624° N, 76.9787° E",28.3624,76.9787
2929,flat,vatika the seven lamps,sector 82,1.0,6969.0,2,2,2,14.0,Moderately Old,1299.0,1,0,0,0,1,0,69,"28.3935° N, 76.9600° E",28.3935,76.96
2930,flat,chd avenue,sector 71,1.2,7407.0,3,3,3,4.0,Moderately Old,1466.0,0,0,0,0,1,1,49,"28.4104° N, 77.0281° E",28.4104,77.0281
2931,house,vipul tatvam villa,sector 48,8.5,26235.0,4,4,1,0.2,Moderately Old,3240.0,0,0,0,0,0,0,21,"28.4177° N, 77.0359° E",28.4177,77.0359
2932,flat,sidhartha ncr one phase,sector 95,0.46,4646.0,2,2,0,6.0,New Property,990.0,0,0,0,0,0,0,0,"28.4172° N, 76.9081° E",28.4172,76.9081
2933,flat,corona optus,sector 37c,1.44,7236.0,3,3,3+,2.0,Moderately Old,1789.0,1,1,0,0,1,0,49,"28.4515° N, 76.9882° E",28.4515,76.9882
2934,flat,birla navya,sector 63a,3.7,15417.0,3,3,3+,1.0,Under Construction,2667.0,0,0,0,0,0,0,72,"28.3923° N, 77.0888° E",28.3923,77.0888
2935,house,independent,sector 2,2.55,16378.0,3,3,2,2.0,Old Property,1557.0,0,0,0,0,0,0,8,"28.5095° N, 77.0320° E",28.5095,77.032
2936,flat,godrej oasis,sector 88a,1.15,7116.0,2,2,3,14.0,Moderately Old,1380.0,1,0,0,1,0,0,174,"28.4347° N, 76.9557° E",28.4347,76.9557
2937,flat,emaar palm gardens,sector 83,1.48,7789.0,3,3,3,7.0,Moderately Old,1549.0,0,1,0,0,0,0,66,"28.3986° N, 76.9647° E",28.3986,76.9647
2938,house,independent,sector 43,6.5,35403.0,5,4,3+,3.0,Old Property,215.0,0,1,0,1,0,1,54,"28.4629° N, 77.0772° E",28.4629,77.0772
2939,flat,sare green parc,sector 92,0.85,6538.0,3,2,2,20.0,Moderately Old,1300.0,0,0,0,0,0,0,0,"28.4079° N, 76.9153° E",28.4079,76.9153
2940,house,puri diplomatic greens,sector 111,9.0,11250.0,5,5,3+,3.0,Moderately Old,8000.0,0,1,0,0,0,0,112,"28.5238° N, 77.0320° E",28.5238,77.032
2941,flat,professional society,manesar,0.75,3067.0,3,4,3,3.0,Moderately Old,2717.0,0,1,0,0,0,0,21,"28.3515° N, 76.9428° E",28.3515,76.9428
2942,house,dlf city plots phase 2,sector 25,6.5,33592.0,3,9,3+,3.0,Old Property,1935.0,1,1,1,1,0,1,142,"28.4844° N, 77.0860° E",28.4844,77.086
2943,house,dlf city plots phase 4,sector 28,9.54,29444.0,6,5,3+,3.0,New Property,3240.0,1,1,1,1,0,0,153,"28.4728° N, 77.0865° E",28.4728,77.0865
2944,flat,eden landmark,manesar,0.5,3846.0,2,2,0,7.0,Under Construction,1300.0,0,0,0,0,0,0,0,"28.3515° N, 76.9428° E",28.3515,76.9428
2945,flat,indiabulls centrum park,sector 103,2.14,7443.0,4,6,3+,7.0,Moderately Old,2718.0,0,1,0,0,0,0,142,"28.4949° N, 76.9845° E",28.4949,76.9845
2946,house,independent,sector 24,2.6,24074.0,4,4,3+,4.0,Moderately Old,1080.0,1,0,1,1,0,2,0,"28.4939° N, 77.1038° E",28.4939,77.1038
2947,flat,emaar mgf emerald floors premier,sector 65,2.35,14242.0,3,3,3,2.0,Moderately Old,1650.0,1,1,0,0,0,0,158,"28.4030° N, 77.0690° E",28.403,77.069
2948,flat,vatika city,sector 49,2.64,11723.0,3,4,3+,2.0,Moderately Old,1750.75,0,1,0,1,0,1,140,"28.4121° N, 77.0480° E",28.4121,77.048
2949,flat,signature global solera,sector 107,0.28,5726.0,2,2,2,10.0,Moderately Old,543.0,0,0,0,0,0,0,38,"28.5052° N, 76.9729° E",28.5052,76.9729
2950,flat,sare green parc,sector 92,0.75,4820.0,3,2,2,16.0,Moderately Old,1556.0,0,0,0,0,0,0,0,"28.4079° N, 76.9153° E",28.4079,76.9153
2951,house,dlf new town heights,sector 86,2.5,7058.0,4,4,3+,3.0,Moderately Old,3400.0,1,1,1,1,0,1,142,"28.3986° N, 76.9384° E",28.3986,76.9384
2952,flat,sobha smriti apartments,sector 56,0.5,8333.0,1,1,2,3.0,Old Property,667.0,0,0,0,0,0,0,0,"28.4245° N, 77.0991° E",28.4245,77.0991
2953,house,independent,sector 4,4.12,8889.0,2,1,3+,0.2,Old Property,4635.0,0,0,0,0,0,0,0,"28.4738° N, 77.0107° E",28.4738,77.0107
2954,house,independent,sector 57,3.6,20833.0,4,4,2,2.0,Old Property,1728.0,1,1,1,1,0,0,110,"28.4232° N, 77.0752° E",28.4232,77.0752
2955,flat,raheja sampada,sector 92,0.9,6569.0,3,2,3,11.0,Moderately Old,1240.0,0,0,0,0,0,0,88,"28.4079° N, 76.9153° E",28.4079,76.9153
2956,flat,signature the roselia,sector 95,0.45,7909.0,2,2,2,2.0,New Property,632.0,0,0,0,0,0,1,31,"28.4172° N, 76.9081° E",28.4172,76.9081
2957,flat,conscient elevate,sector 59,3.78,16499.0,3,3,3,3.0,Under Construction,2550.0,0,0,0,0,0,0,31,"28.4051° N, 77.1097° E",28.4051,77.1097
2958,house,independent,sector 7,3.1,13778.0,3,3,2,2.0,Old Property,2250.0,0,0,0,0,0,0,22,"28.4644° N, 77.0143° E",28.4644,77.0143
2959,flat,supertech araville,sector 79,0.95,6209.0,2,2,3,7.0,New Property,1385.0,1,0,0,0,0,0,49,"28.3624° N, 76.9787° E",28.3624,76.9787
2960,flat,puri diplomatic greens,sector 111,3.5,11864.0,4,5,3+,10.0,Moderately Old,2700.0,0,1,0,0,0,1,49,"28.5238° N, 77.0320° E",28.5238,77.032
2961,flat,vatika gurgaon,sector 83,1.1,6051.0,3,3,3,12.0,Moderately Old,1570.0,0,1,0,0,0,1,66,"28.3986° N, 76.9647° E",28.3986,76.9647
2962,flat,spaze privy at,sector 84,1.24,6465.0,3,3,3,8.0,Moderately Old,1650.0,1,0,0,0,0,1,158,"28.3979° N, 76.9736° E",28.3979,76.9736
2963,flat,bestech park view grand spa,sector 81,4.0,9524.0,4,5,3+,15.0,Moderately Old,3801.0,0,1,0,0,0,1,127,"28.3867° N, 76.9485° E",28.3867,76.9485
2964,flat,sidhivinayak apartments,sector 55,1.9,10556.0,4,3,3+,9.0,Old Property,2000.0,0,0,0,1,0,2,35,"28.4281° N, 77.1100° E",28.4281,77.11
2965,flat,m3m golfestate,sector 79,1.4,10000.0,2,2,2,4.0,Moderately Old,1556.0,1,1,1,0,0,2,83,"28.3624° N, 76.9787° E",28.3624,76.9787
2966,flat,signature global city 63a,sector 63a,1.4,11336.0,2,2,2,3.0,Moderately Old,1372.0,0,0,0,0,1,0,0,"28.3923° N, 77.0888° E",28.3923,77.0888
2967,flat,dlf carlton estate,sector 43,2.0,14215.0,3,3,2,5.0,Moderately Old,1273.0,0,0,0,0,0,0,65,"28.4629° N, 77.0772° E",28.4629,77.0772
2968,house,independent,sector 43,2.5,2885.0,7,7,3,4.0,Moderately Old,963.0,0,0,0,0,1,1,20,"28.4629° N, 77.0772° E",28.4629,77.0772
2969,flat,puri emerald bay,sector 104,1.32,8516.0,2,2,2,10.0,Moderately Old,1403.0,0,0,0,0,0,0,128,"28.4788° N, 76.9960° E",28.4788,76.996
2970,flat,emaar mgf emerald estate,sector 65,1.42,13922.0,2,2,2,6.0,Moderately Old,1010.0,1,0,0,0,0,1,174,"28.4030° N, 77.0690° E",28.403,77.069
2971,flat,orris carnation residency,sector 85,1.1,6687.0,3,4,3,6.0,Moderately Old,1467.0,0,1,0,0,0,2,65,"28.4042° N, 76.9513° E",28.4042,76.9513
2972,flat,signature global solera,sector 107,0.5,7752.0,3,2,2,6.0,Moderately Old,717.0,0,0,0,0,1,0,15,"28.5052° N, 76.9729° E",28.5052,76.9729
2973,flat,dlf new town heights,sector 90,1.99,7297.0,4,4,3+,9.0,Moderately Old,3030.0,0,1,0,1,0,1,102,"28.4085° N, 76.9369° E",28.4085,76.9369
2974,house,independent,sector 3,0.9,10000.0,3,4,3,3.0,Old Property,3500.0,0,0,0,0,1,1,42,"28.4909° N, 77.0176° E",28.4909,77.0176
2975,flat,dlf the primus,sector 82a,1.85,10283.0,3,3,3+,2.0,Moderately Old,1668.0,0,0,0,0,0,1,44,"28.3858° N, 76.9686° E",28.3858,76.9686
2976,flat,raheja vanya,sector 99a,0.59,3976.0,2,2,3,1.0,Moderately Old,1133.0,0,0,0,0,1,0,96,"28.4561° N, 76.9542° E",28.4561,76.9542
2977,house,independent,sector 108,1.7,5667.0,4,4,3+,1.0,Moderately Old,3000.0,0,0,0,0,0,0,0,"28.5134° N, 76.9830° E",28.5134,76.983
2978,flat,godrej aria,sector 79,1.0,6653.0,2,2,2,4.0,Moderately Old,1300.0,1,0,0,0,0,0,49,"28.3624° N, 76.9787° E",28.3624,76.9787
2979,flat,ramprastha skyz,sector 37d,1.0,4943.0,3,5,3,11.0,Under Construction,1833.0,0,1,0,0,1,0,8,"28.4478° N, 76.9703° E",28.4478,76.9703
2980,flat,bptp terra,sector 37d,1.95,14444.0,4,3,3,7.0,Moderately Old,1650.0,0,0,0,0,0,0,53,"28.4478° N, 76.9703° E",28.4478,76.9703
2981,flat,m3m golfestate,sector 65,7.0,18182.0,3,3,2,12.0,Moderately Old,4278.0,0,0,1,0,0,0,60,"28.4030° N, 77.0690° E",28.403,77.069
2982,flat,m3m heights,sector 65,3.0,17996.0,3,3,3,20.0,Under Construction,1654.0,0,0,0,0,0,0,60,"28.4030° N, 77.0690° E",28.403,77.069
2983,flat,vatika lifestyle homes,sector 83,1.25,6838.0,3,2,1,6.0,Moderately Old,1654.0,1,1,1,1,0,2,174,"28.3986° N, 76.9647° E",28.3986,76.9647
2984,house,shivpuri,sector 7,2.4,8889.0,10,5,3,2.0,Old Property,2700.0,1,1,0,1,0,0,8,"28.4644° N, 77.0143° E",28.4644,77.0143
2985,flat,shapoorji pallonji joyville gurugram,sector 102,1.77,9195.0,3,3,3,1.0,Moderately Old,1653.0,0,0,0,0,0,0,151,"28.4750° N, 76.9715° E",28.475,76.9715
2986,flat,emaar gurgaon greens,sector 102,1.39,8424.0,3,3,3,7.0,Moderately Old,1493.0,0,1,0,0,0,1,21,"28.4750° N, 76.9715° E",28.475,76.9715
2987,flat,ats kocoon,sector 109,1.6,9169.0,3,3,3,10.0,Moderately Old,1550.0,0,0,0,0,0,0,86,"28.5073° N, 77.0089° E",28.5073,77.0089
2988,flat,dlf new town heights,sector 90,1.25,8639.0,3,4,3+,0.0,Old Property,1608.0,0,1,0,0,0,2,31,"28.4085° N, 76.9369° E",28.4085,76.9369
2989,flat,emaar gurgaon greens,sector 102,1.35,10800.0,3,4,3+,9.0,Moderately Old,1400.0,0,1,0,1,0,1,174,"28.4750° N, 76.9715° E",28.475,76.9715
2990,flat,ramsons kshitij,sector 95,0.28,3651.0,2,2,2,5.0,New Property,694.0,0,0,0,0,1,0,0,"28.4172° N, 76.9081° E",28.4172,76.9081
2991,house,independent,sector 4,0.65,10317.0,1,1,1,1.0,Old Property,70.0,0,0,0,0,1,0,21,"28.4738° N, 77.0107° E",28.4738,77.0107
2992,flat,antriksh heights,sector 84,1.05,5012.0,4,4,3+,3.0,New Property,1896.0,1,0,0,0,0,0,66,"28.3979° N, 76.9736° E",28.3979,76.9736
2993,house,jacob pura,sector 12,0.35,9722.0,2,1,0,0.2,Old Property,360.0,0,0,0,0,0,0,0,"28.4723° N, 77.0320° E",28.4723,77.032
2994,flat,emaar palm gardens,sector 83,1.35,12329.0,3,3,3,7.0,Moderately Old,1387.0,0,1,0,0,0,0,24,"28.3986° N, 76.9647° E",28.3986,76.9647
2995,house,independent,sector 8,0.59,10085.0,2,2,2,2.0,Old Property,585.0,0,0,0,0,1,0,7,"28.3738° N, 76.8970° E",28.3738,76.897
2996,house,international city by sobha phase 2,sector 109,6.25,11574.0,4,4,3+,2.0,Moderately Old,5400.0,0,1,0,0,0,0,138,"28.5073° N, 77.0089° E",28.5073,77.0089
2997,flat,orris aster court premier,sector 85,1.5,5859.0,4,5,3+,6.0,New Property,2017.0,0,1,0,0,0,1,28,"28.4042° N, 76.9513° E",28.4042,76.9513
2998,flat,central park flower valley aqua front towers,sector 33,2.96,13871.0,4,4,3,1.0,New Property,2371.0,0,1,0,0,0,1,24,"28.4420° N, 77.0207° E",28.442,77.0207
2999,flat,4s aradhya homes,sector 67a,1.9,8862.0,4,4,3,3.0,New Property,1991.0,0,0,0,0,0,1,62,"28.3960° N, 77.0372° E",28.396,77.0372
3000,flat,mapsko royale ville,sector 82,1.12,8000.0,3,4,2,6.0,Moderately Old,1500.0,0,1,0,1,0,0,174,"28.3935° N, 76.9600° E",28.3935,76.96
3001,flat,ss the leaf,sector 85,2.15,10925.0,4,5,3+,6.0,Moderately Old,2366.0,0,1,0,0,0,0,156,"28.4042° N, 76.9513° E",28.4042,76.9513
3002,house,bhim garh kheri,sector 3,1.5,7576.0,7,2,0,1.0,Old Property,1980.0,0,0,0,0,0,0,0,"28.4909° N, 77.0176° E",28.4909,77.0176
3003,flat,m3m soulitude,sector 89,1.33,16986.0,3,3,3,4.0,Moderately Old,1423.0,1,0,0,0,0,0,125,"28.4253° N, 76.9439° E",28.4253,76.9439
3004,flat,godrej habitat,sector 3,1.35,12784.0,2,2,0,4.0,Old Property,1056.0,0,0,0,0,0,0,60,"28.4909° N, 77.0176° E",28.4909,77.0176
3005,flat,shree vardhman flora,sector 90,0.65,4815.0,2,2,3,6.0,Moderately Old,1222.0,1,0,0,0,0,0,174,"28.4085° N, 76.9369° E",28.4085,76.9369
3006,flat,mapsko mount ville,sector 79,1.25,7716.0,3,3,2,1.0,Moderately Old,1212.0,1,0,0,1,0,1,166,"28.3624° N, 76.9787° E",28.3624,76.9787
3007,flat,vatika xpressions,sector 88b,0.92,6815.0,2,2,3,3.0,New Property,1350.0,0,0,0,0,0,0,26,"28.4446° N, 76.9542° E",28.4446,76.9542
3008,flat,ss the leaf,sector 85,1.2,10453.0,2,2,3+,2.0,Moderately Old,1380.0,0,0,1,0,0,0,156,"28.4042° N, 76.9513° E",28.4042,76.9513
3009,house,independent,sector 39,1.7,17989.0,2,2,3+,3.0,Moderately Old,900.0,0,1,1,0,0,0,45,"28.4434° N, 77.0515° E",28.4434,77.0515
3010,house,independent,sector 25,9.0,28490.0,10,10,3,3.0,Old Property,3159.0,0,0,0,1,0,1,64,"28.4844° N, 77.0860° E",28.4844,77.086
3011,flat,zara aavaas,sector 104,0.49,6577.0,3,2,2,7.0,Under Construction,695.0,0,0,0,0,0,0,74,"28.4788° N, 76.9960° E",28.4788,76.996
3012,flat,smriti apartment,sector 56,0.52,10656.0,1,1,1,1.0,Old Property,475.0,0,0,0,0,0,0,34,"28.4245° N, 77.0991° E",28.4245,77.0991
3013,flat,signature global solera,sector 107,0.5,4762.0,3,2,2,5.0,Moderately Old,850.0,0,0,0,0,1,0,35,"28.5052° N, 76.9729° E",28.5052,76.9729
3014,house,independent,sector 4,0.47,3518.0,3,4,0,3.0,Old Property,1350.0,0,0,0,0,0,0,0,"28.4738° N, 77.0107° E",28.4738,77.0107
3015,flat,dlf park place,sector 54,6.75,24963.0,4,4,2,8.0,Moderately Old,2076.0,0,1,0,0,0,2,135,"28.4348° N, 77.1089° E",28.4348,77.1089
3016,flat,rail vihar cghs,sector 56,1.35,10385.0,3,2,2,1.0,Old Property,1275.0,0,0,0,0,1,0,159,"28.4245° N, 77.0991° E",28.4245,77.0991
3017,flat,sare green parc phase 3,sector 92,0.95,4857.0,4,3,3,4.0,Moderately Old,1770.0,0,0,0,0,0,0,67,"28.4079° N, 76.9153° E",28.4079,76.9153
3018,house,independent,sector 12,0.7,4118.0,4,4,1,2.0,Old Property,1700.0,0,0,0,0,0,0,0,"28.4723° N, 77.0320° E",28.4723,77.032
3019,flat,dlf park place,sector 54,4.86,25920.0,3,4,3+,7.0,Moderately Old,1697.0,0,1,0,0,0,1,49,"28.4348° N, 77.1089° E",28.4348,77.1089
3020,house,independent,sector 7,0.95,21111.0,2,1,1,3.0,New Property,450.0,0,0,0,0,0,0,15,"28.4644° N, 77.0143° E",28.4644,77.0143
3021,house,independent,sector 45,8.5,26235.0,5,4,2,1.0,Old Property,3240.0,0,1,0,1,0,1,49,"28.4466° N, 77.0660° E",28.4466,77.066
3022,flat,sidhartha ncr one,sector 95,0.55,5556.0,2,2,3,15.0,New Property,990.0,0,0,0,0,0,0,0,"28.4172° N, 76.9081° E",28.4172,76.9081
3023,house,independent,sector 4,0.5,9259.0,2,3,2,3.0,Old Property,540.0,0,0,0,0,0,0,0,"28.4738° N, 77.0107° E",28.4738,77.0107
3024,flat,bestech altura,sector 79,1.72,8398.0,3,4,3,9.0,New Property,2050.0,0,0,0,0,0,0,49,"28.3624° N, 76.9787° E",28.3624,76.9787
3025,flat,sahara grace,sector 28,4.3,12421.0,3,4,3,5.0,Old Property,3133.0,0,1,1,0,0,0,24,"28.4728° N, 77.0865° E",28.4728,77.0865
3026,house,independent,sector 26,17.0,37627.0,5,5,3+,2.0,Moderately Old,4518.0,1,1,1,1,0,1,124,"28.4757° N, 77.1032° E",28.4757,77.1032
3027,flat,ashiana anmol,sector 33,1.1,8627.0,2,2,2,4.0,Moderately Old,1275.0,0,0,0,0,0,0,0,"28.4420° N, 77.0207° E",28.442,77.0207
3028,flat,ambience creacions,sector 22,3.5,19444.0,3,4,3+,8.0,New Property,2000.0,0,1,0,0,0,1,57,"28.5072° N, 77.0640° E",28.5072,77.064
3029,house,dlf city plots phase 3,sector 24,1.44,2963.0,4,2,2,1.0,Old Property,540.0,0,0,0,0,0,0,8,"28.4939° N, 77.1038° E",28.4939,77.1038
3030,flat,gls avenue 51,sector 92,0.21,6954.0,1,1,1,0.0,Moderately Old,336.0,0,0,0,0,0,0,63,"28.4079° N, 76.9153° E",28.4079,76.9153
3031,flat,the close north,sector 50,3.0,11516.0,3,3,3+,14.0,Old Property,2357.0,0,1,0,0,0,1,121,"28.4178° N, 77.0628° E",28.4178,77.0628
3032,flat,ats triumph,sector 104,2.3,10000.0,3,4,3+,15.0,New Property,2544.0,0,1,0,0,0,0,117,"28.4788° N, 76.9960° E",28.4788,76.996
3033,flat,smart world gems,sector 89,0.88,7978.0,2,2,0,2.0,Moderately Old,1103.0,0,0,0,0,0,0,45,"28.4253° N, 76.9439° E",28.4253,76.9439
3034,flat,chd avenue,sector 71,1.12,6215.0,3,4,3,0.0,Moderately Old,1631.0,0,1,0,0,0,0,65,"28.4104° N, 77.0281° E",28.4104,77.0281
3035,flat,central park flower valley,sector 33,2.3,12778.0,4,4,3+,5.0,New Property,2000.0,0,1,0,1,0,0,42,"28.4420° N, 77.0207° E",28.442,77.0207
3036,flat,vatika seven elements,sector 89,1.6,8163.0,3,3,3,5.0,New Property,1774.0,0,0,0,0,0,0,58,"28.4253° N, 76.9439° E",28.4253,76.9439
3037,flat,ireo victory valley,sector 67,2.87,11904.0,3,3,3+,16.0,Moderately Old,2095.0,0,1,0,0,0,1,174,"28.3859° N, 77.0608° E",28.3859,77.0608
3038,house,independent,sector 24,5.25,38889.0,4,4,3+,2.0,Moderately Old,160.0,0,1,0,1,0,1,72,"28.4939° N, 77.1038° E",28.4939,77.1038
3039,flat,tulip violet,sector 69,1.55,9823.0,3,3,2,0.0,Moderately Old,1428.0,0,0,0,1,0,1,129,"28.3966° N, 77.0341° E",28.3966,77.0341
3040,flat,bestech park view grand spa,sector 81,2.35,8835.0,3,4,3+,6.0,Moderately Old,2513.0,0,1,0,0,0,1,101,"28.3867° N, 76.9485° E",28.3867,76.9485
3041,flat,ramprastha skyz,sector 37d,1.1,6377.0,3,3,3+,7.0,Moderately Old,1561.0,0,0,0,0,0,0,109,"28.4478° N, 76.9703° E",28.4478,76.9703
3042,house,independent,sector 23,4.0,16006.0,3,3,2,2.0,Old Property,2430.0,0,1,0,0,0,1,115,"28.5121° N, 77.0478° E",28.5121,77.0478
3043,flat,bestech park view residency,sector 2,0.56,8629.0,1,1,2,6.0,Moderately Old,723.0,0,0,0,0,0,0,77,"28.5095° N, 77.0320° E",28.5095,77.032
3044,flat,ss the leaf,sector 85,1.87,7779.0,3,4,3,7.0,Moderately Old,2225.0,0,0,0,0,0,0,49,"28.4042° N, 76.9513° E",28.4042,76.9513
3045,flat,bestech park view residency,sector 2,1.26,8051.0,2,2,3,7.0,Moderately Old,1416.0,1,0,0,0,0,0,84,"28.5095° N, 77.0320° E",28.5095,77.032
3046,flat,kamroon court,sector 43,2.75,13750.0,3,4,3+,5.0,Moderately Old,2222.0,0,1,0,0,1,1,49,"28.4629° N, 77.0772° E",28.4629,77.0772
3047,flat,godrej oasis,sector 88a,1.4,7568.0,3,3,3+,4.0,Moderately Old,1674.0,0,0,0,0,0,1,38,"28.4347° N, 76.9557° E",28.4347,76.9557
3048,house,dlf city phase 1,sector 26,4.5,33333.0,3,3,2,2.0,Old Property,1350.0,1,1,0,0,0,0,70,"28.4757° N, 77.1032° E",28.4757,77.1032
3049,flat,shapoorji pallonji joyville gurugram,sector 102,1.8,10638.0,3,3,3,1.0,Moderately Old,1531.0,0,0,0,0,0,0,141,"28.4750° N, 76.9715° E",28.475,76.9715
3050,flat,siddhartha apartment,sector 95,0.72,3664.0,3,3,2,4.0,Moderately Old,1800.0,0,0,0,0,1,0,21,"28.4172° N, 76.9081° E",28.4172,76.9081
3051,flat,emaar mgf emerald floors premier,sector 65,2.35,16207.0,3,3,3,2.0,Moderately Old,1500.0,1,1,0,0,0,1,64,"28.4030° N, 77.0690° E",28.403,77.069
3052,flat,ramprastha the edge towers,sector 37d,0.71,5420.0,2,2,3,10.0,New Property,1100.0,0,0,0,0,1,0,38,"28.4478° N, 76.9703° E",28.4478,76.9703
3053,flat,greenopolis,sector 89,1.3,6806.0,3,3,3+,1.0,New Property,2122.0,0,1,0,0,0,0,35,"28.4253° N, 76.9439° E",28.4253,76.9439
3054,flat,parsvnath green ville,sector 48,1.75,7202.0,3,3,3,7.0,Old Property,2200.0,0,1,0,0,0,1,109,"28.4177° N, 77.0359° E",28.4177,77.0359
3055,flat,signature global grand iva,sector 103,0.3,8287.0,1,2,2,5.0,New Property,402.0,0,0,0,0,0,0,37,"28.4949° N, 76.9845° E",28.4949,76.9845
3056,flat,mrg world ultimus,sector 90,0.5,6983.0,2,2,2,1.0,Moderately Old,796.0,0,0,0,0,0,0,21,"28.4085° N, 76.9369° E",28.4085,76.9369
3057,house,ss aaron ville,sector 49,6.5,18808.0,5,5,2,2.0,Moderately Old,3456.0,1,1,0,1,0,1,28,"28.4121° N, 77.0480° E",28.4121,77.048
3058,flat,the lions cghs,sector 56,2.05,7885.0,4,4,3+,6.0,Moderately Old,2500.0,0,0,0,0,1,1,101,"28.4245° N, 77.0991° E",28.4245,77.0991
3059,flat,ansal sushant residency,sector 57,1.5,6775.0,3,2,3+,1.0,Old Property,273.0,0,0,0,0,0,0,87,"28.4232° N, 77.0752° E",28.4232,77.0752
3060,flat,bestech park view sanskruti,sector 92,1.68,11053.0,3,4,3+,15.0,Moderately Old,1804.0,0,1,0,0,0,1,174,"28.4079° N, 76.9153° E",28.4079,76.9153
3061,flat,ss the leaf,sector 85,1.11,6852.0,2,2,3,8.0,Moderately Old,1630.0,0,0,1,0,0,0,174,"28.4042° N, 76.9513° E",28.4042,76.9513
3062,flat,m3m soulitude,sector 89,1.25,8784.0,3,3,0,4.0,Moderately Old,1423.0,0,0,0,0,0,0,61,"28.4253° N, 76.9439° E",28.4253,76.9439
3063,flat,godrej aria,sector 79,0.95,6552.0,2,2,3,5.0,Moderately Old,1611.0,0,0,0,0,0,1,174,"28.3624° N, 76.9787° E",28.3624,76.9787
3064,flat,experion windchants,sector 112,5.6,11530.0,4,6,3+,15.0,Moderately Old,3662.34,0,1,0,0,0,1,157,"28.5189° N, 77.0183° E",28.5189,77.0183
3065,flat,raheja navodaya,sector 92,1.1,4681.0,3,2,3,0.0,Moderately Old,2350.0,0,0,0,0,0,0,0,"28.4079° N, 76.9153° E",28.4079,76.9153
3066,flat,shapoorji pallonji joyville gurugram,sector 102,2.4,10545.0,4,4,3+,15.0,Moderately Old,1957.0,0,0,0,0,0,0,108,"28.4750° N, 76.9715° E",28.475,76.9715
3067,house,independent,sector 7,3.85,14650.0,4,4,3,3.0,Old Property,2628.0,0,0,0,0,0,0,27,"28.4644° N, 77.0143° E",28.4644,77.0143
3068,flat,ansal plaza,sector 2,1.0,10000.0,2,3,0,1.0,Moderately Old,1000.0,0,0,0,0,0,0,0,"28.5095° N, 77.0320° E",28.5095,77.032
3069,flat,tulip violet,sector 69,1.85,9204.0,4,4,2,14.0,Moderately Old,1819.0,0,0,0,0,0,1,157,"28.3966° N, 77.0341° E",28.3966,77.0341
3070,flat,pareena coban residences,sector 99a,1.02,8793.0,2,2,3,3.0,Moderately Old,1430.0,1,0,0,0,0,0,174,"28.4561° N, 76.9542° E",28.4561,76.9542
3071,flat,imperia the esfera,sector 37c,0.86,5450.0,2,3,3,9.0,Moderately Old,1442.0,1,0,0,0,1,0,49,"28.4515° N, 76.9882° E",28.4515,76.9882
3072,flat,dlf regal gardens,sector 90,1.7,7222.0,4,4,3+,15.0,Moderately Old,2005.0,0,1,0,0,0,0,38,"28.4085° N, 76.9369° E",28.4085,76.9369
3073,flat,ireo skyon,sector 60,2.85,13936.0,3,4,3+,5.0,Moderately Old,1640.0,0,1,0,0,0,1,174,"28.4003° N, 77.0975° E",28.4003,77.0975
3074,flat,emaar palm gardens,sector 83,1.8,9474.0,3,4,3,4.0,Moderately Old,1551.0,1,1,1,1,0,1,174,"28.3986° N, 76.9647° E",28.3986,76.9647
3075,flat,godrej frontier,sector 80,1.4,6189.0,3,4,2,10.0,Moderately Old,1854.0,0,0,1,1,0,0,111,"28.3659° N, 76.9557° E",28.3659,76.9557
3076,flat,m3m skycity,sector 65,3.5,17040.0,3,3,3,15.0,New Property,2282.0,1,1,0,1,0,1,166,"28.4030° N, 77.0690° E",28.403,77.069
3077,flat,cghs vidya enclave,sector 56,1.7,10968.0,3,2,3,6.0,Old Property,1585.0,0,0,1,0,0,0,101,"28.4245° N, 77.0991° E",28.4245,77.0991
3078,flat,ss the leaf,sector 85,1.09,6667.0,2,2,3,9.0,Moderately Old,1638.0,0,0,1,0,0,0,174,"28.4042° N, 76.9513° E",28.4042,76.9513
3079,house,international city by sobha phase 2,sector 109,6.8,12593.0,4,5,3,2.0,Moderately Old,5400.0,0,1,0,0,0,0,49,"28.5073° N, 77.0089° E",28.5073,77.0089
3080,flat,shree vardhman victoria,sector 70,1.67,14384.0,3,5,3,5.0,Moderately Old,1527.0,0,1,0,0,0,0,108,"28.3968° N, 77.0233° E",28.3968,77.0233
3081,flat,smart world orchard,sector 61,1.6,13913.0,2,2,2,4.0,New Property,1278.0,1,0,0,0,1,0,29,"28.4050° N, 77.0963° E",28.405,77.0963
3082,house,huda,sector 38,3.5,24005.0,3,2,3,2.0,Moderately Old,161.0,0,0,1,0,0,1,85,"28.4347° N, 77.0430° E",28.4347,77.043
3083,flat,ats tourmaline,sector 109,1.72,8000.0,3,4,3+,7.0,Moderately Old,1797.0,0,1,0,0,0,0,167,"28.5073° N, 77.0089° E",28.5073,77.0089
3084,flat,signature global solera,sector 107,0.52,8062.0,3,2,2,5.0,Moderately Old,717.0,0,0,0,0,1,0,15,"28.5052° N, 76.9729° E",28.5052,76.9729
3085,flat,dlf regal gardens,sector 90,1.29,9021.0,3,3,3,7.0,Moderately Old,1540.0,1,0,0,0,0,0,174,"28.4085° N, 76.9369° E",28.4085,76.9369
3086,flat,ansal housing highland park,sector 103,2.0,7491.0,4,5,3+,14.0,New Property,2416.0,0,1,0,0,0,0,45,"28.4949° N, 76.9845° E",28.4949,76.9845
3087,house,independent,sector 105,0.5,5556.0,2,2,0,1.0,Old Property,100.0,0,0,0,0,0,0,0,"28.4952° N, 77.0114° E",28.4952,77.0114
3088,flat,godrej nature plus,sector 33,1.5,9677.0,3,3,3,6.0,Under Construction,1403.0,1,0,0,0,0,0,72,"28.4420° N, 77.0207° E",28.442,77.0207
3089,flat,ambience creacions,sector 22,3.2,11498.0,3,4,3+,2.0,New Property,2517.0,0,0,0,0,0,0,42,"28.5072° N, 77.0640° E",28.5072,77.064
3090,flat,bptp amstoria,sector 102,1.9,8444.0,3,3,3+,1.0,Moderately Old,2500.0,0,1,0,0,0,0,174,"28.4750° N, 76.9715° E",28.475,76.9715
3091,flat,m3m skycity,sector 65,2.8,15317.0,3,3,0,14.0,Moderately Old,1828.0,0,0,0,0,0,0,39,"28.4030° N, 77.0690° E",28.403,77.069
3092,flat,sbr minda sec-1 imt manesar,manesar,0.64,4194.0,3,2,3+,6.0,Old Property,1696.0,0,0,0,0,0,0,51,"28.3515° N, 76.9428° E",28.3515,76.9428
3093,flat,godrej oasis,sector 88a,1.45,8367.0,2,2,3+,9.0,Moderately Old,133.0,1,0,0,0,0,2,85,"28.4347° N, 76.9557° E",28.4347,76.9557
3094,flat,ss the leaf,sector 85,2.13,7575.0,4,4,3,2.0,Moderately Old,2600.0,0,0,0,0,0,0,49,"28.4042° N, 76.9513° E",28.4042,76.9513
3095,flat,emaar palm heights,sector 77,1.75,11667.0,3,3,3+,11.0,Moderately Old,1900.0,0,1,0,0,0,0,94,"28.3801° N, 76.9845° E",28.3801,76.9845
3096,flat,dlf new town heights,sector 90,1.9,6967.0,4,4,3+,19.0,Moderately Old,2512.0,0,1,1,0,0,1,174,"28.4085° N, 76.9369° E",28.4085,76.9369
3097,flat,shree vardhman victoria,sector 70,1.65,8462.0,3,3,2,6.0,Moderately Old,2167.0,1,0,0,0,0,0,72,"28.3968° N, 77.0233° E",28.3968,77.0233
3098,flat,m3m heights,sector 65,1.9,14996.0,2,2,3,4.0,Under Construction,1141.0,0,0,0,0,0,0,54,"28.4030° N, 77.0690° E",28.403,77.069
3099,flat,godrej oasis,sector 88a,1.3,7259.0,3,3,3+,4.0,Moderately Old,1990.0,0,0,0,0,0,0,79,"28.4347° N, 76.9557° E",28.4347,76.9557
3100,house,independent,sector 7,2.0,11111.0,2,2,1,2.0,Moderately Old,1800.0,0,0,0,0,0,0,0,"28.4644° N, 77.0143° E",28.4644,77.0143
3101,flat,zara aavaas,sector 104,0.26,7808.0,1,1,2,0.0,Moderately Old,301.0,0,0,0,0,0,0,91,"28.4788° N, 76.9960° E",28.4788,76.996
3102,flat,conscient heritage max,sector 102,1.75,9063.0,3,4,3+,16.0,Moderately Old,1748.0,0,1,0,0,0,0,134,"28.4750° N, 76.9715° E",28.475,76.9715
3103,house,dlf city plots,sector 26,12.5,38580.0,4,5,2,2.0,Old Property,3240.0,1,1,0,0,0,1,121,"28.4757° N, 77.1032° E",28.4757,77.1032
3104,house,bhawani enclave,sector 12,0.42,8235.0,3,3,0,2.0,New Property,567.0,0,0,0,1,0,0,0,"28.4723° N, 77.0320° E",28.4723,77.032
3105,flat,supertech araville,sector 79,0.78,6023.0,2,2,3+,0.0,New Property,1172.0,0,0,0,0,1,0,74,"28.3624° N, 76.9787° E",28.3624,76.9787
3106,flat,sare homes,sector 92,0.68,5239.0,3,3,2,11.0,Moderately Old,1442.0,0,0,0,1,0,0,100,"28.4079° N, 76.9153° E",28.4079,76.9153
3107,flat,the close north,sector 50,2.7,9982.0,3,3,3+,3.0,Moderately Old,2357.0,0,1,0,0,0,0,117,"28.4178° N, 77.0628° E",28.4178,77.0628
3108,flat,bestech park view city,sector 48,2.7,11714.0,3,3,3+,7.0,Moderately Old,2000.0,1,1,0,0,0,1,174,"28.4177° N, 77.0359° E",28.4177,77.0359
3109,house,independent,sector 13,0.9,11465.0,2,4,3,3.0,Old Property,785.0,1,1,0,1,1,0,0,"28.4757° N, 77.0392° E",28.4757,77.0392
3110,house,ninex city,sector 76,1.75,6250.0,4,4,0,14.0,New Property,3111.0,0,0,0,0,0,0,0,"28.3935° N, 76.9888° E",28.3935,76.9888
3111,flat,satya the hermitage,sector 103,1.12,5625.0,3,4,3+,9.0,New Property,1734.0,0,1,0,0,0,0,49,"28.4949° N, 76.9845° E",28.4949,76.9845
3112,house,independent,sector 40,2.15,23889.0,3,3,3,3.0,Old Property,900.0,1,0,1,1,0,0,45,"28.4498° N, 77.0567° E",28.4498,77.0567
3113,flat,chd avenue,sector 71,0.82,7081.0,2,2,2,6.0,Moderately Old,1086.0,0,0,0,0,0,0,0,"28.4104° N, 77.0281° E",28.4104,77.0281
3114,flat,shree vardhman victoria,sector 70,1.6,8205.0,3,3,3,10.0,Moderately Old,1527.0,1,1,0,1,1,0,43,"28.3968° N, 77.0233° E",28.3968,77.0233
3115,flat,vatika gurgaon,sector 83,1.4,6629.0,3,3,2,7.0,Moderately Old,1570.0,0,0,0,0,0,1,74,"28.3986° N, 76.9647° E",28.3986,76.9647
3116,flat,conscient heritage max,sector 102,2.5,11633.0,3,4,3+,25.0,New Property,1945.0,1,1,0,0,0,1,56,"28.4750° N, 76.9715° E",28.475,76.9715
3117,house,bhim nagar society,sector 6,0.4,2500.0,4,2,2,1.0,Old Property,1600.0,0,0,0,0,0,0,0,"28.4745° N, 77.0262° E",28.4745,77.0262
3118,flat,unitech fresco,sector 50,1.8,9590.0,3,4,3+,6.0,Moderately Old,1870.0,0,1,0,0,0,1,174,"28.4178° N, 77.0628° E",28.4178,77.0628
3119,flat,ats triumph,sector 104,1.75,7642.0,3,4,3+,12.0,Moderately Old,2036.0,1,1,0,1,1,1,21,"28.4788° N, 76.9960° E",28.4788,76.996
3120,flat,emaar mgf the palm drive,sector 66,3.0,15385.0,3,3,2,12.0,Moderately Old,1720.0,0,1,0,0,0,0,96,"28.3925° N, 77.0541° E",28.3925,77.0541
3121,flat,the arzoo cghs,sector 51,2.1,9130.0,4,4,3,1.0,Moderately Old,2300.0,0,0,0,0,0,0,58,"28.4320° N, 77.0686° E",28.432,77.0686
3122,flat,sare crescent parc,sector 92,0.9,4259.0,4,5,3+,3.0,Moderately Old,1805.0,0,1,0,0,0,0,0,"28.4079° N, 76.9153° E",28.4079,76.9153
3123,house,international city by sobha phase 1,sector 109,6.0,24691.0,4,5,3+,2.0,Moderately Old,2430.0,0,1,0,0,0,1,96,"28.5073° N, 77.0089° E",28.5073,77.0089
3124,flat,alpha corp gurgaonone,sector 84,1.5,7641.0,3,3,3,20.0,Moderately Old,1833.0,0,1,0,0,0,1,37,"28.3979° N, 76.9736° E",28.3979,76.9736
3125,flat,green court,sector 90,0.45,7188.0,2,2,1,2.0,New Property,696.0,0,0,0,0,0,1,42,"28.4085° N, 76.9369° E",28.4085,76.9369
3126,flat,ild greens,sector 37c,0.9,5614.0,3,3,3,0.0,Under Construction,1500.0,0,0,0,0,0,0,66,"28.4515° N, 76.9882° E",28.4515,76.9882
3127,house,signature global city 81,sector 81,0.75,6849.0,3,2,3,4.0,Under Construction,1095.0,1,0,0,0,0,0,97,"28.3867° N, 76.9485° E",28.3867,76.9485
3128,house,independent,sector 24,4.5,33333.0,2,8,3+,4.0,Moderately Old,160.0,0,1,1,0,0,1,56,"28.4939° N, 77.1038° E",28.4939,77.1038
3129,flat,ireo the corridors,sector 67a,1.6,9265.0,3,3,2,3.0,New Property,1346.0,0,0,1,0,0,1,142,"28.3960° N, 77.0372° E",28.396,77.0372
3130,house,independent,sector 43,5.5,28424.0,1,1,0,1.0,Old Property,1935.0,0,0,0,0,1,0,12,"28.4629° N, 77.0772° E",28.4629,77.0772
3131,flat,shree vardhman victoria,sector 70,1.65,8462.0,3,4,3,12.0,Moderately Old,1765.0,0,1,1,0,0,0,56,"28.3968° N, 77.0233° E",28.3968,77.0233
3132,flat,imperia the esfera,sector 37c,0.85,5387.0,2,3,3,9.0,Moderately Old,1442.0,1,0,0,0,0,0,49,"28.4515° N, 76.9882° E",28.4515,76.9882
3133,flat,shyam apartment,sector 3,0.26,3714.0,2,1,2,2.0,Moderately Old,611.0,0,0,0,0,0,0,0,"28.4909° N, 77.0176° E",28.4909,77.0176
3134,flat,emaar mgf palm terraces select,sector 66,3.4,14108.0,4,4,3+,2.0,Moderately Old,2210.0,0,1,0,0,0,1,157,"28.3925° N, 77.0541° E",28.3925,77.0541
3135,flat,gls avenue 51,sector 92,0.45,6000.0,3,3,1,10.0,Moderately Old,833.0,0,0,0,0,0,0,0,"28.4079° N, 76.9153° E",28.4079,76.9153
3136,house,independent,sector 25,9.9,29333.0,5,5,2,2.0,Old Property,3375.0,0,0,0,1,0,1,106,"28.4844° N, 77.0860° E",28.4844,77.086
3137,house,sheetla enclave,sector 5,0.96,10000.0,2,4,2,3.0,Old Property,945.0,0,0,1,1,0,1,0,"28.4794° N, 77.0176° E",28.4794,77.0176
3138,flat,vatika sovereign park,sector 99,3.25,9673.0,4,4,3+,2.0,New Property,3041.0,0,1,0,0,0,0,123,"28.4640° N, 76.9614° E",28.464,76.9614
3139,flat,tulip leaf,sector 69,2.06,11388.0,3,3,3,16.0,Moderately Old,1640.0,0,0,0,0,0,0,49,"28.3966° N, 77.0341° E",28.3966,77.0341
3140,house,adani brahma samsara,sector 60,18.02,28200.0,9,12,3+,3.0,Moderately Old,6390.0,0,1,0,0,0,1,146,"28.4003° N, 77.0975° E",28.4003,77.0975
3141,flat,rk tower,sector 2,0.95,9596.0,2,2,1,1.0,Moderately Old,1100.0,0,0,0,0,0,0,99,"28.5095° N, 77.0320° E",28.5095,77.032
3142,flat,bestech park view residency,sector 2,0.98,6960.0,2,2,3,0.0,Moderately Old,1281.0,0,0,0,0,0,0,85,"28.5095° N, 77.0320° E",28.5095,77.032
3143,flat,green court,sector 90,0.47,6812.0,2,2,1,0.0,New Property,767.0,0,0,0,0,0,0,49,"28.4085° N, 76.9369° E",28.4085,76.9369
3144,house,independent,sector 8,0.62,11273.0,3,1,0,2.0,Old Property,550.0,0,0,0,0,0,0,0,"28.3738° N, 76.8970° E",28.3738,76.897
3145,flat,dlf new town heights,sector 90,1.75,5721.0,4,4,3+,17.0,Moderately Old,2468.0,0,1,0,1,0,0,88,"28.4085° N, 76.9369° E",28.4085,76.9369
3146,house,international city by sobha phase 1,sector 109,5.9,24280.0,4,5,2,2.0,Moderately Old,2430.0,0,1,0,0,0,1,111,"28.5073° N, 77.0089° E",28.5073,77.0089
3147,flat,m3m heights,sector 65,2.33,18477.0,2,2,3,35.0,Under Construction,1141.0,0,0,0,0,0,1,49,"28.4030° N, 77.0690° E",28.403,77.069
3148,house,independent,sector 21,0.6,6173.0,3,3,2,3.0,Old Property,972.0,0,0,0,0,0,0,0,"28.5134° N, 77.0723° E",28.5134,77.0723
3149,house,independent,sector 105,0.55,10913.0,2,4,0,2.0,Old Property,56.0,0,0,0,0,0,0,0,"28.4952° N, 77.0114° E",28.4952,77.0114
3150,flat,smart world orchard,sector 61,2.24,14461.0,3,3,2,3.0,New Property,1402.0,0,0,0,0,1,0,61,"28.4050° N, 77.0963° E",28.405,77.0963
3151,house,independent,sector 53,4.0,17778.0,5,5,2,3.0,Moderately Old,2250.0,1,0,0,0,0,0,23,"28.4433° N, 77.0948° E",28.4433,77.0948
3152,flat,tata gurgaon gateway,sector 113,1.75,10442.0,2,2,2,10.0,Moderately Old,1430.0,1,0,0,0,0,0,104,"28.5287° N, 77.0233° E",28.5287,77.0233
3153,flat,bptp terra,sector 37d,1.72,7850.0,3,3,3+,10.0,Moderately Old,1983.0,0,1,0,0,0,0,31,"28.4478° N, 76.9703° E",28.4478,76.9703
3154,flat,afnhb jalvayu vihar,sector 30,1.3,10000.0,3,3,2,2.0,Old Property,1401.0,0,0,0,0,0,0,19,"28.4604° N, 77.0579° E",28.4604,77.0579
3155,house,independent,sector 50,13.2,27155.0,6,6,0,2.0,Old Property,4861.0,0,0,0,0,0,0,0,"28.4178° N, 77.0628° E",28.4178,77.0628
3156,flat,vatika lifestyle homes,sector 83,1.05,5983.0,3,3,2,14.0,Moderately Old,1588.0,1,1,1,1,0,1,174,"28.3986° N, 76.9647° E",28.3986,76.9647
3157,house,international city by sobha phase 1,sector 109,5.5,21603.0,4,4,3+,2.0,New Property,2430.0,0,1,0,0,0,0,61,"28.5073° N, 77.0089° E",28.5073,77.0089
3158,flat,bestech park view grand spa,sector 81,4.7,6786.0,4,4,3+,19.0,Moderately Old,6268.0,0,1,0,0,0,1,140,"28.3867° N, 76.9485° E",28.3867,76.9485
3159,house,independent,sector 21,0.45,8411.0,3,2,1,1.0,Moderately Old,594.0,0,0,0,0,0,0,0,"28.5134° N, 77.0723° E",28.5134,77.0723
3160,flat,ireo victory valley,sector 67,3.05,12650.0,3,3,3+,21.0,Moderately Old,2029.0,0,1,0,0,0,1,157,"28.3859° N, 77.0608° E",28.3859,77.0608
3161,flat,apna enclave,sector 3,0.58,6105.0,2,2,2,2.0,Old Property,900.0,0,0,0,0,0,0,66,"28.4909° N, 77.0176° E",28.4909,77.0176
3162,flat,suncity avenue,sector 102,0.47,8935.0,2,2,1,5.0,Moderately Old,582.0,0,0,1,0,0,0,142,"28.4750° N, 76.9715° E",28.475,76.9715
3163,flat,dlf the skycourt,sector 86,1.6,8294.0,3,3,1,14.0,Moderately Old,1746.0,0,0,0,1,0,0,72,"28.3986° N, 76.9384° E",28.3986,76.9384
3164,flat,the close north,sector 50,2.97,11401.0,3,3,3+,8.0,Moderately Old,2600.0,0,1,0,0,0,1,174,"28.4178° N, 77.0628° E",28.4178,77.0628
3165,flat,smart world orchard,sector 61,2.2,14203.0,3,3,2,4.0,New Property,1721.0,0,0,0,0,0,0,152,"28.4050° N, 77.0963° E",28.405,77.0963
3166,flat,dlf regal gardens,sector 90,1.65,7449.0,4,4,3+,8.0,Moderately Old,1900.0,0,0,0,0,1,0,79,"28.4085° N, 76.9369° E",28.4085,76.9369
3167,house,independent,sector 14,6.46,18889.0,5,5,2,3.0,Old Property,380.0,1,1,0,1,0,1,27,"28.4711° N, 77.0454° E",28.4711,77.0454
3168,house,independent,sector 25,13.5,37313.0,5,6,3+,4.0,Old Property,3618.0,0,0,0,0,1,1,79,"28.4844° N, 77.0860° E",28.4844,77.086
3169,house,ansals palam vihar,sector 2,4.0,16667.0,4,4,3+,2.0,Old Property,2400.0,0,1,0,0,0,0,0,"28.5095° N, 77.0320° E",28.5095,77.032
3170,flat,smart world gems,sector 89,1.16,10498.0,3,2,3,1.0,New Property,998.0,1,0,0,0,0,0,49,"28.4253° N, 76.9439° E",28.4253,76.9439
3171,flat,signature global solera,sector 107,0.35,6399.0,2,2,2,8.0,Moderately Old,608.0,0,0,0,0,0,0,45,"28.5052° N, 76.9729° E",28.5052,76.9729
3172,flat,ireo victory valley,sector 67,3.49,12998.0,3,3,3,19.0,Moderately Old,2724.0,0,1,0,0,0,0,103,"28.3859° N, 77.0608° E",28.3859,77.0608
3173,flat,bhagwati sadan,sector 12,1.15,5500.0,3,4,2,2.0,Old Property,2000.0,0,1,0,0,1,0,0,"28.4723° N, 77.0320° E",28.4723,77.032
3174,flat,hsiidc sidco aravali,manesar,0.81,3129.0,3,3,3+,2.0,Moderately Old,1900.0,0,1,0,0,0,0,74,"28.3515° N, 76.9428° E",28.3515,76.9428
3175,house,eldeco mansionz,sector 48,4.95,20599.0,7,7,3+,2.0,Old Property,2403.0,1,1,1,1,0,1,145,"28.4177° N, 77.0359° E",28.4177,77.0359
3176,house,independent,sector 2,6.0,20000.0,4,4,1,2.0,Moderately Old,333.0,0,0,0,0,0,0,0,"28.5095° N, 77.0320° E",28.5095,77.032
3177,flat,mrg world ultimus,sector 90,0.5,6983.0,2,2,2,1.0,Moderately Old,796.0,0,0,0,0,0,0,21,"28.4085° N, 76.9369° E",28.4085,76.9369
3178,house,vatika signature villas,sector 82,5.0,15432.0,4,4,3+,3.0,Moderately Old,3240.0,0,1,1,1,0,0,24,"28.3935° N, 76.9600° E",28.3935,76.96
3179,house,independent,sector 2,5.7,22637.0,9,9,3+,3.0,Old Property,2430.0,0,0,0,1,0,1,0,"28.5095° N, 77.0320° E",28.5095,77.032
3180,house,independent,sector 56,7.25,29340.0,8,8,3+,0.0,Old Property,303.0,0,0,0,0,0,1,24,"28.4245° N, 77.0991° E",28.4245,77.0991
3181,house,independent,sector 4,0.6,11696.0,3,3,1,2.0,Old Property,57.0,0,0,0,0,1,0,0,"28.4738° N, 77.0107° E",28.4738,77.0107
3182,flat,tulip ivory,sector 70,2.1,8750.0,4,5,3+,5.0,Moderately Old,2114.0,0,1,0,0,0,1,120,"28.3968° N, 77.0233° E",28.3968,77.0233
3183,house,independent,sector 25,6.5,36111.0,4,3,3,3.0,Old Property,1800.0,1,0,0,1,0,0,19,"28.4844° N, 77.0860° E",28.4844,77.086
3184,flat,tulip monsella,sector 53,6.02,20816.0,3,3,3,29.0,Moderately Old,2892.0,0,0,0,0,0,0,68,"28.4433° N, 77.0948° E",28.4433,77.0948
3185,flat,ss the leaf,sector 85,2.13,7575.0,4,4,3,6.0,Moderately Old,2600.0,0,0,0,0,0,0,49,"28.4042° N, 76.9513° E",28.4042,76.9513
3186,flat,greenopolis,sector 89,0.65,5196.0,2,2,2,15.0,Moderately Old,1390.0,0,0,0,0,0,0,37,"28.4253° N, 76.9439° E",28.4253,76.9439
3187,flat,ild grand centra,sector 37c,0.95,5220.0,3,1,0,0.0,Moderately Old,1820.0,0,0,0,0,0,0,0,"28.4515° N, 76.9882° E",28.4515,76.9882
3188,flat,sanskriti apartment,sector 10a,1.1,6667.0,3,3,3,2.0,New Property,1833.0,0,0,0,0,0,0,22,"28.4469° N, 77.0106° E",28.4469,77.0106
3189,flat,brisk lumbini terrace homes,sector 109,1.5,6617.0,3,3,1,4.0,New Property,2519.0,0,1,0,0,0,0,37,"28.5073° N, 77.0089° E",28.5073,77.0089
3190,flat,ramprastha primera,sector 37d,1.1,6111.0,3,3,3,6.0,Moderately Old,1700.0,0,0,0,0,0,0,149,"28.4478° N, 76.9703° E",28.4478,76.9703
3191,flat,emaar imperial gardens,sector 102,1.85,9136.0,3,3,3+,0.0,Moderately Old,2250.0,0,1,0,0,0,1,95,"28.4750° N, 76.9715° E",28.475,76.9715
3192,house,unitech uniworld resorts,sector 33,10.0,20202.0,5,6,3,4.0,New Property,550.0,1,1,0,0,0,0,26,"28.4420° N, 77.0207° E",28.442,77.0207
3193,flat,m3m heights,sector 65,1.99,15794.0,2,2,2,26.0,Moderately Old,1140.0,0,0,0,0,0,0,48,"28.4030° N, 77.0690° E",28.403,77.069
3194,flat,paras dews,sector 106,1.4,9979.0,4,6,3+,10.0,Moderately Old,1535.0,0,1,0,0,0,0,174,"28.5007° N, 77.0003° E",28.5007,77.0003
3195,flat,ambience creacions,sector 22,3.99,12913.0,3,5,3+,3.0,New Property,2796.0,0,1,0,0,0,2,102,"28.5072° N, 77.0640° E",28.5072,77.064
3196,flat,smart world orchard,sector 61,1.57,13652.0,2,2,2,3.0,New Property,1150.0,1,0,0,0,1,0,71,"28.4050° N, 77.0963° E",28.405,77.0963
3197,flat,dlf regency park,sector 28,2.25,14516.0,3,3,2,16.0,Old Property,1700.0,0,1,0,0,0,0,89,"28.4728° N, 77.0865° E",28.4728,77.0865
3198,flat,dlf new town heights,sector 90,1.8,6601.0,4,4,3+,23.0,Moderately Old,2468.0,0,0,0,0,0,0,67,"28.4085° N, 76.9369° E",28.4085,76.9369
3199,flat,corona gracieux,sector 76,1.08,5510.0,3,3,3,1.0,New Property,1774.0,0,1,0,0,0,0,58,"28.3935° N, 76.9888° E",28.3935,76.9888
3200,flat,tata primanti,sector 72,4.25,13077.0,4,4,3+,0.0,Moderately Old,2941.0,0,1,0,0,0,1,174,"28.4225° N, 77.0211° E",28.4225,77.0211
3201,flat,emaar palm gardens,sector 83,1.8,9474.0,3,4,0,9.0,Moderately Old,1900.0,0,0,0,0,0,0,55,"28.3986° N, 76.9647° E",28.3986,76.9647
3202,flat,tulip violet,sector 69,1.38,8973.0,3,3,1,12.0,Moderately Old,1709.0,0,0,0,0,0,0,174,"28.3966° N, 77.0341° E",28.3966,77.0341
3203,flat,orris aster court premier,sector 85,1.49,5820.0,4,5,3+,10.0,Moderately Old,2017.0,0,1,0,0,0,1,84,"28.4042° N, 76.9513° E",28.4042,76.9513
3204,flat,vatika city,sector 49,1.72,7818.0,3,3,2,2.0,Old Property,2444.0,0,0,0,0,0,1,144,"28.4121° N, 77.0480° E",28.4121,77.048
3205,house,international city by sobha phase 2,sector 109,6.25,10035.0,5,7,3+,3.0,Moderately Old,6228.0,1,1,1,1,0,0,147,"28.5073° N, 77.0089° E",28.5073,77.0089
3206,house,independent,sector 43,3.35,26973.0,1,1,0,1.0,Old Property,1242.0,0,0,0,0,0,0,9,"28.4629° N, 77.0772° E",28.4629,77.0772
3207,flat,the close south,sector 50,3.25,12810.0,3,4,3+,4.0,Old Property,2819.0,0,1,0,0,0,1,135,"28.4178° N, 77.0628° E",28.4178,77.0628
3208,house,independent,sector 7,6.5,15046.0,3,2,3+,0.2,Old Property,4320.0,0,0,0,0,0,0,9,"28.4644° N, 77.0143° E",28.4644,77.0143
3209,flat,dlf the arbour,sector 63,7.8,19747.0,4,4,0,6.0,New Property,3950.0,0,0,0,0,0,0,61,"28.3971° N, 77.0867° E",28.3971,77.0867
3210,flat,tulip violet,sector 69,2.0,9950.0,4,4,2,0.0,Moderately Old,1819.0,0,0,0,0,0,0,95,"28.3966° N, 77.0341° E",28.3966,77.0341
3211,flat,smart world orchard,sector 61,2.41,14785.0,3,3,3,2.0,New Property,1630.0,0,0,0,0,0,0,61,"28.4050° N, 77.0963° E",28.405,77.0963
3212,flat,godrej aria,sector 79,1.69,8522.0,3,3,2,7.0,Moderately Old,1795.0,0,0,0,0,0,0,112,"28.3624° N, 76.9787° E",28.3624,76.9787
3213,flat,mapsko casa bella,sector 82,0.86,8121.0,3,3,3,5.0,Moderately Old,1234.0,1,0,0,0,0,1,120,"28.3935° N, 76.9600° E",28.3935,76.96
3214,flat,dlf belvedere towers,sector 25,3.7,17619.0,4,4,3,18.0,Old Property,2333.0,0,1,0,0,0,1,26,"28.4844° N, 77.0860° E",28.4844,77.086
3215,flat,shapoorji pallonji joyville gurugram,sector 102,1.4,10378.0,2,2,2,11.0,New Property,1166.0,0,0,0,0,0,1,49,"28.4750° N, 76.9715° E",28.475,76.9715
3216,flat,dlf regal gardens,sector 90,1.78,8036.0,4,4,3+,8.0,Moderately Old,2000.0,0,0,0,0,0,0,126,"28.4085° N, 76.9369° E",28.4085,76.9369
3217,flat,shree vardhman victoria,sector 70,1.62,13953.0,3,3,3,9.0,Moderately Old,1527.0,0,1,0,0,0,0,96,"28.3968° N, 77.0233° E",28.3968,77.0233
3218,flat,umang winter hills,sector 77,1.2,6586.0,3,3,3,14.0,Moderately Old,1822.0,0,0,0,0,0,0,46,"28.3801° N, 76.9845° E",28.3801,76.9845
3219,flat,emaar mgf the palm drive,sector 66,3.2,17778.0,3,3,3,12.0,Moderately Old,1995.0,1,1,1,1,0,0,117,"28.3925° N, 77.0541° E",28.3925,77.0541
3220,flat,dlf city plots phase 3,sector 24,6.5,18571.0,4,5,3+,3.0,New Property,3889.0,0,1,0,0,0,2,42,"28.4939° N, 77.1038° E",28.4939,77.1038
3221,flat,chd avenue,sector 71,0.95,7930.0,2,2,2,5.0,Moderately Old,1084.0,0,0,0,0,0,1,142,"28.4104° N, 77.0281° E",28.4104,77.0281
3222,flat,emaar digihomes,sector 62,2.45,16003.0,2,2,2,7.0,New Property,1200.0,1,0,0,0,0,2,174,"28.4139° N, 77.0886° E",28.4139,77.0886
3223,flat,pareena mi casa,sector 68,1.15,9237.0,2,2,3,8.0,New Property,1127.0,0,0,0,0,0,0,49,"28.3853° N, 77.0484° E",28.3853,77.0484
3224,flat,unitech uniworld gardens,sector 47,2.4,11505.0,3,3,3+,10.0,Moderately Old,1888.0,0,1,0,0,0,1,120,"28.4276° N, 77.0492° E",28.4276,77.0492
3225,house,dlf gardencity enclave,sector 93,1.3,11285.0,3,2,1,3.0,Moderately Old,1152.0,0,0,0,0,0,0,50,"28.4153° N, 76.9326° E",28.4153,76.9326
3226,flat,m3m golfestate,sector 65,5.0,16667.0,3,3,3,2.0,Moderately Old,3245.0,0,1,0,0,0,1,174,"28.4030° N, 77.0690° E",28.403,77.069
3227,flat,godrej nature plus serenity,sector 33,1.39,11583.0,3,2,3+,23.0,Moderately Old,1333.0,0,0,0,0,0,0,105,"28.4420° N, 77.0207° E",28.442,77.0207
3228,flat,emaar mgf emerald floors premier,sector 65,3.5,17722.0,4,4,3,4.0,Moderately Old,1787.0,0,1,0,0,0,0,114,"28.4030° N, 77.0690° E",28.403,77.069
3229,flat,conscient heritage max,sector 102,2.15,10005.0,3,4,3+,18.0,Moderately Old,1945.0,1,1,0,0,0,1,134,"28.4750° N, 76.9715° E",28.475,76.9715
3230,flat,dlf the skycourt,sector 86,1.59,8243.0,3,3,3,17.0,Moderately Old,1700.0,0,0,0,0,1,1,165,"28.3986° N, 76.9384° E",28.3986,76.9384
3231,flat,godrej,sector 79,1.18,8532.0,2,2,3,7.0,Moderately Old,1252.0,0,0,0,0,0,0,158,"28.3624° N, 76.9787° E",28.3624,76.9787
3232,flat,dlf regal gardens,sector 90,1.23,7053.0,3,3,2,19.0,Moderately Old,1578.0,0,0,0,0,1,0,6,"28.4085° N, 76.9369° E",28.4085,76.9369
3233,flat,supertech new soft launch,sector 68,0.84,7119.0,2,2,2,7.0,New Property,1180.0,0,0,0,0,0,0,0,"28.3853° N, 77.0484° E",28.3853,77.0484
3234,house,ansal api spanish court,sector 2,2.9,18626.0,4,4,3,2.0,Moderately Old,1415.0,0,0,1,0,0,1,49,"28.5095° N, 77.0320° E",28.5095,77.032
3235,flat,corona optus,sector 37c,1.2,6916.0,3,4,3,8.0,Moderately Old,1635.0,0,0,0,0,0,0,149,"28.4515° N, 76.9882° E",28.4515,76.9882
3236,flat,emaar gurgaon greens,sector 102,1.4,8485.0,3,3,3,4.0,Moderately Old,1493.0,0,1,0,0,0,1,83,"28.4750° N, 76.9715° E",28.475,76.9715
3237,flat,smartworld 1dxp,sector 113,2.75,10589.0,4,4,3+,20.0,Moderately Old,2886.0,1,1,0,1,0,2,57,"28.5287° N, 77.0233° E",28.5287,77.0233
3238,flat,paras dews,sector 106,1.15,6053.0,3,4,3,5.0,Moderately Old,1305.0,1,1,0,0,0,0,49,"28.5007° N, 77.0003° E",28.5007,77.0003
3239,flat,emaar gurgaon greens,sector 102,1.35,8182.0,3,3,3,5.0,Moderately Old,1315.0,0,1,0,0,0,0,119,"28.4750° N, 76.9715° E",28.475,76.9715
3240,flat,emaar mgf emerald floors premier,sector 65,2.77,14025.0,4,4,3+,3.0,Moderately Old,2194.0,1,1,0,0,0,2,174,"28.4030° N, 77.0690° E",28.403,77.069
3241,flat,dlf regal gardens,sector 90,1.19,5504.0,3,3,2,11.0,Moderately Old,1562.0,0,0,0,0,1,0,88,"28.4085° N, 76.9369° E",28.4085,76.9369
3242,flat,conscient elevate,sector 59,4.25,18519.0,3,4,3,3.0,Under Construction,2077.0,0,0,0,0,0,0,0,"28.4051° N, 77.1097° E",28.4051,77.1097
3243,house,independent,sector 105,0.7,5833.0,3,2,2,1.0,Old Property,1200.0,0,0,0,0,0,0,0,"28.4952° N, 77.0114° E",28.4952,77.0114
3244,flat,puri emerald bay,sector 104,2.23,9911.0,3,4,3+,10.0,Moderately Old,2359.0,0,1,0,0,0,1,159,"28.4788° N, 76.9960° E",28.4788,76.996
3245,flat,on request,sector 103,1.69,9145.0,3,3,3+,8.0,Moderately Old,1670.0,0,0,0,0,0,0,49,"28.4949° N, 76.9845° E",28.4949,76.9845
3246,house,international city by sobha phase 2,sector 109,6.5,12037.0,4,4,3+,1.0,New Property,5400.0,0,1,0,0,0,1,160,"28.5073° N, 77.0089° E",28.5073,77.0089
3247,flat,conscient heritage max,sector 102,2.1,9772.0,3,4,3+,10.0,Moderately Old,1945.0,1,1,0,0,0,0,53,"28.4750° N, 76.9715° E",28.475,76.9715
3248,flat,sare homes,sector 92,1.25,6200.0,4,3,0,16.0,Moderately Old,2040.0,0,0,0,0,0,0,49,"28.4079° N, 76.9153° E",28.4079,76.9153
3249,flat,dlf the ultima,sector 81,2.34,11185.0,3,4,3+,14.0,Moderately Old,1760.0,0,1,0,0,0,2,174,"28.3867° N, 76.9485° E",28.3867,76.9485
3250,flat,sare homes,sector 92,0.95,4750.0,4,3,2,17.0,New Property,1983.0,0,0,0,0,0,0,7,"28.4079° N, 76.9153° E",28.4079,76.9153
3251,house,independent,sector 25,6.5,36111.0,4,4,3+,2.0,Old Property,1800.0,1,1,1,1,0,0,61,"28.4844° N, 77.0860° E",28.4844,77.086
3252,flat,ireo the grand arch,sector 58,4.0,18484.0,3,4,3,5.0,Old Property,1958.0,0,1,0,0,0,1,49,"28.4200° N, 77.1105° E",28.42,77.1105
3253,flat,dlf regal gardens,sector 90,2.05,8999.0,4,4,3+,5.0,Moderately Old,2005.0,0,0,0,0,0,1,49,"28.4085° N, 76.9369° E",28.4085,76.9369
3254,flat,bestech park view ananda,sector 81,0.95,6985.0,2,2,2,13.0,Moderately Old,1150.0,0,0,0,0,0,1,167,"28.3867° N, 76.9485° E",28.3867,76.9485
3255,flat,smart world gems,sector 89,1.71,12000.0,3,2,0,3.0,Moderately Old,1423.0,0,0,0,0,0,0,45,"28.4253° N, 76.9439° E",28.4253,76.9439
3256,flat,ambience lagoon,sector 24,4.25,13281.0,3,4,3+,3.0,Old Property,3201.0,0,1,1,0,0,1,131,"28.4939° N, 77.1038° E",28.4939,77.1038
3257,flat,signature global synera,sector 81,0.5,6803.0,2,2,3,6.0,Moderately Old,700.0,0,0,0,0,0,0,117,"28.3867° N, 76.9485° E",28.3867,76.9485
3258,flat,adani brahma samsara vilasa,sector 63,3.4,10000.0,3,3,3+,1.0,New Property,3077.0,0,0,0,0,0,0,99,"28.3971° N, 77.0867° E",28.3971,77.0867
3259,flat,prime habitat,sector 99a,0.26,4745.0,2,2,1,6.0,Moderately Old,611.0,0,0,0,0,1,0,79,"28.4561° N, 76.9542° E",28.4561,76.9542
3260,house,ss hibiscus,sector 50,12.25,20940.0,5,7,3+,1.0,Moderately Old,5850.0,1,1,0,1,1,1,160,"28.4178° N, 77.0628° E",28.4178,77.0628
3261,flat,shapoorji pallonji joyville gurugram,sector 102,1.95,10529.0,3,3,3,10.0,Moderately Old,1676.0,0,0,0,0,0,0,59,"28.4750° N, 76.9715° E",28.475,76.9715
3262,flat,experion windchants,sector 112,3.65,11428.0,3,5,2,3.0,Moderately Old,2800.0,0,1,0,0,0,0,72,"28.5189° N, 77.0183° E",28.5189,77.0183
3263,flat,godrej nature plus,sector 33,1.25,9025.0,2,2,3+,15.0,Under Construction,1539.0,0,0,0,0,0,0,44,"28.4420° N, 77.0207° E",28.442,77.0207
3264,flat,tulip violet,sector 69,1.55,9823.0,3,3,2,5.0,Moderately Old,1428.0,0,0,0,1,0,0,99,"28.3966° N, 77.0341° E",28.3966,77.0341
3265,flat,suncity platinum towers,sector 28,6.2,23091.0,3,4,3+,21.0,Moderately Old,2000.0,0,1,0,0,0,1,160,"28.4728° N, 77.0865° E",28.4728,77.0865
3266,flat,ss the leaf,sector 85,1.08,6585.0,2,2,3,8.0,New Property,1200.0,1,1,1,1,0,1,157,"28.4042° N, 76.9513° E",28.4042,76.9513
3267,flat,tulip violet,sector 69,1.7,8433.0,4,4,2,10.0,New Property,1819.0,0,0,0,0,0,0,125,"28.3966° N, 77.0341° E",28.3966,77.0341
3268,house,independent,sector 2,4.95,20370.0,6,5,3+,3.0,Moderately Old,2430.0,0,1,0,0,0,0,91,"28.5095° N, 77.0320° E",28.5095,77.032
3269,flat,tarc maceo,sector 91,1.5,6466.0,3,4,3+,3.0,Moderately Old,1786.0,1,1,0,0,0,0,112,"28.4014° N, 76.9225° E",28.4014,76.9225
3270,flat,pareena mi casa,sector 68,1.1,9016.0,2,2,3,13.0,New Property,1244.0,0,0,0,0,0,0,106,"28.3853° N, 77.0484° E",28.3853,77.0484
3271,house,u block dlf phase 3 road no 21,sector 24,1.6,3292.0,7,5,3+,4.0,Old Property,540.0,0,0,0,0,0,0,0,"28.4939° N, 77.1038° E",28.4939,77.1038
3272,flat,unitech the residences,sector 33,1.35,8738.0,3,4,2,8.0,Moderately Old,1398.0,0,1,0,0,0,0,49,"28.4420° N, 77.0207° E",28.442,77.0207
3273,flat,bptp park generations,sector 37d,1.5,9868.0,3,2,3+,17.0,Moderately Old,1376.0,0,0,0,0,0,0,42,"28.4478° N, 76.9703° E",28.4478,76.9703
3274,house,ardee city,sector 52,5.5,20370.0,9,9,3+,3.0,Old Property,300.0,0,1,0,1,1,1,26,"28.4379° N, 77.0785° E",28.4379,77.0785
3275,house,independent,sector 47,0.99,17188.0,1,4,3,4.0,Moderately Old,576.0,0,0,0,0,0,0,13,"28.4276° N, 77.0492° E",28.4276,77.0492
3276,house,independent,sector 43,14.0,39886.0,9,9,3+,4.0,Old Property,3510.0,0,1,0,0,0,0,7,"28.4629° N, 77.0772° E",28.4629,77.0772
3277,flat,shree vardhman flora,sector 90,0.92,4718.0,3,3,2,6.0,Moderately Old,2167.0,1,0,0,0,0,1,49,"28.4085° N, 76.9369° E",28.4085,76.9369
3278,flat,ambience creacions,sector 22,1.65,11957.0,2,2,2,9.0,Moderately Old,1200.0,0,0,0,1,1,2,133,"28.5072° N, 77.0640° E",28.5072,77.064
3279,flat,krrish provence estate,gwal pahari,5.5,9483.0,4,5,3+,11.0,New Property,5249.0,1,1,0,1,0,0,151,"28.4484° N, 77.0210° E",28.4484,77.021
3280,house,ss aaron ville,sector 49,6.75,15000.0,5,4,2,2.0,New Property,4500.0,0,0,0,0,1,0,49,"28.4121° N, 77.0480° E",28.4121,77.048
3281,flat,emaar palm gardens,sector 83,1.38,8023.0,3,3,3,5.0,Moderately Old,1350.0,0,1,0,0,0,1,8,"28.3986° N, 76.9647° E",28.3986,76.9647
3282,flat,bestech park view ananda,sector 81,1.15,6928.0,3,2,3+,12.0,Moderately Old,1352.0,0,0,0,0,0,0,101,"28.3867° N, 76.9485° E",28.3867,76.9485
3283,flat,experion the heartsong,sector 108,1.7,8487.0,3,4,3+,14.0,Moderately Old,1500.29,0,1,0,0,0,0,119,"28.5134° N, 76.9830° E",28.5134,76.983
3284,house,independent,sector 43,5.75,29716.0,4,4,2,2.0,Old Property,1935.0,0,1,1,1,0,0,34,"28.4629° N, 77.0772° E",28.4629,77.0772
3285,flat,m3m heights,sector 65,1.9,13991.0,2,2,2,40.0,Moderately Old,1358.0,0,0,0,0,0,0,48,"28.4030° N, 77.0690° E",28.403,77.069
3286,flat,dlf the skycourt,sector 86,1.6,8294.0,3,3,3+,9.0,Moderately Old,1548.0,0,0,0,0,1,1,167,"28.3986° N, 76.9384° E",28.3986,76.9384
3287,flat,shapoorji pallonji joyville gurugram,sector 102,0.95,10383.0,2,2,2,14.0,Moderately Old,915.0,0,0,0,0,0,0,0,"28.4750° N, 76.9715° E",28.475,76.9715
3288,flat,tulip violet,sector 69,1.68,8350.0,4,4,2,1.0,Moderately Old,1819.0,0,0,0,1,0,0,102,"28.3966° N, 77.0341° E",28.3966,77.0341
3289,flat,gls avenue 51,sector 92,0.5,7812.0,3,3,1,0.0,Moderately Old,579.0,0,0,0,0,0,0,0,"28.4079° N, 76.9153° E",28.4079,76.9153
3290,flat,ats triumph,sector 104,2.65,8413.0,4,4,3+,14.0,Moderately Old,2898.0,0,1,0,0,0,0,21,"28.4788° N, 76.9960° E",28.4788,76.996
3291,flat,vipul lavanya,sector 81,0.64,5263.0,2,2,3,12.0,Moderately Old,1361.0,0,0,0,0,0,1,93,"28.3867° N, 76.9485° E",28.3867,76.9485
3292,flat,kendriya vihar,sector 56,0.58,9587.0,1,1,1,1.0,Old Property,672.0,0,0,0,0,0,0,77,"28.4245° N, 77.0991° E",28.4245,77.0991
3293,flat,tulip violet,sector 69,1.75,9459.0,3,4,2,0.0,Moderately Old,2056.0,0,0,0,0,0,1,174,"28.3966° N, 77.0341° E",28.3966,77.0341
3294,flat,tata gurgaon gateway,sector 113,3.21,11823.0,3,3,3,9.0,New Property,2281.0,0,0,0,0,0,0,49,"28.5287° N, 77.0233° E",28.5287,77.0233
3295,flat,sare homes,sector 92,0.95,4872.0,4,3,3,13.0,New Property,1765.0,0,0,0,0,0,0,0,"28.4079° N, 76.9153° E",28.4079,76.9153
3296,house,independent,sector 17b,8.5,18814.0,4,4,2,2.0,Old Property,500.0,1,1,0,1,0,1,21,"28.4806° N, 77.0663° E",28.4806,77.0663
3297,flat,dlf new town heights,sector 86,1.27,6580.0,3,4,3,19.0,Moderately Old,1800.0,0,1,0,1,0,0,126,"28.3986° N, 76.9384° E",28.3986,76.9384
3298,flat,m3m skycity,sector 65,3.0,16411.0,3,3,3,17.0,Under Construction,1654.0,0,0,0,0,0,0,99,"28.4030° N, 77.0690° E",28.403,77.069
3299,flat,umang winter hills,sector 77,0.71,5306.0,2,2,2,6.0,Moderately Old,1057.0,1,0,0,0,0,0,108,"28.3801° N, 76.9845° E",28.3801,76.9845
3300,flat,dlf regency park,sector 28,1.6,14545.0,2,2,2,3.0,Moderately Old,1222.0,0,0,0,0,0,0,52,"28.4728° N, 77.0865° E",28.4728,77.0865
3301,flat,tulip violet,sector 69,1.4,8838.0,3,3,2,1.0,Moderately Old,1428.0,0,0,0,0,0,0,95,"28.3966° N, 77.0341° E",28.3966,77.0341
3302,flat,signature global solera,sector 107,0.28,5680.0,2,2,2,11.0,Moderately Old,543.0,0,0,0,0,0,0,29,"28.5052° N, 76.9729° E",28.5052,76.9729
3303,house,independent,sector 57,4.75,28788.0,3,3,3,2.0,Old Property,1700.0,0,0,1,0,0,1,96,"28.4232° N, 77.0752° E",28.4232,77.0752
3304,flat,la vida by tata housing,sector 113,2.78,11347.0,3,3,3,3.0,New Property,2599.0,1,1,0,0,0,0,174,"28.5287° N, 77.0233° E",28.5287,77.0233
3305,flat,ss residency,sector 12,0.53,4818.0,3,3,2,2.0,Moderately Old,995.0,0,0,0,0,0,1,14,"28.4723° N, 77.0320° E",28.4723,77.032
3306,flat,unitech uniworld gardens,sector 47,1.05,10532.0,2,2,2,3.0,Moderately Old,1108.0,0,0,0,0,0,1,34,"28.4276° N, 77.0492° E",28.4276,77.0492
3307,house,independent,sector 1,1.85,16003.0,4,3,2,3.0,Old Property,1284.0,0,0,0,0,0,0,0,"28.3663° N, 76.9456° E",28.3663,76.9456
3308,flat,ss,sector 85,2.17,7717.0,4,4,3,7.0,Moderately Old,2600.0,1,1,0,1,0,0,49,"28.4042° N, 76.9513° E",28.4042,76.9513
3309,house,huda plots,sector 56,2.95,20359.0,2,2,2,1.0,Old Property,1000.0,0,0,0,0,0,0,31,"28.4245° N, 77.0991° E",28.4245,77.0991
3310,flat,bestech park view residency,sector 2,1.02,7208.0,2,2,3,11.0,Moderately Old,1281.0,0,0,0,0,0,0,92,"28.5095° N, 77.0320° E",28.5095,77.032
3311,flat,indiabulls centrum park,sector 103,1.05,5859.0,2,2,3,1.0,Moderately Old,1365.0,0,0,0,0,0,1,51,"28.4949° N, 76.9845° E",28.4949,76.9845
3312,flat,sare petioles,sector 92,1.22,5250.0,4,3,3,9.0,Under Construction,2093.0,0,1,0,0,0,0,99,"28.4079° N, 76.9153° E",28.4079,76.9153
3313,house,independent,sector 24,3.25,30374.0,4,4,3,3.0,Old Property,1069.63,0,0,0,0,0,0,15,"28.4939° N, 77.1038° E",28.4939,77.1038
3314,flat,experion windchants,sector 112,3.75,13383.0,3,5,3+,22.0,Moderately Old,2536.0,0,1,0,0,0,1,49,"28.5189° N, 77.0183° E",28.5189,77.0183
3315,flat,corona gracieux,sector 76,1.46,5499.0,4,6,3+,8.0,New Property,2398.0,0,1,0,0,0,0,58,"28.3935° N, 76.9888° E",28.3935,76.9888
3316,flat,sobha city,sector 108,3.95,16859.0,3,5,2,15.0,New Property,1900.0,0,1,0,0,0,0,118,"28.5134° N, 76.9830° E",28.5134,76.983
3317,flat,m3m merlin,sector 67,3.4,14419.0,3,4,3,16.0,Moderately Old,2016.0,0,1,0,0,0,1,174,"28.3859° N, 77.0608° E",28.3859,77.0608
3318,house,independent,sector 12,0.9,13333.0,2,4,0,2.0,Old Property,675.0,0,0,0,0,0,0,0,"28.4723° N, 77.0320° E",28.4723,77.032
3319,flat,ambience creacions,sector 22,4.1,28101.0,3,3,3+,2.0,New Property,2069.0,0,0,0,0,0,2,119,"28.5072° N, 77.0640° E",28.5072,77.064
3320,flat,bestech park view ananda,sector 81,1.45,8735.0,3,2,3+,3.0,Moderately Old,1352.0,0,0,0,0,1,0,45,"28.3867° N, 76.9485° E",28.3867,76.9485
3321,flat,ats tourmaline,sector 110,1.5,8571.0,3,3,3+,7.0,Moderately Old,1466.0,0,0,0,0,0,0,165,"28.5145° N, 77.0197° E",28.5145,77.0197
3322,flat,rof ananda,sector 95,0.46,6319.0,2,2,2,11.0,New Property,809.0,1,0,0,0,0,0,82,"28.4172° N, 76.9081° E",28.4172,76.9081
3323,flat,shree vardhman victoria,sector 70,1.9,9744.0,3,3,3,10.0,New Property,1765.0,0,1,1,1,1,0,36,"28.3968° N, 77.0233° E",28.3968,77.0233
3324,flat,ss the leaf,sector 85,1.2,7317.0,2,2,3+,14.0,Moderately Old,1380.0,0,0,1,0,0,0,141,"28.4042° N, 76.9513° E",28.4042,76.9513
3325,flat,maruti vihar,sector 28,1.0,9091.0,1,1,1,1.0,Old Property,995.0,1,0,0,1,0,1,80,"28.4728° N, 77.0865° E",28.4728,77.0865
3326,flat,bestech park view ananda,sector 81,1.15,6928.0,3,2,3+,6.0,Moderately Old,1463.0,1,0,0,0,0,1,104,"28.3867° N, 76.9485° E",28.3867,76.9485
3327,flat,ambience creacions,sector 22,4.78,15469.0,3,4,3,7.0,Moderately Old,2500.0,0,1,0,0,1,2,111,"28.5072° N, 77.0640° E",28.5072,77.064
3328,flat,m3m woodshire,sector 107,0.75,5490.0,2,2,3+,14.0,Moderately Old,1201.0,0,0,0,1,0,0,174,"28.5052° N, 76.9729° E",28.5052,76.9729
3329,flat,sare homes,sector 92,0.6,5000.0,3,2,3,4.0,Moderately Old,1333.0,0,0,0,0,0,1,49,"28.4079° N, 76.9153° E",28.4079,76.9153
3330,house,independent,sector 9,0.22,7407.0,2,2,2,1.0,Old Property,37.0,0,0,0,0,0,0,0,"28.4603° N, 77.0000° E",28.4603,77.0
3331,flat,vatika sovereign next,sector 82a,3.85,7500.0,5,6,3+,6.0,New Property,5711.0,0,1,0,1,0,0,148,"28.3858° N, 76.9686° E",28.3858,76.9686
3332,flat,la vida by tata housing,sector 113,2.78,10335.0,3,4,3+,5.0,Moderately Old,2350.0,0,1,0,0,0,0,174,"28.5287° N, 77.0233° E",28.5287,77.0233
3333,flat,ireo skyon,sector 60,3.7,13214.0,4,5,3,10.0,Moderately Old,2534.0,0,1,0,0,0,1,165,"28.4003° N, 77.0975° E",28.4003,77.0975
3334,flat,dlf express greens,manesar,1.5,6359.0,4,5,3+,10.0,New Property,2135.0,0,1,0,0,0,0,32,"28.3515° N, 76.9428° E",28.3515,76.9428
3335,house,independent,sector 12,1.7,9444.0,3,3,0,1.0,Old Property,200.0,0,0,0,0,0,0,0,"28.4723° N, 77.0320° E",28.4723,77.032
3336,house,unitech palms south city 1,sector 41,9.25,28549.0,9,9,3+,4.0,Old Property,5000.0,1,1,1,1,0,1,65,"28.4557° N, 77.0632° E",28.4557,77.0632
3337,house,independent,sector 50,10.56,32593.0,5,5,3,3.0,Old Property,3240.0,0,1,0,0,0,0,20,"28.4178° N, 77.0628° E",28.4178,77.0628
3338,flat,shapoorji pallonji joyville gurugram,sector 102,1.35,9934.0,2,2,2,9.0,Moderately Old,1230.0,0,0,0,0,0,0,100,"28.4750° N, 76.9715° E",28.475,76.9715
3339,flat,smriti apartment,sector 56,0.6,10000.0,1,1,1,2.0,Old Property,543.0,0,0,0,0,0,0,49,"28.4245° N, 77.0991° E",28.4245,77.0991
3340,flat,tulip orange,sector 70,1.0,10309.0,3,2,2,3.0,Moderately Old,1078.0,0,0,0,0,0,0,58,"28.3968° N, 77.0233° E",28.3968,77.0233
3341,flat,sobha city,sector 108,2.5,14611.0,3,3,2,19.0,New Property,1480.0,0,0,0,0,0,0,166,"28.5134° N, 76.9830° E",28.5134,76.983
3342,flat,emaar mgf the palm drive,sector 66,1.51,15130.0,2,2,2,5.0,Moderately Old,1188.0,0,0,0,1,0,1,82,"28.3925° N, 77.0541° E",28.3925,77.0541
3343,flat,pioneer urban presidia,sector 62,7.15,16486.0,4,5,3+,7.0,Moderately Old,3925.0,1,1,1,0,0,1,158,"28.4139° N, 77.0886° E",28.4139,77.0886
3344,flat,kanchanjanga tower,sector 56,1.45,7632.0,3,3,3+,2.0,Old Property,1719.0,0,0,0,0,0,1,126,"28.4245° N, 77.0991° E",28.4245,77.0991
3345,flat,godrej,sector 79,1.3,8270.0,2,2,3,3.0,New Property,1423.0,1,0,0,0,0,0,49,"28.3624° N, 76.9787° E",28.3624,76.9787
3346,flat,godrej nature plus,sector 33,1.2,13363.0,2,2,0,11.0,Under Construction,85.0,0,0,0,0,0,0,56,"28.4420° N, 77.0207° E",28.442,77.0207
3347,flat,dhoot time residency,sector 63,3.0,18270.0,3,3,3+,14.0,Moderately Old,1642.0,0,1,0,0,0,1,0,"28.3971° N, 77.0867° E",28.3971,77.0867
3348,flat,cghs airport apartment,sector 47,1.65,7857.0,3,3,3,1.0,Old Property,1906.0,0,0,0,0,1,1,136,"28.4276° N, 77.0492° E",28.4276,77.0492
3349,flat,emaar mgf emerald estate,sector 65,1.73,12401.0,3,3,3,9.0,Moderately Old,1262.0,0,1,0,0,0,2,159,"28.4030° N, 77.0690° E",28.403,77.069
3350,flat,supertech araville,sector 79,0.71,6063.0,2,2,3+,17.0,New Property,1280.0,0,0,0,0,1,0,53,"28.3624° N, 76.9787° E",28.3624,76.9787
3351,flat,umang winter hills,sector 77,1.0,7502.0,2,2,2,3.0,New Property,1489.0,0,0,0,0,0,0,74,"28.3801° N, 76.9845° E",28.3801,76.9845
3352,flat,green court,sector 90,0.4,6390.0,2,2,1,8.0,New Property,575.0,0,0,0,0,0,0,20,"28.4085° N, 76.9369° E",28.4085,76.9369
3353,house,nitin vihar,sector 33,0.85,9444.0,3,2,0,1.0,Moderately Old,900.0,0,0,0,0,0,0,15,"28.4420° N, 77.0207° E",28.442,77.0207
3354,flat,tata primanti,sector 72,3.19,12152.0,4,5,3+,20.0,Moderately Old,2376.0,0,1,0,0,0,1,159,"28.4225° N, 77.0211° E",28.4225,77.0211
3355,house,vipul world,sector 48,3.35,5583.0,6,5,3+,3.0,Old Property,6000.0,0,0,0,0,0,0,53,"28.4177° N, 77.0359° E",28.4177,77.0359
3356,flat,breeze global heights,sector 33,0.4,6421.0,2,2,2,4.0,Moderately Old,623.0,0,0,0,0,0,0,0,"28.4420° N, 77.0207° E",28.442,77.0207
3357,flat,vipul lavanya,sector 81,1.28,7175.0,3,3,3,1.0,Moderately Old,1982.0,0,1,0,1,0,1,49,"28.3867° N, 76.9485° E",28.3867,76.9485
3358,flat,ansals duplex flat,sector 2,0.95,7308.0,2,3,2,1.0,Old Property,1444.0,1,0,0,0,0,1,20,"28.5095° N, 77.0320° E",28.5095,77.032
3359,flat,pivotal devaan apartments,sector 84,0.39,6500.0,2,2,0,5.0,Moderately Old,549.0,0,0,0,0,0,0,0,"28.3979° N, 76.9736° E",28.3979,76.9736
3360,flat,tarc maceo,sector 91,1.75,11118.0,4,3,3+,8.0,Moderately Old,2107.0,1,1,1,1,0,0,128,"28.4014° N, 76.9225° E",28.4014,76.9225
3361,flat,ramsons kshitij,sector 95,0.33,3910.0,2,2,1,14.0,New Property,694.0,0,0,0,0,1,1,79,"28.4172° N, 76.9081° E",28.4172,76.9081
3362,flat,signature andour heights,sector 71,0.39,9848.0,1,1,2,1.0,New Property,294.0,0,0,0,0,0,0,0,"28.4104° N, 77.0281° E",28.4104,77.0281
3363,flat,corona optus,sector 37c,1.4,7035.0,3,3,3+,4.0,Moderately Old,1890.0,0,1,0,0,0,0,149,"28.4515° N, 76.9882° E",28.4515,76.9882
3364,flat,bestech park view spa next,sector 67,2.35,12145.0,3,4,3+,14.0,Moderately Old,1751.0,0,1,0,0,0,1,156,"28.3859° N, 77.0608° E",28.3859,77.0608
3365,flat,bajrang apartments,sector 6,0.38,4471.0,2,2,2,1.0,Moderately Old,944.0,0,0,0,0,0,0,0,"28.4745° N, 77.0262° E",28.4745,77.0262
3366,house,independent,sector 28,11.75,41315.0,4,5,3+,4.0,Moderately Old,2844.0,1,1,1,0,0,1,54,"28.4728° N, 77.0865° E",28.4728,77.0865
3367,flat,dlf new town heights,sector 86,1.28,8205.0,3,4,3+,12.0,Moderately Old,1740.0,0,1,0,1,0,0,96,"28.3986° N, 76.9384° E",28.3986,76.9384
3368,house,independent,sector 28,9.0,27778.0,6,7,3+,3.0,Old Property,3240.0,1,1,1,1,0,0,67,"28.4728° N, 77.0865° E",28.4728,77.0865
3369,flat,parsvnath exotica,sector 53,6.5,19174.0,4,5,3+,10.0,Moderately Old,3000.0,1,1,0,1,0,1,174,"28.4433° N, 77.0948° E",28.4433,77.0948
3370,flat,conscient elevate,sector 59,6.75,19882.0,4,4,2,10.0,New Property,2567.0,0,1,0,0,0,0,31,"28.4051° N, 77.1097° E",28.4051,77.1097
3371,flat,mrg skyline,sector 106,1.82,13392.0,3,2,2,4.0,Moderately Old,1359.0,0,0,0,0,0,0,0,"28.5007° N, 77.0003° E",28.5007,77.0003
3372,flat,shree vardhman victoria,sector 70,1.64,8410.0,3,5,3,8.0,Moderately Old,1527.0,0,1,0,0,0,0,126,"28.3968° N, 77.0233° E",28.3968,77.0233
3373,flat,godrej nature plus,sector 33,1.45,15659.0,3,2,3+,20.0,Under Construction,118.0,1,0,0,0,0,0,144,"28.4420° N, 77.0207° E",28.442,77.0207
3374,flat,ss the leaf,sector 85,1.84,7641.0,3,4,3,8.0,Moderately Old,2026.0,0,0,0,1,0,0,158,"28.4042° N, 76.9513° E",28.4042,76.9513
3375,flat,emaar mgf emerald estate,sector 65,1.3,20602.0,2,2,2,7.0,Moderately Old,812.0,1,0,0,0,0,0,78,"28.4030° N, 77.0690° E",28.403,77.069
3376,flat,kendriya vihar,sector 56,0.47,7769.0,1,1,1,3.0,Old Property,672.0,0,0,0,0,0,1,52,"28.4245° N, 77.0991° E",28.4245,77.0991
3377,flat,bestech park view residency,sector 2,1.51,7889.0,3,4,3+,8.0,Moderately Old,1738.0,0,1,0,0,0,0,92,"28.5095° N, 77.0320° E",28.5095,77.032
3378,house,independent,sector 43,1.9,3909.0,3,3,3+,3.0,Old Property,60.0,0,0,0,0,0,2,0,"28.4629° N, 77.0772° E",28.4629,77.0772
3379,flat,raheja vedaanta,sector 108,0.65,4762.0,2,2,2,5.0,Moderately Old,1235.0,0,0,0,1,0,1,174,"28.5134° N, 76.9830° E",28.5134,76.983
3380,house,independent,sector 11,0.44,4251.0,3,2,1,1.0,Moderately Old,128.0,0,0,0,1,1,0,46,"28.4531° N, 77.0202° E",28.4531,77.0202
3381,flat,dlf wellington estate,sector 43,2.09,14615.0,3,3,2,11.0,Old Property,1294.0,0,0,0,0,0,1,79,"28.4629° N, 77.0772° E",28.4629,77.0772
3382,flat,bptp terra,sector 37d,1.79,8981.0,4,3,3,15.0,Moderately Old,1808.0,0,0,0,0,1,1,37,"28.4478° N, 76.9703° E",28.4478,76.9703
3383,flat,signature global city 92,sector 92,0.99,6622.0,3,2,3,1.0,New Property,1661.0,0,0,0,0,1,0,37,"28.4079° N, 76.9153° E",28.4079,76.9153
3384,flat,sare homes,sector 92,0.58,4099.0,3,3,3,3.0,New Property,1281.0,0,0,0,0,0,0,54,"28.4079° N, 76.9153° E",28.4079,76.9153
3385,flat,umang winter hills,sector 77,0.75,5589.0,2,2,2,7.0,Moderately Old,1180.0,0,0,0,0,0,1,174,"28.3801° N, 76.9845° E",28.3801,76.9845
